board,指标,社区,点数,占比
安全韧性底线,存在结构安全隐患的住宅数量（栋）,二马路社区,17,0.4048
安全韧性底线,存在结构安全隐患的住宅数量（栋）,新隆康路社区,8,0.1905
安全韧性底线,存在结构安全隐患的住宅数量（栋）,桃花岭社区,4,0.0952
安全韧性底线,存在结构安全隐患的住宅数量（栋）,小林园社区,3,0.0714
安全韧性底线,存在结构安全隐患的住宅数量（栋）,环城东路社区,3,0.0714
安全韧性底线,存在结构安全隐患的住宅数量（栋）,艾家嘴社区,2,0.0476
安全韧性底线,存在结构安全隐患的住宅数量（栋）,四方堰社区,2,0.0476
安全韧性底线,存在结构安全隐患的住宅数量（栋）,白马山社区,1,0.0238
安全韧性底线,存在结构安全隐患的住宅数量（栋）,北山坡社区,1,0.0238
安全韧性底线,存在结构安全隐患的住宅数量（栋）,港务社区,1,0.0238
安全韧性底线,存在围护安全隐患的住宅数量（栋）,西峡社区,42,0.0925
安全韧性底线,存在围护安全隐患的住宅数量（栋）,金安岭社区,40,0.0881
安全韧性底线,存在围护安全隐患的住宅数量（栋）,镇境山社区,30,0.0661
安全韧性底线,存在围护安全隐患的住宅数量（栋）,深圳路社区,30,0.0661
安全韧性底线,存在围护安全隐患的住宅数量（栋）,幸福路社区,30,0.0661
安全韧性底线,存在围护安全隐患的住宅数量（栋）,新隆康路社区,20,0.0441
安全韧性底线,存在围护安全隐患的住宅数量（栋）,合益路社区,18,0.0396
安全韧性底线,存在围护安全隐患的住宅数量（栋）,环城东路社区,16,0.0352
安全韧性底线,存在围护安全隐患的住宅数量（栋）,果园路社区,15,0.033
安全韧性底线,存在围护安全隐患的住宅数量（栋）,肖家岗社区,14,0.0308
安全韧性底线,存在围护安全隐患的住宅数量（栋）,常家湾社区,12,0.0264
安全韧性底线,存在围护安全隐患的住宅数量（栋）,东湖社区,11,0.0242
安全韧性底线,存在围护安全隐患的住宅数量（栋）,清波路社区,10,0.022
安全韧性底线,存在围护安全隐患的住宅数量（栋）,夷陵路社区,10,0.022
安全韧性底线,存在围护安全隐患的住宅数量（栋）,赵家湾社区,10,0.022
安全韧性底线,存在围护安全隐患的住宅数量（栋）,香锦社区,10,0.022
安全韧性底线,存在围护安全隐患的住宅数量（栋）,桃花岭社区,10,0.022
安全韧性底线,存在围护安全隐患的住宅数量（栋）,镇平路社区,9,0.0198
安全韧性底线,存在围护安全隐患的住宅数量（栋）,土街头社区,8,0.0176
安全韧性底线,存在围护安全隐患的住宅数量（栋）,桥北社区,7,0.0154
安全韧性底线,存在围护安全隐患的住宅数量（栋）,丫口社区,7,0.0154
安全韧性底线,存在围护安全隐患的住宅数量（栋）,刘家大堰社区,6,0.0132
安全韧性底线,存在围护安全隐患的住宅数量（栋）,绿萝路社区,6,0.0132
安全韧性底线,存在围护安全隐患的住宅数量（栋）,胜利四路社区,5,0.011
安全韧性底线,存在围护安全隐患的住宅数量（栋）,汕头路社区,5,0.011
安全韧性底线,存在围护安全隐患的住宅数量（栋）,光明路社区,4,0.0088
安全韧性底线,存在围护安全隐患的住宅数量（栋）,中书街社区,4,0.0088
安全韧性底线,存在围护安全隐患的住宅数量（栋）,朝阳路社区,4,0.0088
安全韧性底线,存在围护安全隐患的住宅数量（栋）,叶家坝社区,4,0.0088
安全韧性底线,存在围护安全隐患的住宅数量（栋）,二马路社区,4,0.0088
安全韧性底线,存在围护安全隐患的住宅数量（栋）,城东社区,4,0.0088
安全韧性底线,存在围护安全隐患的住宅数量（栋）,夜明珠社区,4,0.0088
安全韧性底线,存在围护安全隐患的住宅数量（栋）,东艳路社区,4,0.0088
安全韧性底线,存在围护安全隐患的住宅数量（栋）,韩家坝社区,3,0.0066
安全韧性底线,存在围护安全隐患的住宅数量（栋）,王家河社区,3,0.0066
安全韧性底线,存在围护安全隐患的住宅数量（栋）,黄河路社区,3,0.0066
安全韧性底线,存在围护安全隐患的住宅数量（栋）,宝联社区,3,0.0066
安全韧性底线,存在围护安全隐患的住宅数量（栋）,白马山社区,3,0.0066
安全韧性底线,存在围护安全隐患的住宅数量（栋）,学堂湾社区,2,0.0044
安全韧性底线,存在围护安全隐患的住宅数量（栋）,杨岔路社区,2,0.0044
安全韧性底线,存在围护安全隐患的住宅数量（栋）,英雄山社区,2,0.0044
安全韧性底线,存在围护安全隐患的住宅数量（栋）,桔城路社区,2,0.0044
安全韧性底线,存在围护安全隐患的住宅数量（栋）,石子岭社区,2,0.0044
安全韧性底线,存在围护安全隐患的住宅数量（栋）,铁路坝社区,2,0.0044
安全韧性底线,存在围护安全隐患的住宅数量（栋）,张家坡社区,1,0.0022
安全韧性底线,存在围护安全隐患的住宅数量（栋）,山河园路社区,1,0.0022
安全韧性底线,存在围护安全隐患的住宅数量（栋）,北山坡社区,1,0.0022
安全韧性底线,存在围护安全隐患的住宅数量（栋）,珠海路社区,1,0.0022
安全韧性底线,存在围护安全隐患的住宅数量（栋）,青岛路社区,1,0.0022
安全韧性底线,存在围护安全隐患的住宅数量（栋）,长江社区,1,0.0022
安全韧性底线,存在围护安全隐患的住宅数量（栋）,尚书巷社区,1,0.0022
安全韧性底线,存在围护安全隐患的住宅数量（栋）,长樵溪社区,1,0.0022
安全韧性底线,存在围护安全隐患的住宅数量（栋）,环城北路社区,1,0.0022
安全韧性底线,存在围护安全隐患的住宅数量（栋）,港务社区,1,0.0022
安全韧性底线,存在围护安全隐患的住宅数量（栋）,翁家堰社区,1,0.0022
安全韧性底线,存在围护安全隐患的住宅数量（栋）,八一路社区,1,0.0022
安全韧性底线,存在围护安全隐患的住宅数量（栋）,体育场路社区,1,0.0022
安全韧性底线,存在围护安全隐患的住宅数量（栋）,金家台社区,1,0.0022
安全韧性底线,存在楼道安全隐患的住宅数量（栋）,深圳路社区,30,0.125
安全韧性底线,存在楼道安全隐患的住宅数量（栋）,西峡社区,25,0.1042
安全韧性底线,存在楼道安全隐患的住宅数量（栋）,东门外正街社区,22,0.0917
安全韧性底线,存在楼道安全隐患的住宅数量（栋）,镇境山社区,16,0.0667
安全韧性底线,存在楼道安全隐患的住宅数量（栋）,王家河社区,14,0.0583
安全韧性底线,存在楼道安全隐患的住宅数量（栋）,金安岭社区,14,0.0583
安全韧性底线,存在楼道安全隐患的住宅数量（栋）,绿萝路社区,13,0.0542
安全韧性底线,存在楼道安全隐患的住宅数量（栋）,幸福路社区,13,0.0542
安全韧性底线,存在楼道安全隐患的住宅数量（栋）,桔城路社区,12,0.05
安全韧性底线,存在楼道安全隐患的住宅数量（栋）,新隆康路社区,11,0.0458
安全韧性底线,存在楼道安全隐患的住宅数量（栋）,丫口社区,7,0.0292
安全韧性底线,存在楼道安全隐患的住宅数量（栋）,东湖社区,6,0.025
安全韧性底线,存在楼道安全隐患的住宅数量（栋）,桥北社区,6,0.025
安全韧性底线,存在楼道安全隐患的住宅数量（栋）,胜利二路社区,6,0.025
安全韧性底线,存在楼道安全隐患的住宅数量（栋）,汕头路社区,5,0.0208
安全韧性底线,存在楼道安全隐患的住宅数量（栋）,苏家榜社区,4,0.0167
安全韧性底线,存在楼道安全隐患的住宅数量（栋）,韩家坝社区,4,0.0167
安全韧性底线,存在楼道安全隐患的住宅数量（栋）,清波路社区,4,0.0167
安全韧性底线,存在楼道安全隐患的住宅数量（栋）,体育场路社区,3,0.0125
安全韧性底线,存在楼道安全隐患的住宅数量（栋）,船柴社区,3,0.0125
安全韧性底线,存在楼道安全隐患的住宅数量（栋）,镇平路社区,3,0.0125
安全韧性底线,存在楼道安全隐患的住宅数量（栋）,墨池巷社区,2,0.0083
安全韧性底线,存在楼道安全隐患的住宅数量（栋）,尚书巷社区,2,0.0083
安全韧性底线,存在楼道安全隐患的住宅数量（栋）,铁路坝社区,2,0.0083
安全韧性底线,存在楼道安全隐患的住宅数量（栋）,北山坡社区,2,0.0083
安全韧性底线,存在楼道安全隐患的住宅数量（栋）,朝阳路社区,1,0.0042
安全韧性底线,存在楼道安全隐患的住宅数量（栋）,桃花岭社区,1,0.0042
安全韧性底线,存在楼道安全隐患的住宅数量（栋）,金家台社区,1,0.0042
安全韧性底线,存在楼道安全隐患的住宅数量（栋）,珠海路社区,1,0.0042
安全韧性底线,存在楼道安全隐患的住宅数量（栋）,土街头社区,1,0.0042
安全韧性底线,存在楼道安全隐患的住宅数量（栋）,光明路社区,1,0.0042
安全韧性底线,存在楼道安全隐患的住宅数量（栋）,樵湖岭社区,1,0.0042
安全韧性底线,存在楼道安全隐患的住宅数量（栋）,山庄路社区,1,0.0042
安全韧性底线,存在楼道安全隐患的住宅数量（栋）,二马路社区,1,0.0042
安全韧性底线,存在楼道安全隐患的住宅数量（栋）,赵家湾社区,1,0.0042
安全韧性底线,存在楼道安全隐患的住宅数量（栋）,果园路社区,1,0.0042
安全韧性底线,存在燃气安全隐患的住宅数量（栋）,幸福路社区,2,0.3333
安全韧性底线,存在燃气安全隐患的住宅数量（栋）,墨池巷社区,2,0.3333
安全韧性底线,存在燃气安全隐患的住宅数量（栋）,新隆康路社区,2,0.3333
安全韧性底线,存在管线管道破损的住宅数量（栋）,镇境山社区,21,0.1129
安全韧性底线,存在管线管道破损的住宅数量（栋）,金安岭社区,19,0.1022
安全韧性底线,存在管线管道破损的住宅数量（栋）,深圳路社区,18,0.0968
安全韧性底线,存在管线管道破损的住宅数量（栋）,西峡社区,15,0.0806
安全韧性底线,存在管线管道破损的住宅数量（栋）,刘家大堰社区,14,0.0753
安全韧性底线,存在管线管道破损的住宅数量（栋）,丫口社区,13,0.0699
安全韧性底线,存在管线管道破损的住宅数量（栋）,果园路社区,9,0.0484
安全韧性底线,存在管线管道破损的住宅数量（栋）,樵湖岭社区,9,0.0484
安全韧性底线,存在管线管道破损的住宅数量（栋）,新隆康路社区,6,0.0323
安全韧性底线,存在管线管道破损的住宅数量（栋）,桔城路社区,6,0.0323
安全韧性底线,存在管线管道破损的住宅数量（栋）,韩家坝社区,4,0.0215
安全韧性底线,存在管线管道破损的住宅数量（栋）,石子岭社区,4,0.0215
安全韧性底线,存在管线管道破损的住宅数量（栋）,桥北社区,4,0.0215
安全韧性底线,存在管线管道破损的住宅数量（栋）,苏家榜社区,4,0.0215
安全韧性底线,存在管线管道破损的住宅数量（栋）,汕头路社区,4,0.0215
安全韧性底线,存在管线管道破损的住宅数量（栋）,城东社区,4,0.0215
安全韧性底线,存在管线管道破损的住宅数量（栋）,香锦社区,3,0.0161
安全韧性底线,存在管线管道破损的住宅数量（栋）,幸福路社区,3,0.0161
安全韧性底线,存在管线管道破损的住宅数量（栋）,二马路社区,3,0.0161
安全韧性底线,存在管线管道破损的住宅数量（栋）,环城东路社区,2,0.0108
安全韧性底线,存在管线管道破损的住宅数量（栋）,朝阳路社区,2,0.0108
安全韧性底线,存在管线管道破损的住宅数量（栋）,长江社区,2,0.0108
安全韧性底线,存在管线管道破损的住宅数量（栋）,赵家湾社区,2,0.0108
安全韧性底线,存在管线管道破损的住宅数量（栋）,常家湾社区,2,0.0108
安全韧性底线,存在管线管道破损的住宅数量（栋）,镇平路社区,2,0.0108
安全韧性底线,存在管线管道破损的住宅数量（栋）,绿萝路社区,2,0.0108
安全韧性底线,存在管线管道破损的住宅数量（栋）,光明路社区,1,0.0054
安全韧性底线,存在管线管道破损的住宅数量（栋）,清波路社区,1,0.0054
安全韧性底线,存在管线管道破损的住宅数量（栋）,气象台社区,1,0.0054
安全韧性底线,存在管线管道破损的住宅数量（栋）,学堂湾社区,1,0.0054
安全韧性底线,存在管线管道破损的住宅数量（栋）,中书街社区,1,0.0054
安全韧性底线,存在管线管道破损的住宅数量（栋）,杨岔路社区,1,0.0054
安全韧性底线,存在管线管道破损的住宅数量（栋）,大学路社区,1,0.0054
安全韧性底线,存在管线管道破损的住宅数量（栋）,北山坡社区,1,0.0054
安全韧性底线,存在管线管道破损的住宅数量（栋）,胜利四路社区,1,0.0054
民生基础需求,停车泊位缺口数（个）,营盘路社区,10,0.0714
民生基础需求,停车泊位缺口数（个）,铁路坝社区,8,0.0571
民生基础需求,停车泊位缺口数（个）,香锦社区,8,0.0571
民生基础需求,停车泊位缺口数（个）,赵家湾社区,7,0.05
民生基础需求,停车泊位缺口数（个）,体育场路社区,6,0.0429
民生基础需求,停车泊位缺口数（个）,东门外正街社区,6,0.0429
民生基础需求,停车泊位缺口数（个）,深圳路社区,5,0.0357
民生基础需求,停车泊位缺口数（个）,常家湾社区,5,0.0357
民生基础需求,停车泊位缺口数（个）,幸福路社区,5,0.0357
民生基础需求,停车泊位缺口数（个）,樵湖岭社区,4,0.0286
民生基础需求,停车泊位缺口数（个）,绿萝路社区,4,0.0286
民生基础需求,停车泊位缺口数（个）,金安岭社区,3,0.0214
民生基础需求,停车泊位缺口数（个）,镇平路社区,3,0.0214
民生基础需求,停车泊位缺口数（个）,北山坡社区,3,0.0214
民生基础需求,停车泊位缺口数（个）,刘家大堰社区,3,0.0214
民生基础需求,停车泊位缺口数（个）,桃花岭社区,3,0.0214
民生基础需求,停车泊位缺口数（个）,青岛路社区,3,0.0214
民生基础需求,停车泊位缺口数（个）,伍临路社区,2,0.0143
民生基础需求,停车泊位缺口数（个）,镇境山社区,2,0.0143
民生基础需求,停车泊位缺口数（个）,果园路社区,2,0.0143
民生基础需求,停车泊位缺口数（个）,胜利四路社区,2,0.0143
民生基础需求,停车泊位缺口数（个）,长樵溪社区,2,0.0143
民生基础需求,停车泊位缺口数（个）,韩家坝社区,2,0.0143
民生基础需求,停车泊位缺口数（个）,桥北社区,2,0.0143
民生基础需求,停车泊位缺口数（个）,西峡社区,2,0.0143
民生基础需求,停车泊位缺口数（个）,珠海路社区,2,0.0143
民生基础需求,停车泊位缺口数（个）,杨岔路社区,2,0.0143
民生基础需求,停车泊位缺口数（个）,大学路社区,2,0.0143
民生基础需求,停车泊位缺口数（个）,港务社区,1,0.0071
民生基础需求,停车泊位缺口数（个）,山庄路社区,1,0.0071
民生基础需求,停车泊位缺口数（个）,船柴社区,1,0.0071
民生基础需求,停车泊位缺口数（个）,土街头社区,1,0.0071
民生基础需求,停车泊位缺口数（个）,汕头路社区,1,0.0071
民生基础需求,停车泊位缺口数（个）,王家河社区,1,0.0071
民生基础需求,停车泊位缺口数（个）,朝阳路社区,1,0.0071
民生基础需求,停车泊位缺口数（个）,望洲社区,1,0.0071
民生基础需求,停车泊位缺口数（个）,环城东路社区,1,0.0071
民生基础需求,停车泊位缺口数（个）,夷陵路社区,1,0.0071
民生基础需求,停车泊位缺口数（个）,上导堤社区,1,0.0071
民生基础需求,停车泊位缺口数（个）,东山花园社区,1,0.0071
民生基础需求,停车泊位缺口数（个）,学堂湾社区,1,0.0071
民生基础需求,停车泊位缺口数（个）,新隆康路社区,1,0.0071
民生基础需求,停车泊位缺口数（个）,气象台社区,1,0.0071
民生基础需求,停车泊位缺口数（个）,长江社区,1,0.0071
民生基础需求,停车泊位缺口数（个）,古塔社区,1,0.0071
民生基础需求,停车泊位缺口数（个）,丫口社区,1,0.0071
民生基础需求,停车泊位缺口数（个）,白马山社区,1,0.0071
民生基础需求,停车泊位缺口数（个）,城东社区,1,0.0071
民生基础需求,停车泊位缺口数（个）,肖家岗社区,1,0.0071
民生基础需求,停车泊位缺口数（个）,解放路社区,1,0.0071
民生基础需求,停车泊位缺口数（个）,光明路社区,1,0.0071
民生基础需求,停车泊位缺口数（个）,南苑社区,1,0.0071
民生基础需求,停车泊位缺口数（个）,胜利二路社区,1,0.0071
民生基础需求,停车泊位缺口数（个）,平湖馨苑社区,1,0.0071
民生基础需求,停车泊位缺口数（个）,合益路社区,1,0.0071
民生基础需求,停车泊位缺口数（个）,苏家榜社区,1,0.0071
民生基础需求,停车泊位缺口数（个）,江山社区,1,0.0071
民生基础需求,停车泊位缺口数（个）,二马路社区,1,0.0071
民生基础需求,停车泊位缺口数（个）,四方堰社区,1,0.0071
民生基础需求,停车泊位缺口数（个）,山河园路社区,1,0.0071
民生基础需求,小学学位缺口数（个）,金安岭社区,1,0.0323
民生基础需求,小学学位缺口数（个）,东山花园社区,1,0.0323
民生基础需求,小学学位缺口数（个）,南苑社区,1,0.0323
民生基础需求,小学学位缺口数（个）,东艳路社区,1,0.0323
民生基础需求,小学学位缺口数（个）,胡家冲社区,1,0.0323
民生基础需求,小学学位缺口数（个）,岳湾路社区,1,0.0323
民生基础需求,小学学位缺口数（个）,王家河社区,1,0.0323
民生基础需求,小学学位缺口数（个）,沈家店社区,1,0.0323
民生基础需求,小学学位缺口数（个）,解放路社区,1,0.0323
民生基础需求,小学学位缺口数（个）,唐家湾社区,1,0.0323
民生基础需求,小学学位缺口数（个）,英雄山社区,1,0.0323
民生基础需求,小学学位缺口数（个）,八一路社区,1,0.0323
民生基础需求,小学学位缺口数（个）,宝联社区,1,0.0323
民生基础需求,小学学位缺口数（个）,香锦社区,1,0.0323
民生基础需求,小学学位缺口数（个）,二马路社区,1,0.0323
民生基础需求,小学学位缺口数（个）,沙河社区,1,0.0323
民生基础需求,小学学位缺口数（个）,樵湖岭社区,1,0.0323
民生基础需求,小学学位缺口数（个）,李家湖社区,1,0.0323
民生基础需求,小学学位缺口数（个）,体育场路社区,1,0.0323
民生基础需求,小学学位缺口数（个）,枫香树社区,1,0.0323
民生基础需求,小学学位缺口数（个）,刘家大堰社区,1,0.0323
民生基础需求,小学学位缺口数（个）,营盘路社区,1,0.0323
民生基础需求,小学学位缺口数（个）,珠海路社区,1,0.0323
民生基础需求,小学学位缺口数（个）,桥北社区,1,0.0323
民生基础需求,小学学位缺口数（个）,汕头路社区,1,0.0323
民生基础需求,小学学位缺口数（个）,气象台社区,1,0.0323
民生基础需求,小学学位缺口数（个）,四方堰社区,1,0.0323
民生基础需求,小学学位缺口数（个）,东湖社区,1,0.0323
民生基础需求,小学学位缺口数（个）,桃花岭社区,1,0.0323
民生基础需求,小学学位缺口数（个）,镇境山社区,1,0.0323
民生基础需求,小学学位缺口数（个）,花艳社区,1,0.0323
民生基础需求,新能源汽车充电桩缺口数（个）,营盘路社区,8,0.0952
民生基础需求,新能源汽车充电桩缺口数（个）,铁路坝社区,8,0.0952
民生基础需求,新能源汽车充电桩缺口数（个）,幸福路社区,6,0.0714
民生基础需求,新能源汽车充电桩缺口数（个）,常家湾社区,5,0.0595
民生基础需求,新能源汽车充电桩缺口数（个）,东门外正街社区,4,0.0476
民生基础需求,新能源汽车充电桩缺口数（个）,桥北社区,4,0.0476
民生基础需求,新能源汽车充电桩缺口数（个）,桃花岭社区,4,0.0476
民生基础需求,新能源汽车充电桩缺口数（个）,体育场路社区,3,0.0357
民生基础需求,新能源汽车充电桩缺口数（个）,镇境山社区,3,0.0357
民生基础需求,新能源汽车充电桩缺口数（个）,绿萝路社区,3,0.0357
民生基础需求,新能源汽车充电桩缺口数（个）,西峡社区,3,0.0357
民生基础需求,新能源汽车充电桩缺口数（个）,朝阳路社区,2,0.0238
民生基础需求,新能源汽车充电桩缺口数（个）,果园路社区,2,0.0238
民生基础需求,新能源汽车充电桩缺口数（个）,胜利四路社区,2,0.0238
民生基础需求,新能源汽车充电桩缺口数（个）,大学路社区,2,0.0238
民生基础需求,新能源汽车充电桩缺口数（个）,望洲社区,1,0.0119
民生基础需求,新能源汽车充电桩缺口数（个）,山庄路社区,1,0.0119
民生基础需求,新能源汽车充电桩缺口数（个）,二马路社区,1,0.0119
民生基础需求,新能源汽车充电桩缺口数（个）,樵湖岭社区,1,0.0119
民生基础需求,新能源汽车充电桩缺口数（个）,杨岔路社区,1,0.0119
民生基础需求,新能源汽车充电桩缺口数（个）,黄河路社区,1,0.0119
民生基础需求,新能源汽车充电桩缺口数（个）,镇平路社区,1,0.0119
民生基础需求,新能源汽车充电桩缺口数（个）,气象台社区,1,0.0119
民生基础需求,新能源汽车充电桩缺口数（个）,白沙路社区,1,0.0119
民生基础需求,新能源汽车充电桩缺口数（个）,王家河社区,1,0.0119
民生基础需求,新能源汽车充电桩缺口数（个）,刘家大堰社区,1,0.0119
民生基础需求,新能源汽车充电桩缺口数（个）,夷陵路社区,1,0.0119
民生基础需求,新能源汽车充电桩缺口数（个）,四方堰社区,1,0.0119
民生基础需求,新能源汽车充电桩缺口数（个）,伍临路社区,1,0.0119
民生基础需求,新能源汽车充电桩缺口数（个）,苏家榜社区,1,0.0119
民生基础需求,新能源汽车充电桩缺口数（个）,肖家岗社区,1,0.0119
民生基础需求,新能源汽车充电桩缺口数（个）,环城东路社区,1,0.0119
民生基础需求,新能源汽车充电桩缺口数（个）,峡州社区,1,0.0119
民生基础需求,新能源汽车充电桩缺口数（个）,韩家坝社区,1,0.0119
民生基础需求,新能源汽车充电桩缺口数（个）,土街头社区,1,0.0119
民生基础需求,新能源汽车充电桩缺口数（个）,上导堤社区,1,0.0119
民生基础需求,新能源汽车充电桩缺口数（个）,南苑社区,1,0.0119
民生基础需求,新能源汽车充电桩缺口数（个）,深圳路社区,1,0.0119
民生基础需求,新能源汽车充电桩缺口数（个）,古塔社区,1,0.0119
民生基础需求,新能源汽车充电桩缺口数（个）,北山坡社区,1,0.0119
民生基础需求,未达标配建养老服务设施的小区数量（个）,夷陵路社区,1,0.5
民生基础需求,未达标配建养老服务设施的小区数量（个）,赵家湾社区,1,0.5
民生基础需求,未达标配建婴幼儿照护服务设施的小区数量（个）,长樵溪社区,5,0.1471
民生基础需求,未达标配建婴幼儿照护服务设施的小区数量（个）,甲街社区,5,0.1471
民生基础需求,未达标配建婴幼儿照护服务设施的小区数量（个）,叶家坝社区,3,0.0882
民生基础需求,未达标配建婴幼儿照护服务设施的小区数量（个）,三峡物流园社区,2,0.0588
民生基础需求,未达标配建婴幼儿照护服务设施的小区数量（个）,平湖馨苑社区,1,0.0294
民生基础需求,未达标配建婴幼儿照护服务设施的小区数量（个）,解放路社区,1,0.0294
民生基础需求,未达标配建婴幼儿照护服务设施的小区数量（个）,共勤村,1,0.0294
民生基础需求,未达标配建婴幼儿照护服务设施的小区数量（个）,深圳路社区,1,0.0294
民生基础需求,未达标配建婴幼儿照护服务设施的小区数量（个）,徐家坝社区,1,0.0294
民生基础需求,未达标配建婴幼儿照护服务设施的小区数量（个）,朝阳路社区,1,0.0294
民生基础需求,未达标配建婴幼儿照护服务设施的小区数量（个）,学堂湾社区,1,0.0294
民生基础需求,未达标配建婴幼儿照护服务设施的小区数量（个）,白沙路社区,1,0.0294
民生基础需求,未达标配建婴幼儿照护服务设施的小区数量（个）,上导堤社区,1,0.0294
民生基础需求,未达标配建婴幼儿照护服务设施的小区数量（个）,沈家店社区,1,0.0294
民生基础需求,未达标配建婴幼儿照护服务设施的小区数量（个）,万达社区,1,0.0294
民生基础需求,未达标配建婴幼儿照护服务设施的小区数量（个）,鑫鼎社区,1,0.0294
民生基础需求,未达标配建婴幼儿照护服务设施的小区数量（个）,伍临路社区,1,0.0294
民生基础需求,未达标配建婴幼儿照护服务设施的小区数量（个）,大堰湾社区,1,0.0294
民生基础需求,未达标配建婴幼儿照护服务设施的小区数量（个）,石子岭社区,1,0.0294
民生基础需求,未达标配建婴幼儿照护服务设施的小区数量（个）,南苑社区,1,0.0294
民生基础需求,未达标配建婴幼儿照护服务设施的小区数量（个）,金安岭社区,1,0.0294
民生基础需求,未达标配建婴幼儿照护服务设施的小区数量（个）,光明路社区,1,0.0294
民生基础需求,未达标配建婴幼儿照护服务设施的小区数量（个）,金巴岭社区,1,0.0294
民生基础需求,未达标配建幼儿园的小区数量（个）,沈家店社区,1,0.0909
民生基础需求,未达标配建幼儿园的小区数量（个）,王家河社区,1,0.0909
民生基础需求,未达标配建幼儿园的小区数量（个）,上导堤社区,1,0.0909
民生基础需求,未达标配建幼儿园的小区数量（个）,白龙井社区,1,0.0909
民生基础需求,未达标配建幼儿园的小区数量（个）,铁路坝社区,1,0.0909
民生基础需求,未达标配建幼儿园的小区数量（个）,金安岭社区,1,0.0909
民生基础需求,未达标配建幼儿园的小区数量（个）,解放路社区,1,0.0909
民生基础需求,未达标配建幼儿园的小区数量（个）,大堰湾社区,1,0.0909
民生基础需求,未达标配建幼儿园的小区数量（个）,临江溪社区,1,0.0909
民生基础需求,未达标配建幼儿园的小区数量（个）,深圳路社区,1,0.0909
民生基础需求,未达标配建幼儿园的小区数量（个）,土街头社区,1,0.0909
民生基础需求,未实施物业管理的小区数量（个）,宝联社区,25,0.0916
民生基础需求,未实施物业管理的小区数量（个）,果园路社区,16,0.0586
民生基础需求,未实施物业管理的小区数量（个）,张家店社区,12,0.044
民生基础需求,未实施物业管理的小区数量（个）,杨岔路社区,12,0.044
民生基础需求,未实施物业管理的小区数量（个）,营盘路社区,10,0.0366
民生基础需求,未实施物业管理的小区数量（个）,建设社区,9,0.033
民生基础需求,未实施物业管理的小区数量（个）,翁家堰社区,8,0.0293
民生基础需求,未实施物业管理的小区数量（个）,城东社区,7,0.0256
民生基础需求,未实施物业管理的小区数量（个）,二马路社区,7,0.0256
民生基础需求,未实施物业管理的小区数量（个）,桃花岭社区,7,0.0256
民生基础需求,未实施物业管理的小区数量（个）,港务社区,7,0.0256
民生基础需求,未实施物业管理的小区数量（个）,小林园社区,6,0.022
民生基础需求,未实施物业管理的小区数量（个）,气象台社区,6,0.022
民生基础需求,未实施物业管理的小区数量（个）,尚书巷社区,5,0.0183
民生基础需求,未实施物业管理的小区数量（个）,夷陵路社区,5,0.0183
民生基础需求,未实施物业管理的小区数量（个）,樵湖岭社区,5,0.0183
民生基础需求,未实施物业管理的小区数量（个）,万达社区,5,0.0183
民生基础需求,未实施物业管理的小区数量（个）,胜利四路社区,5,0.0183
民生基础需求,未实施物业管理的小区数量（个）,新隆康路社区,5,0.0183
民生基础需求,未实施物业管理的小区数量（个）,赵家湾社区,5,0.0183
民生基础需求,未实施物业管理的小区数量（个）,学堂湾社区,4,0.0147
民生基础需求,未实施物业管理的小区数量（个）,伍临路社区,4,0.0147
民生基础需求,未实施物业管理的小区数量（个）,香锦社区,4,0.0147
民生基础需求,未实施物业管理的小区数量（个）,黄河路社区,4,0.0147
民生基础需求,未实施物业管理的小区数量（个）,环城东路社区,4,0.0147
民生基础需求,未实施物业管理的小区数量（个）,丫口社区,4,0.0147
民生基础需求,未实施物业管理的小区数量（个）,王家河社区,4,0.0147
民生基础需求,未实施物业管理的小区数量（个）,桔城路社区,4,0.0147
民生基础需求,未实施物业管理的小区数量（个）,四方堰社区,4,0.0147
民生基础需求,未实施物业管理的小区数量（个）,白沙路社区,4,0.0147
民生基础需求,未实施物业管理的小区数量（个）,幸福路社区,3,0.011
民生基础需求,未实施物业管理的小区数量（个）,白龙井社区,3,0.011
民生基础需求,未实施物业管理的小区数量（个）,桥北社区,3,0.011
民生基础需求,未实施物业管理的小区数量（个）,南苑社区,3,0.011
民生基础需求,未实施物业管理的小区数量（个）,石板溪社区,3,0.011
民生基础需求,未实施物业管理的小区数量（个）,环城北路社区,3,0.011
民生基础需求,未实施物业管理的小区数量（个）,铁路坝社区,3,0.011
民生基础需求,未实施物业管理的小区数量（个）,韩家坝社区,3,0.011
民生基础需求,未实施物业管理的小区数量（个）,夜明珠社区,2,0.0073
民生基础需求,未实施物业管理的小区数量（个）,西峡社区,2,0.0073
民生基础需求,未实施物业管理的小区数量（个）,金家台社区,2,0.0073
民生基础需求,未实施物业管理的小区数量（个）,常家湾社区,2,0.0073
民生基础需求,未实施物业管理的小区数量（个）,石子岭社区,2,0.0073
民生基础需求,未实施物业管理的小区数量（个）,艾家嘴社区,2,0.0073
民生基础需求,未实施物业管理的小区数量（个）,体育场路社区,2,0.0073
民生基础需求,未实施物业管理的小区数量（个）,东门外正街社区,2,0.0073
民生基础需求,未实施物业管理的小区数量（个）,长江社区,2,0.0073
民生基础需求,未实施物业管理的小区数量（个）,上导堤社区,2,0.0073
民生基础需求,未实施物业管理的小区数量（个）,胜利二路社区,2,0.0073
民生基础需求,未实施物业管理的小区数量（个）,清波路社区,1,0.0037
民生基础需求,未实施物业管理的小区数量（个）,绿萝路社区,1,0.0037
民生基础需求,未实施物业管理的小区数量（个）,深圳路社区,1,0.0037
民生基础需求,未实施物业管理的小区数量（个）,镇境山社区,1,0.0037
民生基础需求,未实施物业管理的小区数量（个）,常刘路社区,1,0.0037
民生基础需求,未实施物业管理的小区数量（个）,苏家榜社区,1,0.0037
民生基础需求,未实施物业管理的小区数量（个）,肖家岗社区,1,0.0037
民生基础需求,未实施物业管理的小区数量（个）,中书街社区,1,0.0037
民生基础需求,未实施物业管理的小区数量（个）,龙盘湖社区,1,0.0037
民生基础需求,未实施物业管理的小区数量（个）,山河园路社区,1,0.0037
民生基础需求,未实施物业管理的小区数量（个）,张家坡社区,1,0.0037
民生基础需求,未实施物业管理的小区数量（个）,徐家坝社区,1,0.0037
民生基础需求,未实施物业管理的小区数量（个）,山庄路社区,1,0.0037
民生基础需求,未实施物业管理的小区数量（个）,大堰湾社区,1,0.0037
民生基础需求,未实施物业管理的小区数量（个）,墨池巷社区,1,0.0037
民生基础需求,未实施物业管理的小区数量（个）,镇平路社区,1,0.0037
民生基础需求,未实施物业管理的小区数量（个）,解放路社区,1,0.0037
民生基础需求,未实施物业管理的小区数量（个）,岳湾路社区,1,0.0037
民生基础需求,未实施物业管理的小区数量（个）,北山坡社区,1,0.0037
民生基础需求,未实施物业管理的小区数量（个）,东山花园社区,1,0.0037
民生基础需求,未达标配建公共活动场地的小区数量（个）,长樵溪社区,5,0.1852
民生基础需求,未达标配建公共活动场地的小区数量（个）,南苑社区,5,0.1852
民生基础需求,未达标配建公共活动场地的小区数量（个）,营盘路社区,3,0.1111
民生基础需求,未达标配建公共活动场地的小区数量（个）,清波路社区,2,0.0741
民生基础需求,未达标配建公共活动场地的小区数量（个）,樵湖岭社区,2,0.0741
民生基础需求,未达标配建公共活动场地的小区数量（个）,土街头社区,1,0.037
民生基础需求,未达标配建公共活动场地的小区数量（个）,万达社区,1,0.037
民生基础需求,未达标配建公共活动场地的小区数量（个）,山庄路社区,1,0.037
民生基础需求,未达标配建公共活动场地的小区数量（个）,肖家岗社区,1,0.037
民生基础需求,未达标配建公共活动场地的小区数量（个）,合益路社区,1,0.037
民生基础需求,未达标配建公共活动场地的小区数量（个）,镇境山社区,1,0.037
民生基础需求,未达标配建公共活动场地的小区数量（个）,四方堰社区,1,0.037
民生基础需求,未达标配建公共活动场地的小区数量（个）,东门外正街社区,1,0.037
民生基础需求,未达标配建公共活动场地的小区数量（个）,绿萝路社区,1,0.037
民生基础需求,未达标配建公共活动场地的小区数量（个）,体育场路社区,1,0.037
民生基础需求,未配建电动自行车充电设施的小区数量（个）,香锦社区,6,0.12
民生基础需求,未配建电动自行车充电设施的小区数量（个）,果园路社区,6,0.12
民生基础需求,未配建电动自行车充电设施的小区数量（个）,营盘路社区,5,0.1
民生基础需求,未配建电动自行车充电设施的小区数量（个）,峡州社区,4,0.08
民生基础需求,未配建电动自行车充电设施的小区数量（个）,镇境山社区,3,0.06
民生基础需求,未配建电动自行车充电设施的小区数量（个）,山庄路社区,3,0.06
民生基础需求,未配建电动自行车充电设施的小区数量（个）,新隆康路社区,2,0.04
民生基础需求,未配建电动自行车充电设施的小区数量（个）,杨岔路社区,2,0.04
民生基础需求,未配建电动自行车充电设施的小区数量（个）,大学路社区,2,0.04
民生基础需求,未配建电动自行车充电设施的小区数量（个）,金安岭社区,2,0.04
民生基础需求,未配建电动自行车充电设施的小区数量（个）,体育场路社区,2,0.04
民生基础需求,未配建电动自行车充电设施的小区数量（个）,二马路社区,1,0.02
民生基础需求,未配建电动自行车充电设施的小区数量（个）,肖家岗社区,1,0.02
民生基础需求,未配建电动自行车充电设施的小区数量（个）,环城东路社区,1,0.02
民生基础需求,未配建电动自行车充电设施的小区数量（个）,绿萝路社区,1,0.02
民生基础需求,未配建电动自行车充电设施的小区数量（个）,长樵溪社区,1,0.02
民生基础需求,未配建电动自行车充电设施的小区数量（个）,学堂湾社区,1,0.02
民生基础需求,未配建电动自行车充电设施的小区数量（个）,清波路社区,1,0.02
民生基础需求,未配建电动自行车充电设施的小区数量（个）,桃花岭社区,1,0.02
民生基础需求,未配建电动自行车充电设施的小区数量（个）,樵湖岭社区,1,0.02
民生基础需求,未配建电动自行车充电设施的小区数量（个）,气象台社区,1,0.02
民生基础需求,未配建电动自行车充电设施的小区数量（个）,江山社区,1,0.02
民生基础需求,未配建电动自行车充电设施的小区数量（个）,镇平路社区,1,0.02
民生基础需求,未配建电动自行车充电设施的小区数量（个）,南苑社区,1,0.02
民生基础需求,不达标的步行道长度（千米）,新隆康路社区,4,0.1667
民生基础需求,不达标的步行道长度（千米）,金安岭社区,3,0.125
民生基础需求,不达标的步行道长度（千米）,幸福路社区,3,0.125
民生基础需求,不达标的步行道长度（千米）,深圳路社区,2,0.0833
民生基础需求,不达标的步行道长度（千米）,香锦社区,2,0.0833
民生基础需求,不达标的步行道长度（千米）,桔城路社区,2,0.0833
民生基础需求,不达标的步行道长度（千米）,镇境山社区,1,0.0417
民生基础需求,不达标的步行道长度（千米）,肖家岗社区,1,0.0417
民生基础需求,不达标的步行道长度（千米）,铁路坝社区,1,0.0417
民生基础需求,不达标的步行道长度（千米）,上导堤社区,1,0.0417
民生基础需求,不达标的步行道长度（千米）,四方堰社区,1,0.0417
民生基础需求,不达标的步行道长度（千米）,望洲社区,1,0.0417
民生基础需求,不达标的步行道长度（千米）,常刘路社区,1,0.0417
民生基础需求,不达标的步行道长度（千米）,山庄路社区,1,0.0417
民生基础需求,非成套住宅数量（套）,桥北社区,10,0.3226
民生基础需求,非成套住宅数量（套）,东湖社区,7,0.2258
民生基础需求,非成套住宅数量（套）,镇平路社区,6,0.1935
民生基础需求,非成套住宅数量（套）,丫口社区,2,0.0645
民生基础需求,非成套住宅数量（套）,英雄山社区,2,0.0645
民生基础需求,非成套住宅数量（套）,上导堤社区,1,0.0323
民生基础需求,非成套住宅数量（套）,甲街社区,1,0.0323
民生基础需求,非成套住宅数量（套）,石子岭社区,1,0.0323
民生基础需求,非成套住宅数量（套）,常家湾社区,1,0.0323
民生基础需求,需要进行适老化改造的住宅数量（栋）,深圳路社区,18,0.4615
民生基础需求,需要进行适老化改造的住宅数量（栋）,港务社区,7,0.1795
民生基础需求,需要进行适老化改造的住宅数量（栋）,镇境山社区,3,0.0769
民生基础需求,需要进行适老化改造的住宅数量（栋）,山庄路社区,3,0.0769
民生基础需求,需要进行适老化改造的住宅数量（栋）,新隆康路社区,3,0.0769
民生基础需求,需要进行适老化改造的住宅数量（栋）,苏家榜社区,2,0.0513
民生基础需求,需要进行适老化改造的住宅数量（栋）,西峡社区,2,0.0513
民生基础需求,需要进行适老化改造的住宅数量（栋）,杨岔路社区,1,0.0256
民生基础需求,未达标配建的多功能运动场地数量（个）,环城北路社区,1,0.1667
民生基础需求,未达标配建的多功能运动场地数量（个）,上导堤社区,1,0.1667
民生基础需求,未达标配建的多功能运动场地数量（个）,船柴社区,1,0.1667
民生基础需求,未达标配建的多功能运动场地数量（个）,胜利四路社区,1,0.1667
民生基础需求,未达标配建的多功能运动场地数量（个）,汕头路社区,1,0.1667
民生基础需求,未达标配建的多功能运动场地数量（个）,土门村,1,0.1667
民生基础需求,存在乱停乱放车辆问题的道路数量（条）,柏临河路社区,1,0.2
民生基础需求,存在乱停乱放车辆问题的道路数量（条）,花艳社区,1,0.2
民生基础需求,存在乱停乱放车辆问题的道路数量（条）,竹涛山社区,1,0.2
民生基础需求,存在乱停乱放车辆问题的道路数量（条）,二马路社区,1,0.2
民生基础需求,存在乱停乱放车辆问题的道路数量（条）,峡州社区,1,0.2
