归并类,项目类型,小类,件数
求助-市政设施,市政管网,路灯破损,780
求助-市政设施,市政管网,化粪池满溢,452
求助-市政设施,市政管网,其它井盖破损、缺失、移位,359
求助-市政设施,市政管网,自来水管破裂,334
求助-市政设施,市政管网,水质问题投诉,315
求助-市政设施,市政管网,污水井盖,297
求助-市政设施,市政管网,水压问题投诉,285
求助-市政设施,市政管网,高空线缆问题,243
求助-市政设施,市政管网,消防设施漏水、破损,240
求助-市政设施,市政管网,电线杆问题,191
求助-市政设施,市政管网,排水设施堵塞,184
求助-市政设施,市政管网,电力井盖,137
求助-市政设施,市政管网,污水压力管道破裂,126
求助-市政设施,市政管网,燃气气压问题投诉,103
求助-市政设施,市政管网,雨水井盖,94
求助-市政设施,市政管网,电力设施（变压器、输电塔、电力交接箱）破损,92
求助-市政设施,市政管网,小区线路问题,88
求助-市政设施,市政管网,雨水箅子,59
求助-市政设施,市政管网,景观灯（含地灯、射灯）破损,55
求助-市政设施,市政管网,铁塔问题,50
求助-市政设施,市政管网,线路改造问题,49
求助-市政设施,市政管网,立杆杆体破损、倒伏,46
求助-市政设施,市政管网,杆线下垂,45
求助-市政设施,市政管网,桥梁隧道灯破损,43
求助-市政设施,市政管网,自来水井盖,41
求助-市政设施,市政管网,燃气管道破裂,34
求助-市政设施,市政管网,通讯交接箱破损,27
求助-市政设施,市政管网,通讯井盖,27
求助-市政设施,市政管网,隧道设施破损,25
求助-市政设施,市政管网,水渠破损,22
求助-市政设施,市政管网,路灯井盖,19
求助-市政设施,市政管网,化粪池盖板缺失破裂,14
求助-市政设施,市政管网,城市设施部件不洁,11
求助-市政设施,市政管网,直饮水机破损,9
求助-市政设施,市政管网,健身设施破损,9
求助-市政设施,市政管网,临河、临水标志、警示牌及防护设施破损,9
求助-市政设施,市政管网,报刊、售货亭破损,7
求助-市政设施,市政管网,人防设施破损,6
求助-市政设施,市政管网,燃气井盖,6
求助-市政设施,市政管网,网络井盖,5
求助-市政设施,市政管网,宣传栏破损,5
求助-市政设施,市政管网,慈善衣物捐赠箱破损,2
求助-市政设施,市政管网,岗亭破损,1
求助-公共服务,公服设施,医疗环境投诉,772
求助-公共服务,公服设施,小学入学问题,477
求助-公共服务,公服设施,初中入学问题,247
求助-公共服务,公服设施,幼儿园入园问题,98
求助-公共服务,公服设施,配套幼儿园,25
求助-公共服务,公服设施,自然灾害-积水点,23
求助-公共服务,公服设施,井盖、灭火器等公共设施被盗窃,4
求助-公共服务,公服设施,突发公共事件医疗紧急救援问题,1
求助-环境卫生,环境治理,行道树死株、倒伏、断枝,587
求助-环境卫生,环境治理,生活垃圾清运车辆管理,367
求助-环境卫生,环境治理,路面不洁、积灰、积油,285
求助-环境卫生,环境治理,暴露生活垃圾,281
求助-环境卫生,环境治理,废弃家具杂物,254
求助-环境卫生,环境治理,违规排放水污染物,250
求助-环境卫生,环境治理,积存建筑垃圾渣土,208
求助-环境卫生,环境治理,公共厕所设施破损,197
求助-环境卫生,环境治理,绿地枯死、杂草丛生、黄土裸露,188
求助-环境卫生,环境治理,果皮箱、分类垃圾桶破损、脏污、异味,156
求助-环境卫生,环境治理,山体滑坡、堡坎坍塌,150
求助-环境卫生,环境治理,垃圾间（房）破损、脏污、异味,80
求助-环境卫生,环境治理,公共厕所、流动厕所不洁,55
求助-环境卫生,环境治理,堡坎存在安全隐患,49
求助-环境卫生,环境治理,垃圾中转站破损、脏污、异味,46
求助-环境卫生,环境治理,绿化护栏破损,46
求助-环境卫生,环境治理,动物尸体清理,46
求助-环境卫生,环境治理,非法占用绿地、损毁植被,44
求助-环境卫生,环境治理,垃圾收集设施满溢,41
求助-环境卫生,环境治理,违法焚烧垃圾,39
求助-环境卫生,环境治理,动物粪便清理,28
求助-环境卫生,环境治理,渣土乱倒,27
求助-环境卫生,环境治理,花架、花钵缺株、破损,27
求助-环境卫生,环境治理,护树设施破损,21
求助-环境卫生,环境治理,古树(维护设施)破损,17
求助-环境卫生,环境治理,堡坎渗水,15
求助-环境卫生,环境治理,街头坐椅破损,14
求助-环境卫生,环境治理,绿地不洁,11
求助-环境卫生,环境治理,集贸市场环境卫生问题,10
求助-环境卫生,环境治理,景观小品破损,10
求助-环境卫生,环境治理,公厕指示牌破损,9
求助-环境卫生,环境治理,移动公厕设施破损,7
求助-环境卫生,环境治理,供水器破损,3
求助-环境卫生,环境治理,水域及周边不洁,3
求助-环境卫生,环境治理,雕塑破损,2
建议-交通出行,交通设施,道路通行问题,2631
建议-交通出行,交通设施,公交线路问题,1210
建议-交通出行,交通设施,交通信号灯破损,919
建议-交通出行,交通设施,交通堵塞问题,701
建议-交通出行,交通设施,人行道破损,450
建议-交通出行,交通设施,道路规划问题,430
建议-交通出行,交通设施,客运汽车站投诉,256
建议-交通出行,交通设施,侧石、止车石破损,225
建议-交通出行,交通设施,加油站问题,206
建议-交通出行,交通设施,城际公交车问题,203
建议-交通出行,交通设施,机场服务问题,202
建议-交通出行,交通设施,车行道破损,186
建议-交通出行,交通设施,路面塌陷,181
建议-交通出行,交通设施,公交站牌问题,179
建议-交通出行,交通设施,交通护栏破损,147
建议-交通出行,交通设施,公交站台设施破损,139
建议-交通出行,交通设施,道路积水,136
建议-交通出行,交通设施,加气站问题,122
建议-交通出行,交通设施,交通标志牌、指路牌破损,118
建议-交通出行,交通设施,减速带破损,67
建议-交通出行,交通设施,交通标示线破损,59
建议-交通出行,交通设施,过街天桥设施破损,59
建议-交通出行,交通设施,跨河（江、湖）桥设施破损,50
建议-交通出行,交通设施,共享单车管理问题,36
建议-交通出行,交通设施,火车站停车管理,34
建议-交通出行,交通设施,地下通道设施破损,32
建议-交通出行,交通设施,监控探头破损,23
建议-交通出行,交通设施,高架、立交桥设施破损,18
建议-交通出行,交通设施,门牌破损,18
建议-交通出行,交通设施,城市道路命名,18
建议-交通出行,交通设施,共享汽车、电动车问题,15
建议-交通出行,交通设施,河道护栏破损,12
建议-交通出行,交通设施,毁坏桥梁,11
建议-交通出行,交通设施,机场秩序问题,8
建议-交通出行,交通设施,防洪防汛附属设施破损,7
建议-交通出行,交通设施,路名牌破损,6
建议-交通出行,交通设施,出租车站牌（临时停靠站）破损,5
建议-交通出行,交通设施,公交站牌破损,5
建议-交通出行,交通设施,游步道、骑行道破损,4
建议-交通出行,交通设施,工程规划告示牌破损,4
建议-交通出行,交通设施,停车告示牌破损,4
建议-交通出行,交通设施,道路隔音屏破损,3
建议-交通出行,交通设施,无障碍设施破损,2
建议-交通出行,交通设施,旅游标志牌破损,2
建议-交通出行,交通设施,公共自行车租赁点及附属设施破损,2
建议-停车管理,停车设施,违规停车,3011
建议-停车管理,停车设施,停车场收费问题,1345
建议-停车管理,停车设施,电动车充电桩安装问题,876
建议-停车管理,停车设施,私设停车场、停车位,845
建议-停车管理,停车设施,停车场设施破损,518
建议-停车管理,停车设施,违章占道,436
建议-停车管理,停车设施,机动车乱停放,184
建议-停车管理,停车设施,废弃车辆、僵尸车,66
建议-停车管理,停车设施,非机动车乱停放,66
建议-停车管理,停车设施,互联网租赁自行车不规范投（停）放,5
建议-停车管理,停车设施,立体车库缺失、移位或破损,1
投诉-噪声扰民,噪声治理,施工噪声扰民,3947
投诉-噪声扰民,噪声治理,高音喇叭噪声,1738
投诉-噪声扰民,噪声治理,商业经营噪声,1430
投诉-噪声扰民,噪声治理,装修噪声,1067
投诉-噪声扰民,噪声治理,广场舞噪声,589
投诉-噪声扰民,噪声治理,邻里噪声,544
投诉-噪声扰民,噪声治理,工业生产设施、设备噪声,373
投诉-噪声扰民,噪声治理,机动车噪声,295
投诉-噪声扰民,噪声治理,设备噪声,255
投诉-噪声扰民,噪声治理,商业设备噪声,240
投诉-噪声扰民,噪声治理,空调、冷却塔等设备噪声,195
投诉-噪声扰民,噪声治理,宠物噪声,132
投诉-噪声扰民,噪声治理,施工车辆噪声,104
投诉-噪声扰民,噪声治理,物业设备噪声,99
投诉-噪声扰民,噪声治理,家禽噪声扰民,72
投诉-噪声扰民,噪声治理,室内噪声,58
投诉-噪声扰民,噪声治理,交通设施噪声,55
投诉-噪声扰民,噪声治理,高架桥行车噪声,38
投诉-噪声扰民,噪声治理,电梯噪声,32
投诉-噪声扰民,噪声治理,管道噪声,15
投诉-噪声扰民,噪声治理,无线电发射装置、基站噪声,14
投诉-噪声扰民,噪声治理,爆破噪声,13
投诉-噪声扰民,噪声治理,高速路噪声,13
投诉-噪声扰民,噪声治理,公交噪声问题,1
投诉-物业管理,住房、物业管理,房屋防水问题,2539
投诉-物业管理,住房、物业管理,小区停车,1924
投诉-物业管理,住房、物业管理,城镇房屋质量问题,1264
投诉-物业管理,住房、物业管理,电动车充电问题,1064
投诉-物业管理,住房、物业管理,小区垃圾清运问题,991
投诉-物业管理,住房、物业管理,加装电梯问题 ,728
投诉-物业管理,住房、物业管理,小区公共设施问题,650
投诉-物业管理,住房、物业管理,小区绿化问题,451
投诉-物业管理,住房、物业管理,装修破坏房屋结构问题,312
投诉-物业管理,住房、物业管理,下水道破损问题,250
投诉-物业管理,住房、物业管理,安置房问题,178
投诉-物业管理,住房、物业管理,地下停车场设施缺失,121
投诉-物业管理,住房、物业管理,装修质量问题,85
投诉-街道环境,施工管理、街面秩序,不文明施工（无围挡、物料乱堆、工地扬尘、存在安全隐患）,1418
投诉-街道环境,施工管理、街面秩序,油烟污染,857
投诉-街道环境,施工管理、街面秩序,电子显示屏、景观灯、施工场地灯光等光污染,198
投诉-街道环境,施工管理、街面秩序,违法排放污水,177
投诉-街道环境,施工管理、街面秩序,门头、招牌破损,164
投诉-街道环境,施工管理、街面秩序,施工造成道路破损,145
投诉-街道环境,施工管理、街面秩序,渣土车道路遗撒,109
投诉-街道环境,施工管理、街面秩序,非法涂写张贴小广告,104
投诉-街道环境,施工管理、街面秩序,道路施工遗留障碍,103
投诉-街道环境,施工管理、街面秩序,违规设置条幅、灯箱、牌匾等其他广告,55
投诉-街道环境,施工管理、街面秩序,户外广告（含霓虹灯、电子显示屏、灯箱广告等）破损,50
投诉-街道环境,施工管理、街面秩序,违规大型户外广告,36
投诉-街道环境,施工管理、街面秩序,沿街立面脏、缺、损,26
投诉-街道环境,施工管理、街面秩序,未审批占道城市道路施工,19
投诉-街道环境,施工管理、街面秩序,立面违规安装设施,7
投诉-街道环境,施工管理、街面秩序,占道洗车、修车,3
投诉-街道环境,施工管理、街面秩序,工地出入口不洁,2
投诉-安全隐患,城市更新、安全消防,老旧小区改造问题,1910
投诉-安全隐患,城市更新、安全消防,违法搭建（已建成）,1705
投诉-安全隐患,城市更新、安全消防,占用消防通道问题,442
投诉-安全隐患,城市更新、安全消防,违法搭建（正在或即将进行）,428
投诉-安全隐患,城市更新、安全消防,危房改造问题,389
投诉-安全隐患,城市更新、安全消防,消防器材问题,84
投诉-安全隐患,城市更新、安全消防,消防车道占用、堵塞,83
投诉-安全隐患,城市更新、安全消防,改变房屋结构,59
投诉-安全隐患,城市更新、安全消防,消防通道、应急照明、疏散标志牌等设施问题,35
投诉-安全隐患,城市更新、安全消防,灭火器未配备或损坏等,32
投诉-安全隐患,城市更新、安全消防,改变地下房屋用途,14
投诉-安全隐患,城市更新、安全消防,火灾报警器损坏、拆除,5
投诉-安全隐患,城市更新、安全消防,消火栓埋压、圈占或遮挡,4
投诉-安全隐患,城市更新、安全消防,违章道路接坡,2
投诉-安全隐患,城市更新、安全消防,消防车通道网格线、标牌,1
投诉-安全隐患,城市更新、安全消防,社区微型消防站,1
