board,类,社区,投诉数,占比%
其他,公服设施,北山坡社区,1,50.0
其他,公服设施,朝阳路社区,1,50.0
安全韧性底线,交通设施,大学路社区,24,6.1
安全韧性底线,交通设施,万达社区,21,5.4
安全韧性底线,交通设施,港务社区,17,4.3
安全韧性底线,交通设施,张家湾社区,13,3.3
安全韧性底线,交通设施,胡家冲社区,12,3.1
安全韧性底线,交通设施,建设社区,12,3.1
安全韧性底线,交通设施,花溪路社区,10,2.6
安全韧性底线,交通设施,绿萝路社区,9,2.3
安全韧性底线,交通设施,伍临路社区,8,2.0
安全韧性底线,交通设施,宝联社区,8,2.0
安全韧性底线,交通设施,胜利四路社区,8,2.0
安全韧性底线,交通设施,沙河社区,8,2.0
安全韧性底线,交通设施,体育场路社区,7,1.8
安全韧性底线,交通设施,朝阳路社区,7,1.8
安全韧性底线,交通设施,黄河路社区,7,1.8
安全韧性底线,交通设施,金斗山社区,6,1.5
安全韧性底线,交通设施,山庄路社区,6,1.5
安全韧性底线,交通设施,柏临河路社区,6,1.5
安全韧性底线,交通设施,三峡物流园社区,6,1.5
安全韧性底线,交通设施,石板社区,6,1.5
安全韧性底线,交通设施,六泉湖社区,6,1.5
安全韧性底线,交通设施,韩家坝社区,5,1.3
安全韧性底线,交通设施,张家坡社区,5,1.3
安全韧性底线,交通设施,东城社区,5,1.3
安全韧性底线,交通设施,小林园社区,5,1.3
安全韧性底线,交通设施,白沙路社区,5,1.3
安全韧性底线,交通设施,学堂湾社区,5,1.3
安全韧性底线,交通设施,岳湾路社区,5,1.3
安全韧性底线,交通设施,夷陵路社区,5,1.3
安全韧性底线,交通设施,望洲社区,4,1.0
安全韧性底线,交通设施,花艳社区,4,1.0
安全韧性底线,交通设施,枫香树社区,4,1.0
安全韧性底线,交通设施,锦绣社区,4,1.0
安全韧性底线,交通设施,赵家湾社区,4,1.0
安全韧性底线,交通设施,新隆康路社区,4,1.0
安全韧性底线,交通设施,张家店社区,4,1.0
安全韧性底线,交通设施,白家冲社区,4,1.0
安全韧性底线,交通设施,翁家堰社区,4,1.0
安全韧性底线,交通设施,白龙井社区,4,1.0
安全韧性底线,交通设施,鸡山社区,3,0.8
安全韧性底线,交通设施,西峡社区,3,0.8
安全韧性底线,交通设施,古塔社区,3,0.8
安全韧性底线,交通设施,徐家坝社区,3,0.8
安全韧性底线,交通设施,冯家湾社区,3,0.8
安全韧性底线,交通设施,石板溪社区,3,0.8
安全韧性底线,交通设施,汕头路社区,3,0.8
安全韧性底线,交通设施,金安岭社区,3,0.8
安全韧性底线,交通设施,新金岭社区,2,0.5
安全韧性底线,交通设施,大树湾社区,2,0.5
安全韧性底线,交通设施,船柴社区,2,0.5
安全韧性底线,交通设施,营盘路社区,2,0.5
安全韧性底线,交通设施,果园路社区,2,0.5
安全韧性底线,交通设施,中南路社区,2,0.5
安全韧性底线,交通设施,二马路社区,2,0.5
安全韧性底线,交通设施,东站路社区,2,0.5
安全韧性底线,交通设施,朱市街社区,2,0.5
安全韧性底线,交通设施,龙盘湖社区,2,0.5
安全韧性底线,交通设施,魏家湾社区,2,0.5
安全韧性底线,交通设施,东锦苑社区,2,0.5
安全韧性底线,交通设施,八一路社区,2,0.5
安全韧性底线,交通设施,磨盘社区,2,0.5
安全韧性底线,交通设施,唐家湾社区,2,0.5
安全韧性底线,交通设施,四方堰社区,2,0.5
安全韧性底线,交通设施,东星社区,2,0.5
安全韧性底线,交通设施,香锦社区,2,0.5
安全韧性底线,交通设施,长江社区,2,0.5
安全韧性底线,交通设施,常刘路社区,2,0.5
安全韧性底线,交通设施,东山社区,2,0.5
安全韧性底线,交通设施,胜利二路社区,2,0.5
安全韧性底线,交通设施,临江溪社区,2,0.5
安全韧性底线,交通设施,大堰湾社区,2,0.5
安全韧性底线,交通设施,肖家岗社区,2,0.5
安全韧性底线,交通设施,珠海路社区,2,0.5
安全韧性底线,交通设施,桔城路社区,2,0.5
安全韧性底线,交通设施,黄龙寺社区,2,0.5
安全韧性底线,交通设施,东门外正街社区,1,0.3
安全韧性底线,交通设施,鑫鼎社区,1,0.3
安全韧性底线,交通设施,至喜社区,1,0.3
安全韧性底线,交通设施,兴安社区,1,0.3
安全韧性底线,交通设施,解放路社区,1,0.3
安全韧性底线,交通设施,沈家店社区,1,0.3
安全韧性底线,交通设施,气象台社区,1,0.3
安全韧性底线,交通设施,北山坡社区,1,0.3
安全韧性底线,交通设施,环城东路社区,1,0.3
安全韧性底线,交通设施,白马山社区,1,0.3
安全韧性底线,交通设施,金巴岭社区,1,0.3
安全韧性底线,交通设施,艾家嘴社区,1,0.3
安全韧性底线,交通设施,港虹社区,1,0.3
安全韧性底线,交通设施,镇境山社区,1,0.3
安全韧性底线,交通设施,桃花岭社区,1,0.3
安全韧性底线,交通设施,青岛路社区,1,0.3
安全韧性底线,交通设施,叶家坝社区,1,0.3
安全韧性底线,交通设施,东山花园社区,1,0.3
安全韧性底线,交通设施,山河园路社区,1,0.3
安全韧性底线,交通设施,白沙脑社区,1,0.3
安全韧性底线,交通设施,云池社区,1,0.3
安全韧性底线,交通设施,长樵溪社区,1,0.3
安全韧性底线,交通设施,杨岔路社区,1,0.3
安全韧性底线,交通设施,五龙社区,1,0.3
安全韧性底线,交通设施,东湖社区,1,0.3
安全韧性底线,安全消防,港务社区,13,11.6
安全韧性底线,安全消防,建设社区,12,10.7
安全韧性底线,安全消防,体育场路社区,6,5.4
安全韧性底线,安全消防,枫香树社区,5,4.5
安全韧性底线,安全消防,东站路社区,4,3.6
安全韧性底线,安全消防,柏临河路社区,4,3.6
安全韧性底线,安全消防,岳湾路社区,4,3.6
安全韧性底线,安全消防,中南路社区,3,2.7
安全韧性底线,安全消防,万达社区,3,2.7
安全韧性底线,安全消防,魏家湾社区,3,2.7
安全韧性底线,安全消防,朝阳路社区,3,2.7
安全韧性底线,安全消防,胜利四路社区,3,2.7
安全韧性底线,安全消防,张家坡社区,3,2.7
安全韧性底线,安全消防,宝联社区,3,2.7
安全韧性底线,安全消防,果园路社区,3,2.7
安全韧性底线,安全消防,白家冲社区,3,2.7
安全韧性底线,安全消防,徐家坝社区,3,2.7
安全韧性底线,安全消防,汕头路社区,2,1.8
安全韧性底线,安全消防,伍临路社区,2,1.8
安全韧性底线,安全消防,小林园社区,2,1.8
安全韧性底线,安全消防,张家湾社区,2,1.8
安全韧性底线,安全消防,张家店社区,2,1.8
安全韧性底线,安全消防,营盘路社区,2,1.8
安全韧性底线,安全消防,苏家榜社区,2,1.8
安全韧性底线,安全消防,江山社区,1,0.9
安全韧性底线,安全消防,蔡家畈社区,1,0.9
安全韧性底线,安全消防,东湖社区,1,0.9
安全韧性底线,安全消防,港虹社区,1,0.9
安全韧性底线,安全消防,石板溪社区,1,0.9
安全韧性底线,安全消防,沈家店社区,1,0.9
安全韧性底线,安全消防,胜利二路社区,1,0.9
安全韧性底线,安全消防,艾家嘴社区,1,0.9
安全韧性底线,安全消防,东星社区,1,0.9
安全韧性底线,安全消防,常刘路社区,1,0.9
安全韧性底线,安全消防,杨岔路社区,1,0.9
安全韧性底线,安全消防,北山坡社区,1,0.9
安全韧性底线,安全消防,香锦社区,1,0.9
安全韧性底线,安全消防,营盘社区,1,0.9
安全韧性底线,安全消防,绿萝路社区,1,0.9
安全韧性底线,安全消防,山庄路社区,1,0.9
安全韧性底线,安全消防,新隆康路社区,1,0.9
安全韧性底线,安全消防,气象台社区,1,0.9
安全韧性底线,安全消防,东城社区,1,0.9
安全韧性底线,安全消防,王家坝社区,1,0.9
安全韧性底线,市政管网,港务社区,53,9.7
安全韧性底线,市政管网,建设社区,27,4.9
安全韧性底线,市政管网,万达社区,26,4.7
安全韧性底线,市政管网,大学路社区,19,3.5
安全韧性底线,市政管网,宝联社区,18,3.3
安全韧性底线,市政管网,气象台社区,13,2.4
安全韧性底线,市政管网,张家湾社区,13,2.4
安全韧性底线,市政管网,体育场路社区,13,2.4
安全韧性底线,市政管网,大堰湾社区,12,2.2
安全韧性底线,市政管网,朝阳路社区,12,2.2
安全韧性底线,市政管网,古塔社区,10,1.8
安全韧性底线,市政管网,东湖社区,10,1.8
安全韧性底线,市政管网,岳湾路社区,10,1.8
安全韧性底线,市政管网,伍临路社区,10,1.8
安全韧性底线,市政管网,黄河路社区,9,1.6
安全韧性底线,市政管网,绿萝路社区,9,1.6
安全韧性底线,市政管网,石板溪社区,9,1.6
安全韧性底线,市政管网,珠海路社区,9,1.6
安全韧性底线,市政管网,胜利四路社区,9,1.6
安全韧性底线,市政管网,土城路社区,9,1.6
安全韧性底线,市政管网,山庄路社区,9,1.6
安全韧性底线,市政管网,五龙社区,9,1.6
安全韧性底线,市政管网,唐家湾社区,9,1.6
安全韧性底线,市政管网,朱市街社区,8,1.5
安全韧性底线,市政管网,花艳社区,8,1.5
安全韧性底线,市政管网,金斗山社区,6,1.1
安全韧性底线,市政管网,东星社区,6,1.1
安全韧性底线,市政管网,翁家堰社区,6,1.1
安全韧性底线,市政管网,胜利二路社区,6,1.1
安全韧性底线,市政管网,果园路社区,6,1.1
安全韧性底线,市政管网,营盘路社区,6,1.1
安全韧性底线,市政管网,柏临河路社区,6,1.1
安全韧性底线,市政管网,金安岭社区,6,1.1
安全韧性底线,市政管网,沙河社区,6,1.1
安全韧性底线,市政管网,小林园社区,6,1.1
安全韧性底线,市政管网,东山花园社区,5,0.9
安全韧性底线,市政管网,三峡物流园社区,5,0.9
安全韧性底线,市政管网,临江溪社区,5,0.9
安全韧性底线,市政管网,花溪路社区,5,0.9
安全韧性底线,市政管网,汕头路社区,4,0.7
安全韧性底线,市政管网,白家冲社区,4,0.7
安全韧性底线,市政管网,白龙井社区,4,0.7
安全韧性底线,市政管网,香锦社区,4,0.7
安全韧性底线,市政管网,肖家岗社区,4,0.7
安全韧性底线,市政管网,张家店社区,4,0.7
安全韧性底线,市政管网,赵家湾社区,4,0.7
安全韧性底线,市政管网,新隆康路社区,4,0.7
安全韧性底线,市政管网,东城社区,3,0.5
安全韧性底线,市政管网,白沙路社区,3,0.5
安全韧性底线,市政管网,镇境山社区,3,0.5
安全韧性底线,市政管网,北山坡社区,3,0.5
安全韧性底线,市政管网,鑫鼎社区,3,0.5
安全韧性底线,市政管网,桐岭社区,3,0.5
安全韧性底线,市政管网,龙盘湖社区,3,0.5
安全韧性底线,市政管网,李家湖社区,3,0.5
安全韧性底线,市政管网,桃花岭社区,3,0.5
安全韧性底线,市政管网,艾家嘴社区,2,0.4
安全韧性底线,市政管网,黄金卡社区,2,0.4
安全韧性底线,市政管网,桔城路社区,2,0.4
安全韧性底线,市政管网,常家湾社区,2,0.4
安全韧性底线,市政管网,梅子溪社区,2,0.4
安全韧性底线,市政管网,胡家冲社区,2,0.4
安全韧性底线,市政管网,环城东路社区,2,0.4
安全韧性底线,市政管网,船柴社区,2,0.4
安全韧性底线,市政管网,石板社区,2,0.4
安全韧性底线,市政管网,东方社区,2,0.4
安全韧性底线,市政管网,八一路社区,2,0.4
安全韧性底线,市政管网,东艳路社区,2,0.4
安全韧性底线,市政管网,合益路社区,2,0.4
安全韧性底线,市政管网,枫香树社区,2,0.4
安全韧性底线,市政管网,锦绣社区,2,0.4
安全韧性底线,市政管网,东山社区,2,0.4
安全韧性底线,市政管网,锦湖社区,2,0.4
安全韧性底线,市政管网,韩家坝社区,2,0.4
安全韧性底线,市政管网,金巴岭社区,2,0.4
安全韧性底线,市政管网,石子岭社区,2,0.4
安全韧性底线,市政管网,东站路社区,2,0.4
安全韧性底线,市政管网,张家坡社区,1,0.2
安全韧性底线,市政管网,绿洲社区,1,0.2
安全韧性底线,市政管网,幸福路社区,1,0.2
安全韧性底线,市政管网,刘家大堰社区,1,0.2
安全韧性底线,市政管网,土街头社区,1,0.2
安全韧性底线,市政管网,中南路社区,1,0.2
安全韧性底线,市政管网,望洲社区,1,0.2
安全韧性底线,市政管网,王家坝社区,1,0.2
安全韧性底线,市政管网,竹涛山社区,1,0.2
安全韧性底线,市政管网,魏家湾社区,1,0.2
安全韧性底线,市政管网,蔡家畈社区,1,0.2
安全韧性底线,市政管网,王家河社区,1,0.2
安全韧性底线,市政管网,西峡社区,1,0.2
安全韧性底线,市政管网,云池社区,1,0.2
安全韧性底线,市政管网,石板冲社区,1,0.2
安全韧性底线,市政管网,黄龙寺社区,1,0.2
安全韧性底线,市政管网,东门外正街社区,1,0.2
安全韧性底线,市政管网,冯家湾社区,1,0.2
安全韧性底线,市政管网,六泉湖社区,1,0.2
安全韧性底线,市政管网,桐岭新村社区,1,0.2
安全韧性底线,市政管网,长江新村社区,1,0.2
安全韧性底线,市政管网,杨岔路社区,1,0.2
安全韧性底线,市政管网,大树湾社区,1,0.2
安全韧性底线,市政管网,金家台社区,1,0.2
安全韧性底线,市政管网,至喜社区,1,0.2
安全韧性底线,环境治理,体育场路社区,3,30.0
安全韧性底线,环境治理,大学路社区,1,10.0
安全韧性底线,环境治理,朝阳路社区,1,10.0
安全韧性底线,环境治理,冯家湾社区,1,10.0
安全韧性底线,环境治理,六泉湖社区,1,10.0
安全韧性底线,环境治理,建设社区,1,10.0
安全韧性底线,环境治理,梅子溪社区,1,10.0
安全韧性底线,环境治理,肖家岗社区,1,10.0
民生基础需求,交通设施,万达社区,42,8.1
民生基础需求,交通设施,花艳社区,34,6.6
民生基础需求,交通设施,张家湾社区,23,4.4
民生基础需求,交通设施,大学路社区,22,4.3
民生基础需求,交通设施,建设社区,17,3.3
民生基础需求,交通设施,宝联社区,16,3.1
民生基础需求,交通设施,东城社区,16,3.1
民生基础需求,交通设施,岳湾路社区,13,2.5
民生基础需求,交通设施,绿萝路社区,13,2.5
民生基础需求,交通设施,朱市街社区,12,2.3
民生基础需求,交通设施,新隆康路社区,12,2.3
民生基础需求,交通设施,白龙井社区,11,2.1
民生基础需求,交通设施,港务社区,11,2.1
民生基础需求,交通设施,汕头路社区,10,1.9
民生基础需求,交通设施,枫香树社区,10,1.9
民生基础需求,交通设施,沙河社区,9,1.7
民生基础需求,交通设施,大树湾社区,9,1.7
民生基础需求,交通设施,胡家冲社区,8,1.5
民生基础需求,交通设施,朝阳路社区,8,1.5
民生基础需求,交通设施,山庄路社区,7,1.4
民生基础需求,交通设施,花溪路社区,7,1.4
民生基础需求,交通设施,伍临路社区,7,1.4
民生基础需求,交通设施,黄河路社区,7,1.4
民生基础需求,交通设施,赵家湾社区,6,1.2
民生基础需求,交通设施,冯家湾社区,6,1.2
民生基础需求,交通设施,柏临河路社区,6,1.2
民生基础需求,交通设施,黄龙寺社区,6,1.2
民生基础需求,交通设施,学堂湾社区,6,1.2
民生基础需求,交通设施,东站路社区,6,1.2
民生基础需求,交通设施,白家冲社区,5,1.0
民生基础需求,交通设施,东星社区,5,1.0
民生基础需求,交通设施,石板社区,5,1.0
民生基础需求,交通设施,白沙路社区,5,1.0
民生基础需求,交通设施,营盘路社区,5,1.0
民生基础需求,交通设施,小林园社区,5,1.0
民生基础需求,交通设施,魏家湾社区,5,1.0
民生基础需求,交通设施,至喜社区,4,0.8
民生基础需求,交通设施,黄金卡社区,4,0.8
民生基础需求,交通设施,张家坡社区,4,0.8
民生基础需求,交通设施,胜利二路社区,4,0.8
民生基础需求,交通设施,三峡物流园社区,4,0.8
民生基础需求,交通设施,五龙社区,4,0.8
民生基础需求,交通设施,八一路社区,4,0.8
民生基础需求,交通设施,艾家嘴社区,4,0.8
民生基础需求,交通设施,王家河社区,3,0.6
民生基础需求,交通设施,鑫鼎社区,3,0.6
民生基础需求,交通设施,肖家岗社区,3,0.6
民生基础需求,交通设施,金斗山社区,3,0.6
民生基础需求,交通设施,云池社区,3,0.6
民生基础需求,交通设施,临江溪社区,3,0.6
民生基础需求,交通设施,体育场路社区,3,0.6
民生基础需求,交通设施,桔城路社区,3,0.6
民生基础需求,交通设施,沈家店社区,3,0.6
民生基础需求,交通设施,新金岭社区,3,0.6
民生基础需求,交通设施,白马山社区,2,0.4
民生基础需求,交通设施,蔡家畈社区,2,0.4
民生基础需求,交通设施,王家坝社区,2,0.4
民生基础需求,交通设施,东山社区,2,0.4
民生基础需求,交通设施,港虹社区,2,0.4
民生基础需求,交通设施,珠海路社区,2,0.4
民生基础需求,交通设施,丁家坝社区,2,0.4
民生基础需求,交通设施,韩家坝社区,2,0.4
民生基础需求,交通设施,果园路社区,2,0.4
民生基础需求,交通设施,东湖社区,2,0.4
民生基础需求,交通设施,张家店社区,2,0.4
民生基础需求,交通设施,杨岔路社区,2,0.4
民生基础需求,交通设施,香锦社区,2,0.4
民生基础需求,交通设施,苏家榜社区,1,0.2
民生基础需求,交通设施,铁路坝社区,1,0.2
民生基础需求,交通设施,金家台社区,1,0.2
民生基础需求,交通设施,竹涛山社区,1,0.2
民生基础需求,交通设施,龙盘湖社区,1,0.2
民生基础需求,交通设施,中书街社区,1,0.2
民生基础需求,交通设施,气象台社区,1,0.2
民生基础需求,交通设施,黑虎山社区,1,0.2
民生基础需求,交通设施,鸡山社区,1,0.2
民生基础需求,交通设施,长江社区,1,0.2
民生基础需求,交通设施,磨盘社区,1,0.2
民生基础需求,交通设施,樵湖岭社区,1,0.2
民生基础需求,交通设施,桐岭新村社区,1,0.2
民生基础需求,交通设施,山河园路社区,1,0.2
民生基础需求,交通设施,土街头社区,1,0.2
民生基础需求,交通设施,翁家堰社区,1,0.2
民生基础需求,交通设施,白沙脑社区,1,0.2
民生基础需求,交通设施,中南路社区,1,0.2
民生基础需求,交通设施,上导堤社区,1,0.2
民生基础需求,交通设施,兴安社区,1,0.2
民生基础需求,交通设施,锦绣社区,1,0.2
民生基础需求,交通设施,叶家坝社区,1,0.2
民生基础需求,交通设施,锦江社区,1,0.2
民生基础需求,交通设施,土城路社区,1,0.2
民生基础需求,交通设施,锦湖社区,1,0.2
民生基础需求,交通设施,青岛路社区,1,0.2
民生基础需求,交通设施,深圳路社区,1,0.2
民生基础需求,交通设施,城东社区,1,0.2
民生基础需求,交通设施,胜利四路社区,1,0.2
民生基础需求,交通设施,下马槽社区,1,0.2
民生基础需求,交通设施,金安岭社区,1,0.2
民生基础需求,交通设施,梅子溪社区,1,0.2
民生基础需求,交通设施,刘家大堰社区,1,0.2
民生基础需求,交通设施,西峡社区,1,0.2
民生基础需求,住房,建设社区,65,7.7
民生基础需求,住房,港务社区,52,6.2
民生基础需求,住房,万达社区,49,5.8
民生基础需求,住房,伍临路社区,39,4.6
民生基础需求,住房,汕头路社区,36,4.3
民生基础需求,住房,枫香树社区,30,3.6
民生基础需求,住房,岳湾路社区,24,2.9
民生基础需求,住房,大学路社区,24,2.9
民生基础需求,住房,朝阳路社区,24,2.9
民生基础需求,住房,体育场路社区,23,2.7
民生基础需求,住房,金家台社区,19,2.3
民生基础需求,住房,沈家店社区,18,2.1
民生基础需求,住房,营盘路社区,16,1.9
民生基础需求,住房,柏临河路社区,13,1.5
民生基础需求,住房,胜利四路社区,13,1.5
民生基础需求,住房,中南路社区,12,1.4
民生基础需求,住房,临江溪社区,12,1.4
民生基础需求,住房,张家湾社区,12,1.4
民生基础需求,住房,魏家湾社区,12,1.4
民生基础需求,住房,果园路社区,12,1.4
民生基础需求,住房,白沙路社区,11,1.3
民生基础需求,住房,宝联社区,11,1.3
民生基础需求,住房,胡家冲社区,10,1.2
民生基础需求,住房,新隆康路社区,10,1.2
民生基础需求,住房,磨盘社区,10,1.2
民生基础需求,住房,白马山社区,10,1.2
民生基础需求,住房,合益路社区,10,1.2
民生基础需求,住房,张家店社区,9,1.1
民生基础需求,住房,大堰湾社区,9,1.1
民生基础需求,住房,东星社区,9,1.1
民生基础需求,住房,花艳社区,8,1.0
民生基础需求,住房,香锦社区,8,1.0
民生基础需求,住房,张家坡社区,8,1.0
民生基础需求,住房,小林园社区,7,0.8
民生基础需求,住房,石板溪社区,7,0.8
民生基础需求,住房,艾家嘴社区,7,0.8
民生基础需求,住房,福久源社区,7,0.8
民生基础需求,住房,东城社区,7,0.8
民生基础需求,住房,八一路社区,6,0.7
民生基础需求,住房,鑫鼎社区,6,0.7
民生基础需求,住房,胜利二路社区,6,0.7
民生基础需求,住房,白龙井社区,5,0.6
民生基础需求,住房,兴安社区,5,0.6
民生基础需求,住房,韩家坝社区,5,0.6
民生基础需求,住房,西峡社区,5,0.6
民生基础需求,住房,山庄路社区,5,0.6
民生基础需求,住房,刘家大堰社区,5,0.6
民生基础需求,住房,石板社区,5,0.6
民生基础需求,住房,珠海路社区,5,0.6
民生基础需求,住房,船柴社区,5,0.6
民生基础需求,住房,黄河路社区,4,0.5
民生基础需求,住房,东艳路社区,4,0.5
民生基础需求,住房,黄金卡社区,4,0.5
民生基础需求,住房,绿萝路社区,4,0.5
民生基础需求,住房,土城路社区,4,0.5
民生基础需求,住房,深圳路社区,4,0.5
民生基础需求,住房,环城东路社区,4,0.5
民生基础需求,住房,东站路社区,4,0.5
民生基础需求,住房,徐家坝社区,4,0.5
民生基础需求,住房,古塔社区,3,0.4
民生基础需求,住房,花溪路社区,3,0.4
民生基础需求,住房,东山花园社区,3,0.4
民生基础需求,住房,翁家堰社区,3,0.4
民生基础需求,住房,气象台社区,3,0.4
民生基础需求,住房,杨岔路社区,3,0.4
民生基础需求,住房,白家冲社区,3,0.4
民生基础需求,住房,朱市街社区,3,0.4
民生基础需求,住房,三峡物流园社区,3,0.4
民生基础需求,住房,青岛路社区,2,0.2
民生基础需求,住房,临江坪社区,2,0.2
民生基础需求,住房,朝阳社区,2,0.2
民生基础需求,住房,桔城路社区,2,0.2
民生基础需求,住房,金安岭社区,2,0.2
民生基础需求,住房,常刘路社区,2,0.2
民生基础需求,住房,肖家岗社区,2,0.2
民生基础需求,住房,解放路社区,2,0.2
民生基础需求,住房,冯家湾社区,2,0.2
民生基础需求,住房,五龙社区,2,0.2
民生基础需求,住房,唐家湾社区,2,0.2
民生基础需求,住房,沙河社区,2,0.2
民生基础需求,住房,峡州社区,1,0.1
民生基础需求,住房,桐岭新村社区,1,0.1
民生基础需求,住房,六泉湖社区,1,0.1
民生基础需求,住房,中书街社区,1,0.1
民生基础需求,住房,铁路坝社区,1,0.1
民生基础需求,住房,南苑社区,1,0.1
民生基础需求,住房,下马槽社区,1,0.1
民生基础需求,住房,长江社区,1,0.1
民生基础需求,住房,锦云社区,1,0.1
民生基础需求,住房,常家湾社区,1,0.1
民生基础需求,住房,叶家坝社区,1,0.1
民生基础需求,住房,营盘社区,1,0.1
民生基础需求,住房,桃花岭社区,1,0.1
民生基础需求,住房,土街头社区,1,0.1
民生基础需求,住房,白沙脑社区,1,0.1
民生基础需求,住房,城东社区,1,0.1
民生基础需求,住房,龙盘湖社区,1,0.1
民生基础需求,住房,学堂湾社区,1,0.1
民生基础需求,住房,平云社区,1,0.1
民生基础需求,住房,李家湖社区,1,0.1
民生基础需求,住房,北山坡社区,1,0.1
民生基础需求,住房,东门外正街社区,1,0.1
民生基础需求,住房,新金岭社区,1,0.1
民生基础需求,住房,山河园路社区,1,0.1
民生基础需求,住房,赵家湾社区,1,0.1
民生基础需求,住房,竹涛山社区,1,0.1
民生基础需求,停车设施,万达社区,83,10.2
民生基础需求,停车设施,港务社区,48,5.9
民生基础需求,停车设施,张家湾社区,41,5.0
民生基础需求,停车设施,岳湾路社区,38,4.7
民生基础需求,停车设施,宝联社区,31,3.8
民生基础需求,停车设施,大学路社区,25,3.1
民生基础需求,停车设施,建设社区,23,2.8
民生基础需求,停车设施,枫香树社区,22,2.7
民生基础需求,停车设施,白家冲社区,21,2.6
民生基础需求,停车设施,花艳社区,19,2.3
民生基础需求,停车设施,柏临河路社区,16,2.0
民生基础需求,停车设施,胡家冲社区,15,1.8
民生基础需求,停车设施,伍临路社区,14,1.7
民生基础需求,停车设施,小林园社区,14,1.7
民生基础需求,停车设施,珠海路社区,13,1.6
民生基础需求,停车设施,胜利四路社区,12,1.5
民生基础需求,停车设施,朝阳路社区,12,1.5
民生基础需求,停车设施,桔城路社区,11,1.4
民生基础需求,停车设施,合益路社区,11,1.4
民生基础需求,停车设施,营盘路社区,11,1.4
民生基础需求,停车设施,胜利二路社区,11,1.4
民生基础需求,停车设施,山庄路社区,11,1.4
民生基础需求,停车设施,花溪路社区,10,1.2
民生基础需求,停车设施,新隆康路社区,10,1.2
民生基础需求,停车设施,三峡物流园社区,10,1.2
民生基础需求,停车设施,魏家湾社区,9,1.1
民生基础需求,停车设施,白龙井社区,9,1.1
民生基础需求,停车设施,体育场路社区,8,1.0
民生基础需求,停车设施,东站路社区,8,1.0
民生基础需求,停车设施,东星社区,7,0.9
民生基础需求,停车设施,中南路社区,7,0.9
民生基础需求,停车设施,翁家堰社区,7,0.9
民生基础需求,停车设施,艾家嘴社区,7,0.9
民生基础需求,停车设施,冯家湾社区,7,0.9
民生基础需求,停车设施,黄河路社区,7,0.9
民生基础需求,停车设施,白沙路社区,7,0.9
民生基础需求,停车设施,六泉湖社区,6,0.7
民生基础需求,停车设施,香锦社区,6,0.7
民生基础需求,停车设施,韩家坝社区,6,0.7
民生基础需求,停车设施,古塔社区,6,0.7
民生基础需求,停车设施,东城社区,6,0.7
民生基础需求,停车设施,桐岭社区,6,0.7
民生基础需求,停车设施,鑫鼎社区,6,0.7
民生基础需求,停车设施,杨岔路社区,6,0.7
民生基础需求,停车设施,张家坡社区,5,0.6
民生基础需求,停车设施,朱市街社区,5,0.6
民生基础需求,停车设施,徐家坝社区,5,0.6
民生基础需求,停车设施,金斗山社区,5,0.6
民生基础需求,停车设施,西峡社区,5,0.6
民生基础需求,停车设施,桃花岭社区,4,0.5
民生基础需求,停车设施,石板溪社区,4,0.5
民生基础需求,停车设施,沈家店社区,4,0.5
民生基础需求,停车设施,王家坝社区,4,0.5
民生基础需求,停车设施,兴安社区,4,0.5
民生基础需求,停车设施,白马山社区,4,0.5
民生基础需求,停车设施,张家店社区,3,0.4
民生基础需求,停车设施,沙河社区,3,0.4
民生基础需求,停车设施,李家湖社区,3,0.4
民生基础需求,停车设施,大堰湾社区,3,0.4
民生基础需求,停车设施,临江溪社区,3,0.4
民生基础需求,停车设施,绿萝路社区,3,0.4
民生基础需求,停车设施,果园路社区,3,0.4
民生基础需求,停车设施,土城路社区,3,0.4
民生基础需求,停车设施,长江社区,3,0.4
民生基础需求,停车设施,港虹社区,3,0.4
民生基础需求,停车设施,夷陵路社区,3,0.4
民生基础需求,停车设施,锦湖社区,3,0.4
民生基础需求,停车设施,东湖社区,3,0.4
民生基础需求,停车设施,黄金卡社区,3,0.4
民生基础需求,停车设施,八一路社区,3,0.4
民生基础需求,停车设施,唐家湾社区,3,0.4
民生基础需求,停车设施,东山花园社区,3,0.4
民生基础需求,停车设施,汕头路社区,2,0.2
民生基础需求,停车设施,石板社区,2,0.2
民生基础需求,停车设施,青岛路社区,2,0.2
民生基础需求,停车设施,刘家大堰社区,2,0.2
民生基础需求,停车设施,肖家岗社区,2,0.2
民生基础需求,停车设施,锦云社区,2,0.2
民生基础需求,停车设施,平湖馨苑社区,2,0.2
民生基础需求,停车设施,苏家榜社区,2,0.2
民生基础需求,停车设施,南苑社区,2,0.2
民生基础需求,停车设施,环城东路社区,2,0.2
民生基础需求,停车设施,常刘路社区,2,0.2
民生基础需求,停车设施,山河园路社区,1,0.1
民生基础需求,停车设施,北山坡社区,1,0.1
民生基础需求,停车设施,深圳路社区,1,0.1
民生基础需求,停车设施,东艳路社区,1,0.1
民生基础需求,停车设施,白沙脑社区,1,0.1
民生基础需求,停车设施,廖家湾社区,1,0.1
民生基础需求,停车设施,四方堰社区,1,0.1
民生基础需求,停车设施,赵家湾社区,1,0.1
民生基础需求,停车设施,营盘社区,1,0.1
民生基础需求,停车设施,东门外正街社区,1,0.1
民生基础需求,停车设施,平云社区,1,0.1
民生基础需求,停车设施,中书街社区,1,0.1
民生基础需求,停车设施,王家河社区,1,0.1
民生基础需求,停车设施,峡江社区,1,0.1
民生基础需求,停车设施,望洲社区,1,0.1
民生基础需求,停车设施,学堂湾社区,1,0.1
民生基础需求,停车设施,绿洲社区,1,0.1
民生基础需求,停车设施,红光社区,1,0.1
民生基础需求,停车设施,金家台社区,1,0.1
民生基础需求,停车设施,龙盘湖社区,1,0.1
民生基础需求,停车设施,黑虎山社区,1,0.1
民生基础需求,停车设施,虎牙社区,1,0.1
民生基础需求,停车设施,东山社区,1,0.1
民生基础需求,停车设施,常家湾社区,1,0.1
民生基础需求,停车设施,新金岭社区,1,0.1
民生基础需求,停车设施,铁路坝社区,1,0.1
民生基础需求,停车设施,桐岭新村社区,1,0.1
民生基础需求,停车设施,气象台社区,1,0.1
民生基础需求,停车设施,蔡家畈社区,1,0.1
民生基础需求,公服设施,万达社区,15,11.0
民生基础需求,公服设施,翁家堰社区,10,7.4
民生基础需求,公服设施,港务社区,9,6.6
民生基础需求,公服设施,新隆康路社区,9,6.6
民生基础需求,公服设施,建设社区,6,4.4
民生基础需求,公服设施,张家湾社区,5,3.7
民生基础需求,公服设施,岳湾路社区,5,3.7
民生基础需求,公服设施,气象台社区,5,3.7
民生基础需求,公服设施,柏临河路社区,4,2.9
民生基础需求,公服设施,土城路社区,4,2.9
民生基础需求,公服设施,白家冲社区,3,2.2
民生基础需求,公服设施,胡家冲社区,3,2.2
民生基础需求,公服设施,花溪路社区,3,2.2
民生基础需求,公服设施,白龙井社区,3,2.2
民生基础需求,公服设施,东星社区,3,2.2
民生基础需求,公服设施,大学路社区,2,1.5
民生基础需求,公服设施,枫香树社区,2,1.5
民生基础需求,公服设施,石板社区,2,1.5
民生基础需求,公服设施,中南路社区,2,1.5
民生基础需求,公服设施,胜利二路社区,2,1.5
民生基础需求,公服设施,大堰湾社区,2,1.5
民生基础需求,公服设施,长樵溪社区,2,1.5
民生基础需求,公服设施,鑫鼎社区,2,1.5
民生基础需求,公服设施,赵家湾社区,2,1.5
民生基础需求,公服设施,汕头路社区,2,1.5
民生基础需求,公服设施,沈家店社区,2,1.5
民生基础需求,公服设施,梅子溪社区,2,1.5
民生基础需求,公服设施,肖家岗社区,1,0.7
民生基础需求,公服设施,竹涛山社区,1,0.7
民生基础需求,公服设施,宝联社区,1,0.7
民生基础需求,公服设施,金斗山社区,1,0.7
民生基础需求,公服设施,八一路社区,1,0.7
民生基础需求,公服设施,环城东路社区,1,0.7
民生基础需求,公服设施,胜利四路社区,1,0.7
民生基础需求,公服设施,张家店社区,1,0.7
民生基础需求,公服设施,东站路社区,1,0.7
民生基础需求,公服设施,中书街社区,1,0.7
民生基础需求,公服设施,润城社区,1,0.7
民生基础需求,公服设施,白马山社区,1,0.7
民生基础需求,公服设施,东城社区,1,0.7
民生基础需求,公服设施,营盘路社区,1,0.7
民生基础需求,公服设施,龙盘湖社区,1,0.7
民生基础需求,公服设施,花艳社区,1,0.7
民生基础需求,公服设施,桐岭新村社区,1,0.7
民生基础需求,公服设施,朝阳路社区,1,0.7
民生基础需求,公服设施,东山花园社区,1,0.7
民生基础需求,公服设施,西峡社区,1,0.7
民生基础需求,公服设施,营盘社区,1,0.7
民生基础需求,公服设施,锦绣社区,1,0.7
民生基础需求,公服设施,五龙社区,1,0.7
民生基础需求,公服设施,小林园社区,1,0.7
民生基础需求,公服设施,东山社区,1,0.7
民生基础需求,噪声治理,万达社区,130,9.3
民生基础需求,噪声治理,建设社区,107,7.6
民生基础需求,噪声治理,岳湾路社区,83,5.9
民生基础需求,噪声治理,港务社区,65,4.6
民生基础需求,噪声治理,伍临路社区,58,4.1
民生基础需求,噪声治理,大学路社区,57,4.1
民生基础需求,噪声治理,沈家店社区,36,2.6
民生基础需求,噪声治理,张家湾社区,36,2.6
民生基础需求,噪声治理,张家店社区,31,2.2
民生基础需求,噪声治理,体育场路社区,28,2.0
民生基础需求,噪声治理,胜利二路社区,28,2.0
民生基础需求,噪声治理,东站路社区,28,2.0
民生基础需求,噪声治理,宝联社区,28,2.0
民生基础需求,噪声治理,胜利四路社区,24,1.7
民生基础需求,噪声治理,营盘路社区,23,1.6
民生基础需求,噪声治理,果园路社区,20,1.4
民生基础需求,噪声治理,朝阳路社区,20,1.4
民生基础需求,噪声治理,艾家嘴社区,19,1.4
民生基础需求,噪声治理,柏临河路社区,17,1.2
民生基础需求,噪声治理,小林园社区,17,1.2
民生基础需求,噪声治理,中南路社区,17,1.2
民生基础需求,噪声治理,古塔社区,16,1.1
民生基础需求,噪声治理,白马山社区,16,1.1
民生基础需求,噪声治理,白沙路社区,16,1.1
民生基础需求,噪声治理,花艳社区,15,1.1
民生基础需求,噪声治理,王家坝社区,15,1.1
民生基础需求,噪声治理,大堰湾社区,14,1.0
民生基础需求,噪声治理,徐家坝社区,14,1.0
民生基础需求,噪声治理,青岛路社区,14,1.0
民生基础需求,噪声治理,白家冲社区,13,0.9
民生基础需求,噪声治理,枫香树社区,13,0.9
民生基础需求,噪声治理,东星社区,13,0.9
民生基础需求,噪声治理,花溪路社区,13,0.9
民生基础需求,噪声治理,胡家冲社区,13,0.9
民生基础需求,噪声治理,韩家坝社区,13,0.9
民生基础需求,噪声治理,东城社区,13,0.9
民生基础需求,噪声治理,魏家湾社区,13,0.9
民生基础需求,噪声治理,合益路社区,12,0.9
民生基础需求,噪声治理,沙河社区,11,0.8
民生基础需求,噪声治理,珠海路社区,11,0.8
民生基础需求,噪声治理,绿萝路社区,10,0.7
民生基础需求,噪声治理,唐家湾社区,10,0.7
民生基础需求,噪声治理,张家坡社区,9,0.6
民生基础需求,噪声治理,西峡社区,9,0.6
民生基础需求,噪声治理,气象台社区,9,0.6
民生基础需求,噪声治理,北山坡社区,8,0.6
民生基础需求,噪声治理,黄金卡社区,8,0.6
民生基础需求,噪声治理,石板溪社区,8,0.6
民生基础需求,噪声治理,常刘路社区,8,0.6
民生基础需求,噪声治理,刘家大堰社区,7,0.5
民生基础需求,噪声治理,黄河路社区,7,0.5
民生基础需求,噪声治理,鑫鼎社区,7,0.5
民生基础需求,噪声治理,山河园路社区,7,0.5
民生基础需求,噪声治理,杨岔路社区,7,0.5
民生基础需求,噪声治理,金家台社区,7,0.5
民生基础需求,噪声治理,八一路社区,7,0.5
民生基础需求,噪声治理,翁家堰社区,6,0.4
民生基础需求,噪声治理,白龙井社区,6,0.4
民生基础需求,噪声治理,李家湖社区,6,0.4
民生基础需求,噪声治理,学堂湾社区,6,0.4
民生基础需求,噪声治理,新隆康路社区,6,0.4
民生基础需求,噪声治理,临江溪社区,6,0.4
民生基础需求,噪声治理,肖家岗社区,5,0.4
民生基础需求,噪声治理,香锦社区,5,0.4
民生基础需求,噪声治理,三峡物流园社区,5,0.4
民生基础需求,噪声治理,冯家湾社区,5,0.4
民生基础需求,噪声治理,东山花园社区,5,0.4
民生基础需求,噪声治理,兴安社区,4,0.3
民生基础需求,噪声治理,桐岭社区,4,0.3
民生基础需求,噪声治理,苏家榜社区,4,0.3
民生基础需求,噪声治理,山庄路社区,4,0.3
民生基础需求,噪声治理,夷陵路社区,3,0.2
民生基础需求,噪声治理,锦江社区,3,0.2
民生基础需求,噪声治理,汕头路社区,3,0.2
民生基础需求,噪声治理,赵家湾社区,3,0.2
民生基础需求,噪声治理,望洲社区,3,0.2
民生基础需求,噪声治理,石板社区,3,0.2
民生基础需求,噪声治理,朱市街社区,3,0.2
民生基础需求,噪声治理,平湖馨苑社区,3,0.2
民生基础需求,噪声治理,五龙社区,2,0.1
民生基础需求,噪声治理,桔城路社区,2,0.1
民生基础需求,噪声治理,六泉湖社区,2,0.1
民生基础需求,噪声治理,中书街社区,2,0.1
民生基础需求,噪声治理,解放路社区,2,0.1
民生基础需求,噪声治理,土城路社区,2,0.1
民生基础需求,噪声治理,金斗山社区,2,0.1
民生基础需求,噪声治理,东湖社区,2,0.1
民生基础需求,噪声治理,二马路社区,2,0.1
民生基础需求,噪声治理,松林路社区,1,0.1
民生基础需求,噪声治理,朝阳社区,1,0.1
民生基础需求,噪声治理,铁路坝社区,1,0.1
民生基础需求,噪声治理,四方堰社区,1,0.1
民生基础需求,噪声治理,锦云社区,1,0.1
民生基础需求,噪声治理,王家河社区,1,0.1
民生基础需求,噪声治理,土街头社区,1,0.1
民生基础需求,噪声治理,江山社区,1,0.1
民生基础需求,噪声治理,平云社区,1,0.1
民生基础需求,噪声治理,下马槽社区,1,0.1
民生基础需求,噪声治理,廖家湾社区,1,0.1
民生基础需求,噪声治理,新金岭社区,1,0.1
民生基础需求,噪声治理,英雄山社区,1,0.1
民生基础需求,噪声治理,长江社区,1,0.1
民生基础需求,噪声治理,营盘社区,1,0.1
民生基础需求,噪声治理,福久源社区,1,0.1
民生基础需求,噪声治理,锦绣社区,1,0.1
民生基础需求,噪声治理,龙盘湖社区,1,0.1
民生基础需求,噪声治理,谭家河社区,1,0.1
民生基础需求,噪声治理,双桥社区,1,0.1
民生基础需求,噪声治理,石板冲社区,1,0.1
民生基础需求,噪声治理,环城东路社区,1,0.1
民生基础需求,噪声治理,船柴社区,1,0.1
民生基础需求,噪声治理,白沙脑社区,1,0.1
民生基础需求,城市更新,伍临路社区,29,6.2
民生基础需求,城市更新,港务社区,27,5.8
民生基础需求,城市更新,万达社区,26,5.6
民生基础需求,城市更新,胜利二路社区,23,5.0
民生基础需求,城市更新,建设社区,23,5.0
民生基础需求,城市更新,大堰湾社区,19,4.1
民生基础需求,城市更新,营盘路社区,18,3.9
民生基础需求,城市更新,小林园社区,16,3.4
民生基础需求,城市更新,体育场路社区,14,3.0
民生基础需求,城市更新,宝联社区,12,2.6
民生基础需求,城市更新,岳湾路社区,11,2.4
民生基础需求,城市更新,艾家嘴社区,9,1.9
民生基础需求,城市更新,胜利四路社区,9,1.9
民生基础需求,城市更新,果园路社区,9,1.9
民生基础需求,城市更新,枫香树社区,8,1.7
民生基础需求,城市更新,石板溪社区,8,1.7
民生基础需求,城市更新,合益路社区,8,1.7
民生基础需求,城市更新,魏家湾社区,8,1.7
民生基础需求,城市更新,胡家冲社区,7,1.5
民生基础需求,城市更新,白龙井社区,7,1.5
民生基础需求,城市更新,北山坡社区,6,1.3
民生基础需求,城市更新,兴安社区,6,1.3
民生基础需求,城市更新,大学路社区,6,1.3
民生基础需求,城市更新,山河园路社区,6,1.3
民生基础需求,城市更新,金家台社区,6,1.3
民生基础需求,城市更新,赵家湾社区,6,1.3
民生基础需求,城市更新,翁家堰社区,6,1.3
民生基础需求,城市更新,香锦社区,5,1.1
民生基础需求,城市更新,古塔社区,5,1.1
民生基础需求,城市更新,磨盘社区,5,1.1
民生基础需求,城市更新,黑虎山社区,4,0.9
民生基础需求,城市更新,沙河社区,4,0.9
民生基础需求,城市更新,白沙脑社区,4,0.9
民生基础需求,城市更新,张家店社区,4,0.9
民生基础需求,城市更新,珠海路社区,4,0.9
民生基础需求,城市更新,新隆康路社区,4,0.9
民生基础需求,城市更新,桐岭社区,4,0.9
民生基础需求,城市更新,山庄路社区,4,0.9
民生基础需求,城市更新,八一路社区,3,0.6
民生基础需求,城市更新,冯家湾社区,3,0.6
民生基础需求,城市更新,朝阳路社区,3,0.6
民生基础需求,城市更新,刘家大堰社区,3,0.6
民生基础需求,城市更新,蔡家畈社区,3,0.6
民生基础需求,城市更新,桔城路社区,3,0.6
民生基础需求,城市更新,张家坡社区,3,0.6
民生基础需求,城市更新,金安岭社区,3,0.6
民生基础需求,城市更新,石板社区,3,0.6
民生基础需求,城市更新,营盘社区,2,0.4
民生基础需求,城市更新,解放路社区,2,0.4
民生基础需求,城市更新,李家湖社区,2,0.4
民生基础需求,城市更新,东湖社区,2,0.4
民生基础需求,城市更新,朝阳社区,2,0.4
民生基础需求,城市更新,铁路坝社区,2,0.4
民生基础需求,城市更新,平云社区,2,0.4
民生基础需求,城市更新,桃花岭社区,2,0.4
民生基础需求,城市更新,东城社区,2,0.4
民生基础需求,城市更新,张家湾社区,2,0.4
民生基础需求,城市更新,白沙路社区,2,0.4
民生基础需求,城市更新,长江社区,2,0.4
民生基础需求,城市更新,下马槽社区,2,0.4
民生基础需求,城市更新,杨岔路社区,2,0.4
民生基础需求,城市更新,黄金卡社区,2,0.4
民生基础需求,城市更新,丁家坝社区,1,0.2
民生基础需求,城市更新,石板冲社区,1,0.2
民生基础需求,城市更新,锦湖社区,1,0.2
民生基础需求,城市更新,学堂湾社区,1,0.2
民生基础需求,城市更新,四方堰社区,1,0.2
民生基础需求,城市更新,船柴社区,1,0.2
民生基础需求,城市更新,肖家岗社区,1,0.2
民生基础需求,城市更新,东门外正街社区,1,0.2
民生基础需求,城市更新,青岛路社区,1,0.2
民生基础需求,城市更新,望洲社区,1,0.2
民生基础需求,城市更新,东艳路社区,1,0.2
民生基础需求,城市更新,夷陵路社区,1,0.2
民生基础需求,城市更新,王家坝社区,1,0.2
民生基础需求,城市更新,云池社区,1,0.2
民生基础需求,城市更新,常刘路社区,1,0.2
民生基础需求,城市更新,花艳社区,1,0.2
民生基础需求,城市更新,徐家坝社区,1,0.2
民生基础需求,城市更新,东星社区,1,0.2
民生基础需求,城市更新,黄河路社区,1,0.2
民生基础需求,城市更新,西峡社区,1,0.2
民生基础需求,城市更新,东站路社区,1,0.2
民生基础需求,城市更新,气象台社区,1,0.2
民生基础需求,城市更新,汕头路社区,1,0.2
民生基础需求,城市更新,中南路社区,1,0.2
民生基础需求,城市更新,常家湾社区,1,0.2
民生基础需求,城市更新,唐家湾社区,1,0.2
民生基础需求,城市更新,镇境山社区,1,0.2
民生基础需求,市政管网,万达社区,9,13.0
民生基础需求,市政管网,体育场路社区,4,5.8
民生基础需求,市政管网,白家冲社区,4,5.8
民生基础需求,市政管网,鑫鼎社区,3,4.3
民生基础需求,市政管网,朝阳路社区,3,4.3
民生基础需求,市政管网,建设社区,3,4.3
民生基础需求,市政管网,柏临河路社区,3,4.3
民生基础需求,市政管网,合益路社区,2,2.9
民生基础需求,市政管网,汕头路社区,2,2.9
民生基础需求,市政管网,枫香树社区,2,2.9
民生基础需求,市政管网,营盘路社区,2,2.9
民生基础需求,市政管网,胜利二路社区,2,2.9
民生基础需求,市政管网,小林园社区,2,2.9
民生基础需求,市政管网,白马山社区,2,2.9
民生基础需求,市政管网,杨岔路社区,2,2.9
民生基础需求,市政管网,临江溪社区,1,1.4
民生基础需求,市政管网,沈家店社区,1,1.4
民生基础需求,市政管网,张家店社区,1,1.4
民生基础需求,市政管网,沙河社区,1,1.4
民生基础需求,市政管网,胜利四路社区,1,1.4
民生基础需求,市政管网,岳湾路社区,1,1.4
民生基础需求,市政管网,徐家坝社区,1,1.4
民生基础需求,市政管网,中南路社区,1,1.4
民生基础需求,市政管网,魏家湾社区,1,1.4
民生基础需求,市政管网,东站路社区,1,1.4
民生基础需求,市政管网,朱市街社区,1,1.4
民生基础需求,市政管网,刘家大堰社区,1,1.4
民生基础需求,市政管网,桐岭社区,1,1.4
民生基础需求,市政管网,艾家嘴社区,1,1.4
民生基础需求,市政管网,肖家岗社区,1,1.4
民生基础需求,市政管网,韩家坝社区,1,1.4
民生基础需求,市政管网,解放路社区,1,1.4
民生基础需求,市政管网,营盘社区,1,1.4
民生基础需求,市政管网,果园路社区,1,1.4
民生基础需求,市政管网,白龙井社区,1,1.4
民生基础需求,市政管网,东城社区,1,1.4
民生基础需求,市政管网,苏家榜社区,1,1.4
民生基础需求,市政管网,山河园路社区,1,1.4
民生基础需求,市政管网,古塔社区,1,1.4
民生基础需求,施工管理,建设社区,25,14.0
民生基础需求,施工管理,港务社区,19,10.7
民生基础需求,施工管理,万达社区,13,7.3
民生基础需求,施工管理,胜利二路社区,9,5.1
民生基础需求,施工管理,张家湾社区,7,3.9
民生基础需求,施工管理,胜利四路社区,6,3.4
民生基础需求,施工管理,营盘路社区,6,3.4
民生基础需求,施工管理,宝联社区,5,2.8
民生基础需求,施工管理,东星社区,5,2.8
民生基础需求,施工管理,张家店社区,4,2.2
民生基础需求,施工管理,伍临路社区,4,2.2
民生基础需求,施工管理,大学路社区,4,2.2
民生基础需求,施工管理,徐家坝社区,4,2.2
民生基础需求,施工管理,体育场路社区,3,1.7
民生基础需求,施工管理,东站路社区,3,1.7
民生基础需求,施工管理,魏家湾社区,3,1.7
民生基础需求,施工管理,艾家嘴社区,3,1.7
民生基础需求,施工管理,大树湾社区,3,1.7
民生基础需求,施工管理,胡家冲社区,3,1.7
民生基础需求,施工管理,沈家店社区,2,1.1
民生基础需求,施工管理,花溪路社区,2,1.1
民生基础需求,施工管理,石板溪社区,2,1.1
民生基础需求,施工管理,柏临河路社区,2,1.1
民生基础需求,施工管理,气象台社区,2,1.1
民生基础需求,施工管理,白沙脑社区,2,1.1
民生基础需求,施工管理,汕头路社区,2,1.1
民生基础需求,施工管理,朝阳路社区,2,1.1
民生基础需求,施工管理,黑虎山社区,2,1.1
民生基础需求,施工管理,苏家榜社区,2,1.1
民生基础需求,施工管理,东城社区,2,1.1
民生基础需求,施工管理,黄河路社区,1,0.6
民生基础需求,施工管理,虎牙社区,1,0.6
民生基础需求,施工管理,锦云社区,1,0.6
民生基础需求,施工管理,韩家坝社区,1,0.6
民生基础需求,施工管理,船柴社区,1,0.6
民生基础需求,施工管理,六泉湖社区,1,0.6
民生基础需求,施工管理,学堂湾社区,1,0.6
民生基础需求,施工管理,绿洲社区,1,0.6
民生基础需求,施工管理,绿萝路社区,1,0.6
民生基础需求,施工管理,冯家湾社区,1,0.6
民生基础需求,施工管理,新隆康路社区,1,0.6
民生基础需求,施工管理,小林园社区,1,0.6
民生基础需求,施工管理,三峡物流园社区,1,0.6
民生基础需求,施工管理,蔡家畈社区,1,0.6
民生基础需求,施工管理,桐岭社区,1,0.6
民生基础需求,施工管理,珠海路社区,1,0.6
民生基础需求,施工管理,二马路社区,1,0.6
民生基础需求,施工管理,山河园路社区,1,0.6
民生基础需求,施工管理,大堰湾社区,1,0.6
民生基础需求,施工管理,合益路社区,1,0.6
民生基础需求,施工管理,刘家大堰社区,1,0.6
民生基础需求,施工管理,白家冲社区,1,0.6
民生基础需求,施工管理,平湖馨苑社区,1,0.6
民生基础需求,施工管理,兴安社区,1,0.6
民生基础需求,施工管理,果园路社区,1,0.6
民生基础需求,施工管理,枫香树社区,1,0.6
民生基础需求,施工管理,环城东路社区,1,0.6
民生基础需求,物业管理,万达社区,30,6.7
民生基础需求,物业管理,伍临路社区,29,6.5
民生基础需求,物业管理,港务社区,25,5.6
民生基础需求,物业管理,张家湾社区,19,4.3
民生基础需求,物业管理,岳湾路社区,18,4.0
民生基础需求,物业管理,建设社区,14,3.1
民生基础需求,物业管理,枫香树社区,14,3.1
民生基础需求,物业管理,艾家嘴社区,12,2.7
民生基础需求,物业管理,朝阳路社区,12,2.7
民生基础需求,物业管理,花溪路社区,11,2.5
民生基础需求,物业管理,胜利二路社区,11,2.5
民生基础需求,物业管理,胜利四路社区,11,2.5
民生基础需求,物业管理,中南路社区,10,2.2
民生基础需求,物业管理,大学路社区,10,2.2
民生基础需求,物业管理,营盘路社区,9,2.0
民生基础需求,物业管理,白马山社区,8,1.8
民生基础需求,物业管理,体育场路社区,7,1.6
民生基础需求,物业管理,白沙路社区,7,1.6
民生基础需求,物业管理,东站路社区,6,1.3
民生基础需求,物业管理,白家冲社区,6,1.3
民生基础需求,物业管理,沈家店社区,6,1.3
民生基础需求,物业管理,柏临河路社区,6,1.3
民生基础需求,物业管理,合益路社区,5,1.1
民生基础需求,物业管理,磨盘社区,5,1.1
民生基础需求,物业管理,魏家湾社区,5,1.1
民生基础需求,物业管理,果园路社区,5,1.1
民生基础需求,物业管理,东城社区,5,1.1
民生基础需求,物业管理,金家台社区,5,1.1
民生基础需求,物业管理,白沙脑社区,4,0.9
民生基础需求,物业管理,东星社区,4,0.9
民生基础需求,物业管理,古塔社区,4,0.9
民生基础需求,物业管理,鑫鼎社区,4,0.9
民生基础需求,物业管理,宝联社区,4,0.9
民生基础需求,物业管理,东湖社区,4,0.9
民生基础需求,物业管理,常刘路社区,4,0.9
民生基础需求,物业管理,小林园社区,4,0.9
民生基础需求,物业管理,桔城路社区,4,0.9
民生基础需求,物业管理,翁家堰社区,3,0.7
民生基础需求,物业管理,八一路社区,3,0.7
民生基础需求,物业管理,香锦社区,3,0.7
民生基础需求,物业管理,石板溪社区,3,0.7
民生基础需求,物业管理,气象台社区,3,0.7
民生基础需求,物业管理,珠海路社区,3,0.7
民生基础需求,物业管理,大堰湾社区,3,0.7
民生基础需求,物业管理,沙河社区,3,0.7
民生基础需求,物业管理,临江溪社区,3,0.7
民生基础需求,物业管理,汕头路社区,3,0.7
民生基础需求,物业管理,港虹社区,3,0.7
民生基础需求,物业管理,船柴社区,3,0.7
民生基础需求,物业管理,韩家坝社区,3,0.7
民生基础需求,物业管理,蔡家畈社区,3,0.7
民生基础需求,物业管理,金安岭社区,3,0.7
民生基础需求,物业管理,绿萝路社区,3,0.7
民生基础需求,物业管理,东山社区,2,0.4
民生基础需求,物业管理,西峡社区,2,0.4
民生基础需求,物业管理,兴安社区,2,0.4
民生基础需求,物业管理,三峡物流园社区,2,0.4
民生基础需求,物业管理,张家店社区,2,0.4
民生基础需求,物业管理,北山坡社区,2,0.4
民生基础需求,物业管理,黄金卡社区,2,0.4
民生基础需求,物业管理,黄河路社区,2,0.4
民生基础需求,物业管理,红光社区,2,0.4
民生基础需求,物业管理,山河园路社区,2,0.4
民生基础需求,物业管理,石板社区,2,0.4
民生基础需求,物业管理,赵家湾社区,1,0.2
民生基础需求,物业管理,龙盘湖社区,1,0.2
民生基础需求,物业管理,解放路社区,1,0.2
民生基础需求,物业管理,望洲社区,1,0.2
民生基础需求,物业管理,刘家大堰社区,1,0.2
民生基础需求,物业管理,冯家湾社区,1,0.2
民生基础需求,物业管理,甲街社区,1,0.2
民生基础需求,物业管理,青岛路社区,1,0.2
民生基础需求,物业管理,石板冲社区,1,0.2
民生基础需求,物业管理,山庄路社区,1,0.2
民生基础需求,物业管理,六泉湖社区,1,0.2
民生基础需求,物业管理,常家湾社区,1,0.2
民生基础需求,物业管理,朱市街社区,1,0.2
民生基础需求,物业管理,五龙社区,1,0.2
民生基础需求,物业管理,平云社区,1,0.2
民生基础需求,物业管理,张家坡社区,1,0.2
民生基础需求,物业管理,东艳路社区,1,0.2
民生基础需求,物业管理,徐家坝社区,1,0.2
民生基础需求,物业管理,英雄山社区,1,0.2
民生基础需求,物业管理,新隆康路社区,1,0.2
民生基础需求,物业管理,苏家榜社区,1,0.2
民生基础需求,物业管理,杨岔路社区,1,0.2
民生基础需求,物业管理,东门外正街社区,1,0.2
民生基础需求,物业管理,土城路社区,1,0.2
民生基础需求,物业管理,胡家冲社区,1,0.2
民生基础需求,物业管理,花艳社区,1,0.2
民生基础需求,物业管理,白龙井社区,1,0.2
民生基础需求,物业管理,桐岭新村社区,1,0.2
民生基础需求,环境治理,港务社区,58,13.6
民生基础需求,环境治理,万达社区,25,5.9
民生基础需求,环境治理,建设社区,18,4.2
民生基础需求,环境治理,大学路社区,17,4.0
民生基础需求,环境治理,体育场路社区,14,3.3
民生基础需求,环境治理,伍临路社区,13,3.0
民生基础需求,环境治理,营盘路社区,13,3.0
民生基础需求,环境治理,胜利四路社区,12,2.8
民生基础需求,环境治理,张家湾社区,11,2.6
民生基础需求,环境治理,宝联社区,9,2.1
民生基础需求,环境治理,金斗山社区,9,2.1
民生基础需求,环境治理,白家冲社区,8,1.9
民生基础需求,环境治理,朝阳路社区,8,1.9
民生基础需求,环境治理,小林园社区,8,1.9
民生基础需求,环境治理,岳湾路社区,7,1.6
民生基础需求,环境治理,艾家嘴社区,7,1.6
民生基础需求,环境治理,花溪路社区,6,1.4
民生基础需求,环境治理,花艳社区,6,1.4
民生基础需求,环境治理,气象台社区,6,1.4
民生基础需求,环境治理,山庄路社区,5,1.2
民生基础需求,环境治理,杨岔路社区,5,1.2
民生基础需求,环境治理,石板溪社区,5,1.2
民生基础需求,环境治理,西峡社区,5,1.2
民生基础需求,环境治理,胜利二路社区,5,1.2
民生基础需求,环境治理,八一路社区,5,1.2
民生基础需求,环境治理,东星社区,4,0.9
民生基础需求,环境治理,绿萝路社区,4,0.9
民生基础需求,环境治理,磨盘社区,4,0.9
民生基础需求,环境治理,五龙社区,4,0.9
民生基础需求,环境治理,唐家湾社区,4,0.9
民生基础需求,环境治理,翁家堰社区,4,0.9
民生基础需求,环境治理,常刘路社区,4,0.9
民生基础需求,环境治理,叶家坝社区,4,0.9
民生基础需求,环境治理,柏临河路社区,4,0.9
民生基础需求,环境治理,蔡家畈社区,4,0.9
民生基础需求,环境治理,白沙路社区,4,0.9
民生基础需求,环境治理,张家店社区,4,0.9
民生基础需求,环境治理,胡家冲社区,3,0.7
民生基础需求,环境治理,沈家店社区,3,0.7
民生基础需求,环境治理,果园路社区,3,0.7
民生基础需求,环境治理,枫香树社区,3,0.7
民生基础需求,环境治理,桃花岭社区,3,0.7
民生基础需求,环境治理,东站路社区,3,0.7
民生基础需求,环境治理,北山坡社区,2,0.5
民生基础需求,环境治理,黄河路社区,2,0.5
民生基础需求,环境治理,学堂湾社区,2,0.5
民生基础需求,环境治理,金安岭社区,2,0.5
民生基础需求,环境治理,肖家岗社区,2,0.5
民生基础需求,环境治理,珠海路社区,2,0.5
民生基础需求,环境治理,六泉湖社区,2,0.5
民生基础需求,环境治理,桔城路社区,2,0.5
民生基础需求,环境治理,东城社区,2,0.5
民生基础需求,环境治理,魏家湾社区,2,0.5
民生基础需求,环境治理,东山花园社区,2,0.5
民生基础需求,环境治理,大树湾社区,2,0.5
民生基础需求,环境治理,韩家坝社区,2,0.5
民生基础需求,环境治理,环城东路社区,2,0.5
民生基础需求,环境治理,东门外正街社区,2,0.5
民生基础需求,环境治理,中南路社区,2,0.5
民生基础需求,环境治理,黄金卡社区,2,0.5
民生基础需求,环境治理,黄龙寺社区,2,0.5
民生基础需求,环境治理,白龙井社区,2,0.5
民生基础需求,环境治理,桐岭社区,2,0.5
民生基础需求,环境治理,沙河社区,2,0.5
民生基础需求,环境治理,鑫鼎社区,2,0.5
民生基础需求,环境治理,夷陵路社区,2,0.5
民生基础需求,环境治理,香锦社区,2,0.5
民生基础需求,环境治理,南苑社区,2,0.5
民生基础需求,环境治理,望洲社区,1,0.2
民生基础需求,环境治理,临江溪社区,1,0.2
民生基础需求,环境治理,土城路社区,1,0.2
民生基础需求,环境治理,金家台社区,1,0.2
民生基础需求,环境治理,张家坡社区,1,0.2
民生基础需求,环境治理,东湖社区,1,0.2
民生基础需求,环境治理,朱市街社区,1,0.2
民生基础需求,环境治理,云池社区,1,0.2
民生基础需求,环境治理,新隆康路社区,1,0.2
民生基础需求,环境治理,谭家河社区,1,0.2
民生基础需求,环境治理,三峡物流园社区,1,0.2
民生基础需求,环境治理,红光社区,1,0.2
民生基础需求,环境治理,合益路社区,1,0.2
民生基础需求,环境治理,锦绣社区,1,0.2
民生基础需求,环境治理,深圳路社区,1,0.2
民生基础需求,环境治理,城东社区,1,0.2
民生基础需求,环境治理,王家坝社区,1,0.2
民生基础需求,环境治理,石板社区,1,0.2
民生基础需求,环境治理,二马路社区,1,0.2
民生基础需求,环境治理,新金岭社区,1,0.2
民生基础需求,环境治理,鸡山社区,1,0.2
民生基础需求,环境治理,锦云社区,1,0.2
民生基础需求,环境治理,山河园路社区,1,0.2
民生基础需求,环境治理,白沙脑社区,1,0.2
民生基础需求,环境治理,船柴社区,1,0.2
民生基础需求,环境治理,解放路社区,1,0.2
民生基础需求,街面秩序,万达社区,26,12.3
民生基础需求,街面秩序,建设社区,17,8.0
民生基础需求,街面秩序,港务社区,16,7.5
民生基础需求,街面秩序,大学路社区,11,5.2
民生基础需求,街面秩序,宝联社区,10,4.7
民生基础需求,街面秩序,枫香树社区,9,4.2
民生基础需求,街面秩序,岳湾路社区,6,2.8
民生基础需求,街面秩序,果园路社区,6,2.8
民生基础需求,街面秩序,沈家店社区,6,2.8
民生基础需求,街面秩序,合益路社区,5,2.4
民生基础需求,街面秩序,白沙路社区,5,2.4
民生基础需求,街面秩序,鑫鼎社区,5,2.4
民生基础需求,街面秩序,胡家冲社区,4,1.9
民生基础需求,街面秩序,伍临路社区,4,1.9
民生基础需求,街面秩序,胜利四路社区,4,1.9
民生基础需求,街面秩序,小林园社区,4,1.9
民生基础需求,街面秩序,石板溪社区,3,1.4
民生基础需求,街面秩序,锦湖社区,3,1.4
民生基础需求,街面秩序,艾家嘴社区,3,1.4
民生基础需求,街面秩序,白马山社区,3,1.4
民生基础需求,街面秩序,虎牙社区,3,1.4
民生基础需求,街面秩序,东星社区,3,1.4
民生基础需求,街面秩序,营盘路社区,3,1.4
民生基础需求,街面秩序,体育场路社区,3,1.4
民生基础需求,街面秩序,朝阳路社区,3,1.4
民生基础需求,街面秩序,王家坝社区,3,1.4
民生基础需求,街面秩序,临江溪社区,2,0.9
民生基础需求,街面秩序,古塔社区,2,0.9
民生基础需求,街面秩序,韩家坝社区,2,0.9
民生基础需求,街面秩序,珠海路社区,2,0.9
民生基础需求,街面秩序,西峡社区,2,0.9
民生基础需求,街面秩序,白龙井社区,2,0.9
民生基础需求,街面秩序,黄金卡社区,2,0.9
民生基础需求,街面秩序,东城社区,2,0.9
民生基础需求,街面秩序,白沙脑社区,2,0.9
民生基础需求,街面秩序,磨盘社区,2,0.9
民生基础需求,街面秩序,香锦社区,1,0.5
民生基础需求,街面秩序,六泉湖社区,1,0.5
民生基础需求,街面秩序,常刘路社区,1,0.5
民生基础需求,街面秩序,白家冲社区,1,0.5
民生基础需求,街面秩序,肖家岗社区,1,0.5
民生基础需求,街面秩序,红光社区,1,0.5
民生基础需求,街面秩序,张家湾社区,1,0.5
民生基础需求,街面秩序,新隆康路社区,1,0.5
民生基础需求,街面秩序,胜利二路社区,1,0.5
民生基础需求,街面秩序,金家台社区,1,0.5
民生基础需求,街面秩序,黄河路社区,1,0.5
民生基础需求,街面秩序,张家店社区,1,0.5
民生基础需求,街面秩序,柏临河路社区,1,0.5
民生基础需求,街面秩序,桃花岭社区,1,0.5
民生基础需求,街面秩序,徐家坝社区,1,0.5
民生基础需求,街面秩序,花溪路社区,1,0.5
民生基础需求,街面秩序,八一路社区,1,0.5
民生基础需求,街面秩序,大堰湾社区,1,0.5
民生基础需求,街面秩序,翁家堰社区,1,0.5
民生基础需求,街面秩序,常家湾社区,1,0.5
民生基础需求,街面秩序,三峡物流园社区,1,0.5
民生基础需求,街面秩序,气象台社区,1,0.5
民生基础需求,街面秩序,蔡家畈社区,1,0.5
民生基础需求,街面秩序,铁路坝社区,1,0.5
