社区,体检安全,体检民生,12345安全,12345民生,bldg_n,area_km2,resi_km2,TJ安/百栋,TJ民/百栋,热线安/千栋,热线民/千栋,体检点/km2,热线件/km2,TJ安EB,TJ民EB,热线安EB,热线民EB,score,rank_v2,rank_v1
胜利四路社区,6,10,20,95,44,0.23648954935887614,0.028462761028837474,13.636363636363635,22.727272727272727,454.5454545454545,2159.090909090909,562.1380154858961,4040.366986304878,13.158596947345272,19.928451178130207,422.19874429204316,2139.324282603488,0.8948170731707317,1,6.0
绿萝路社区,21,10,20,41,52,0.19415996677995695,0.03908007692733619,40.38461538461539,19.230769230769234,384.61538461538464,788.4615384615385,793.2430649417621,1560.8976439176608,38.83422897136043,17.245505066545626,361.7106398887618,783.9678748546338,0.8932926829268293,2,65.0
胜利二路社区,6,3,9,102,30,0.2937001635977891,0.02452748304573265,20.0,10.0,300.0,3400.0,366.93532651593625,4525.535693696547,18.85827205326888,8.678517049613955,271.8033196006052,3352.0382881728297,0.8528963414634146,3,5.0
港务社区,2,15,83,334,106,0.29778494658391214,0.05096656393850951,1.8867924528301887,14.150943396226415,783.0188679245283,3150.943396226415,333.5520130513463,8181.8346730830235,1.9342662084256512,13.44328833136019,757.4504059973596,3138.3155425926307,0.8521341463414634,4,8.0
宝联社区,3,26,29,127,94,0.722575362722934,0.05159950629725509,3.1914893617021276,27.659574468085108,308.51063829787233,1351.063829787234,562.0208812258093,3023.284740387112,3.2134362188692687,25.879565572154185,298.4245021698998,1345.773164505156,0.8429878048780488,5,7.0
汕头路社区,14,3,10,97,39,3.180385339188553,0.030673913740386145,35.8974358974359,7.6923076923076925,256.4102564102564,2487.1794871794873,554.2168548781343,3488.3060865859047,34.1113504424904,6.996003174617446,238.0435950831769,2461.0077997058183,0.8429878048780488,6,2.0
果园路社区,25,26,11,62,93,0.43476168298271195,0.05069830836913655,26.881720430107524,27.956989247311824,118.27956989247312,666.6666666666666,1005.9507238124557,1439.8902517315544,26.327007620559506,26.13727218296918,115.6304673614034,664.7556463830447,0.836890243902439,7,3.0
赵家湾社区,13,13,8,20,44,0.32115911278496106,0.024782028440730734,29.545454545454547,29.545454545454547,181.8181818181818,454.5454545454545,1049.1473715391053,1129.8510155036518,28.27046692626954,25.7624629276379,171.35692047169542,452.7672739049771,0.8323170731707317,8,4.0
体育场路社区,4,15,29,107,89,1.0090519358675896,0.04608713399192749,4.49438202247191,16.853932584269664,325.8426966292135,1202.247191011236,412.2625634158113,2950.9320328710705,4.484413571656824,15.813437269458127,314.49666926646296,1197.44144602029,0.8277439024390244,9,12.0
朝阳路社区,7,4,58,536,84,2.351654379148879,0.03898557538571295,8.333333333333332,4.761904761904762,690.4761904761905,6380.952380952382,282.1556406739907,15236.4045963955,8.2195569189711,4.646254162454038,662.5483762031324,6347.090330316879,0.8262195121951219,10,23.0
韩家坝社区,11,6,7,35,40,0.20911868765890884,0.032857305456293895,27.500000000000004,15.0,175.0,875.0,517.3887439617666,1278.2545439055411,26.216694213625612,13.174577367547558,164.1812789714519,868.1703438098352,0.8246951219512195,11,9.0
香锦社区,13,21,7,32,67,0.5875582183498853,0.03743570069320851,19.402985074626866,31.343283582089555,104.4776119402985,477.6119402985075,908.2239512126508,1041.786296979217,18.890642149653853,28.55010240534067,101.60416716913224,476.27949107391635,0.8125,12,1.0
临江溪社区,0,1,7,31,8,0.9191560971757422,0.00506865998176888,0.0,12.5,875.0,3875.0,1.0879544868087847,41.34227049873382,0.9225710238943776,8.09024852087089,607.9552349956259,3676.131682201889,0.7987804878048781,13,11.0
金安岭社区,73,11,9,11,56,0.19030687452416517,0.039858009424470375,130.35714285714286,19.642857142857142,160.71428571428572,196.42857142857142,2107.4810612200104,501.7812050523834,125.33215438216261,17.73457338198027,153.70481073526298,197.17337173627166,0.7942073170731707,14,13.0
小林园社区,3,6,13,80,56,0.1773175497078636,0.025920145379688748,5.357142857142857,10.714285714285714,232.14285714285714,1428.5714285714287,347.2202747386008,3587.9428389655413,5.307195771494501,9.85094718144102,220.5509456191077,1419.0763693947906,0.7926829268292683,15,51.0
鑫鼎社区,0,1,4,38,8,0.33320269490504395,0.00480081970012554,0.0,12.5,500.0,4750.0,3.0011762068280383,126.04940068677762,0.9225710238943776,8.09024852087089,354.5535765489253,4502.646824913822,0.791158536585366,16,24.0
建设社区,0,9,52,320,66,0.3081234590168105,0.028646408347113607,0.0,13.636363636363635,787.8787878787879,4848.484848484849,314.17551167132035,12985.921149081241,0.1393717112217425,12.595205120052352,747.3989355860293,4816.272603096309,0.7835365853658537,17,39.0
花艳社区,0,2,12,85,23,1.5914616182016916,0.013841282469171257,0.0,8.695652173913043,521.7391304347826,3695.6521739130435,144.4952810156579,7008.021129259408,0.3760501792867164,7.388344865683038,454.47179700949806,3627.473413330762,0.774390243902439,18,14.0
伍临路社区,0,8,21,200,55,0.48281000102584687,0.027799031726926896,0.0,14.545454545454545,381.8181818181818,3636.363636363636,287.77980753376323,7949.917183120209,0.1661172911799229,13.21272604816443,360.26377562153715,3608.0185195936483,0.7705792682926829,19,17.0
珠海路社区,2,3,12,62,42,0.548008452559792,0.03658252706491372,4.761904761904762,7.142857142857142,285.7142857142857,1476.1904761904764,136.67727194263455,2022.823624750991,4.727354581622104,6.571338884354394,266.0955088710823,1463.0391712640317,0.7667682926829268,20,19.0
万达社区,0,7,50,451,69,0.38603090929269407,0.03678963973487424,0.0,10.144927536231885,724.6376811594203,6536.231884057971,190.27095808618222,13617.96428588247,0.13350928721716246,9.483747993389043,689.1581316621623,6494.009268464898,0.7637195121951219,21,129.0
翁家堰社区,1,8,10,41,53,0.12230625982252441,0.02362995649434431,1.8867924528301887,15.09433962264151,188.67924528301887,773.5849056603774,380.8724744014699,2158.277354941663,1.9797480291579406,13.650069956548558,179.41104567537496,769.3058546262386,0.7621951219512195,22,18.0
大学路社区,1,6,44,178,97,1.8850592306007283,0.07417226837719469,1.0309278350515463,6.185567010309279,453.6082474226804,1835.0515463917525,94.37489446058588,2993.0323671785804,1.1027055600988998,5.983117139808963,438.2983482662738,1827.5934222201631,0.7560975609756098,23,31.0
新隆康路社区,47,15,9,55,130,0.2667614147030625,0.06005376073504424,36.15384615384615,11.538461538461538,69.23076923076924,423.0769230769231,1032.4082828641244,1065.7117758597412,35.59159023021245,11.095501714627716,68.72088638438528,422.58403748538285,0.7560975609756098,24,20.0
沈家店社区,0,3,2,81,21,0.2605152366695955,0.011808723879430343,0.0,14.285714285714285,95.23809523809523,3857.1428571428573,254.0494663632292,7028.701902716007,0.4082998171882611,11.426565370970494,88.47121243861015,3779.082813192737,0.7469512195121951,25,59.0
西峡社区,82,9,4,31,78,0.2575131596177812,0.04876105846506202,105.12820512820514,11.538461538461538,51.28205128205128,397.4358974358974,1866.243327453664,717.7858951744862,102.20865370672763,10.825855119112402,51.2901328628683,396.76973561832597,0.743140243902439,26,22.0
白沙路社区,0,6,8,57,39,0.2993244084356639,0.026904266477885436,0.0,15.384615384615385,205.1282051282051,1461.5384615384614,223.01295613957117,2415.973691512021,0.23043963547671933,13.458374051184627,191.35706887015618,1447.5617603602066,0.7408536585365854,27,33.0
气象台社区,1,10,15,32,69,0.4492466597828349,0.041496298129931816,1.4492753623188406,14.492753623188406,217.3913043478261,463.768115942029,265.08388689413135,1132.6311530931066,1.5356168725584503,13.40928880705509,208.64573909989429,462.5675483871354,0.7408536585365854,28,26.0
营盘路社区,0,37,10,107,66,0.3343695820302909,0.018969356001181874,0.0,56.060606060606055,151.51515151515153,1621.212121212121,1950.5142925091784,6167.842492529024,0.1393717112217425,50.730606805208446,146.01499870926443,1611.7854456370658,0.7378048780487805,29,29.0
山庄路社区,1,11,16,37,78,0.2524153273662153,0.03303847395296575,1.282051282051282,14.102564102564102,205.1282051282051,474.35897435897436,363.21290193619257,1604.1903168848505,1.3635508264497307,13.167156146070976,197.91964771261027,473.2327655502833,0.7347560975609755,30,103.0
三峡物流园社区,0,2,11,27,23,1.0493339460527145,0.016871628028187483,0.0,8.695652173913043,478.26086956521743,1173.913043478261,118.54220568747684,2252.30190806206,0.3760501792867164,7.388344865683038,417.2124628590197,1156.1592263834928,0.7332317073170732,31,104.0
唐家湾社区,0,1,11,20,15,0.8331321786071991,0.01158450035834681,0.0,6.666666666666667,733.3333333333333,1333.3333333333333,86.32223825514276,2675.9893859094254,0.5497333466656118,5.564593047669017,594.3829734187254,1301.5617098559876,0.7301829268292683,32,109.0
学堂湾社区,3,7,9,29,62,0.5596359397852347,0.037487253914718015,4.838709677419355,11.29032258064516,145.16129032258067,467.7419354838709,266.75733631355325,1013.6778779915024,4.812130799982743,10.440010717255296,139.6974580496839,466.37698534839427,0.729420731707317,33,49.0
枫香树社区,0,1,11,115,28,1.2221850216095247,0.022336871576045542,0.0,3.571428571428571,392.85714285714283,4107.142857142857,44.76902670078552,5640.897364298975,0.31403908809957093,3.522401677502268,351.6931920532226,4044.1550775056767,0.7225609756097561,34,35.0
杨岔路社区,3,18,3,28,63,0.384383215872779,0.03018751546953986,4.761904761904762,28.57142857142857,47.61904761904761,444.4444444444444,695.6518174272954,1026.9145876307696,4.738462058986433,25.911750311526298,47.83932854439177,443.27326249849415,0.7210365853658537,35,16.0
东门外正街社区,22,13,2,6,52,0.18603485670994463,0.03710121685270978,42.30769230769231,25.0,38.46153846153847,115.38461538461539,943.3652847276811,215.62635079489854,40.67513075762894,22.29409004111872,39.35479030991693,116.91106655417624,0.7073170731707317,36,15.0
肖家岗社区,14,6,7,18,70,0.23308312977059226,0.04580611019922959,20.0,8.571428571428571,100.0,257.1428571428571,436.6229726342574,545.7787157928218,19.489748243509034,8.06964202509639,97.47609306575733,257.33535912186676,0.7073170731707317,37,78.0
桔城路社区,20,6,4,27,73,0.5193814294289878,0.04475722206733513,27.397260273972602,8.21917808219178,54.794520547945204,369.86301369863014,580.9118349857421,692.6256494060772,26.67936726544354,7.768620561119557,54.627643204741666,369.3276410577707,0.7012195121951219,38,27.0
合益路社区,18,2,2,55,54,0.28694391768862104,0.042454722407043025,33.33333333333333,3.7037037037037033,37.03703703703704,1018.5185185185186,471.0901135625398,1342.6068236532383,32.12861125554185,3.659445007161176,37.993949008635376,1012.207737450213,0.6859756097560976,39,25.0
环城东路社区,21,7,3,11,64,0.1302662763553754,0.034838509404036704,32.8125,10.9375,46.875,171.875,803.7083238915976,401.8541619457988,31.80765639451838,10.14766594025433,47.13413845579607,172.70611192470682,0.6829268292682926,40,69.0
桃花岭社区,15,16,4,11,90,0.14163022983547316,0.04282530586686541,16.666666666666664,17.77777777777778,44.44444444444444,122.22222222222221,723.871070445411,350.26019537681174,16.350762237794527,16.677575267420046,44.7312163158381,123.07204609046352,0.6783536585365855,41,10.0
张家湾社区,0,0,28,159,39,0.849480117963023,0.03000639525221945,0.0,0.0,717.9487179487179,4076.9230769230767,0.0,6232.004825243658,0.23043963547671933,0.5336322980502666,658.2223310003633,4031.8491606915163,0.6714939024390243,42,47.0
张家店社区,0,12,10,62,80,0.16771456038632548,0.03140777047435553,0.0,15.0,125.0,775.0,382.07105498933805,2292.4263299360287,0.11566938568108819,14.00979518110037,121.63240682071789,772.1484534962397,0.663109756097561,43,116.0
花溪路社区,0,0,15,57,31,2.0996166274889383,0.02086928778477008,0.0,0.0,483.8709677419355,1838.7096774193546,0.0,3450.045863689892,0.28576528121774575,0.644740327855033,436.22282380978186,1815.555207137584,0.6600609756097561,44,46.0
北山坡社区,5,5,5,20,68,0.14257782690825688,0.03319439404002969,7.352941176470589,7.352941176470589,73.52941176470588,294.11764705882354,301.25568757004055,753.1392189251013,7.245638866071223,6.957764073756309,72.34976866619253,294.0623437268121,0.6585365853658537,45,45.0
镇境山社区,67,15,4,1,78,0.28489547867118364,0.04254428540704787,85.8974358974359,19.230769230769234,51.28205128205128,12.82051282051282,1927.4033919116177,117.52459706778157,83.53363465482431,17.84975819998813,51.2901328628683,14.454585958539331,0.6577743902439024,46,82.0
叶家坝社区,4,3,1,6,26,0.7175608205166195,0.018924103158107983,15.384615384615385,11.538461538461538,38.46153846153847,230.76923076923077,369.8986388689637,369.8986388689637,14.45990977625893,9.717157896262659,40.13312123090375,231.74932760320735,0.65625,47,68.0
船柴社区,3,2,4,12,39,1.0845775389903636,0.028184152199691465,7.6923076923076925,5.128205128205128,102.56410256410255,307.69230769230774,177.4046621865296,567.6949189968948,7.490634808408222,4.8418795490950535,97.98401644411481,307.4349660963934,0.6554878048780488,48,40.0
白马山社区,4,1,1,46,31,0.2635220767920432,0.024135624327342037,12.903225806451612,3.225806451612903,32.25806451612903,1483.8709677419356,207.16265434806886,1947.3289508718472,12.290133719523109,3.2473758460461655,34.37330862030404,1466.0081251581703,0.6547256097560976,49,54.0
新金岭社区,0,0,2,7,6,10.577202389360119,0.07752597945640381,0.0,0.0,333.3333333333333,1166.6666666666667,0.0,116.09011666935581,1.1443108376951399,1.8455895687871673,223.35077554311258,1102.785066138023,0.6539634146341464,50,75.0
东星社区,0,0,9,55,30,0.5136883661619005,0.022865738634312197,0.0,0.0,300.0,1833.3333333333333,0.0,2798.9474131380985,0.2946066996347681,0.6619689673178505,271.8033196006052,1809.5017425922156,0.6486280487804879,51,38.0
中南路社区,0,0,6,53,28,0.1897055702785351,0.022903588362667204,0.0,0.0,214.28571428571428,1892.857142857143,0.0,2576.0155599098116,0.31403908809957093,0.6993444923090819,194.6526512294538,1866.3701520171828,0.6425304878048781,52,
刘家大堰社区,20,5,1,21,64,0.1566179180315651,0.048762841451284074,31.25,7.8125,15.625,328.125,512.6854640941289,451.1632084028334,30.299842977729114,7.347431487259193,17.65253367359954,327.81871407345767,0.6371951219512195,53,32.0
夷陵路社区,10,8,5,9,81,0.21300710219584235,0.025423536019567337,12.345679012345679,9.876543209876543,61.72839506172839,111.1111111111111,708.005368967803,550.6708425305134,12.116028144719648,9.327623005794864,61.26349978739119,112.11882018269966,0.6371951219512195,54,90.0
青岛路社区,1,3,1,23,35,1.2914184887568831,0.031529077481648,2.857142857142857,8.571428571428571,28.57142857142857,657.1428571428571,126.86701671903542,761.2021003142124,2.9345796388330734,7.655652009078834,30.83321888830505,652.2329131752693,0.634908536585366,55,44.0
长江社区,3,3,4,16,55,1.2308382606661796,0.050108231053675054,5.454545454545454,5.454545454545454,72.72727272727272,290.9090909090909,119.740806526834,399.13602175611334,5.399782728420976,5.202805407165953,71.33933177911466,290.8679722508922,0.6295731707317074,56,41.0
山河园路社区,1,2,1,21,31,0.25130969153427746,0.01882297178229123,3.225806451612903,6.451612903225806,32.25806451612903,677.4193548387096,159.37972147535274,1168.7846241525867,3.286857390794086,5.8500113642372975,34.37330862030404,671.5829388413206,0.6257621951219512,57,42.0
东艳路社区,4,1,2,7,28,0.19038474965376706,0.01727495819299984,14.285714285714285,3.571428571428571,71.42857142857143,250.0,289.43630103985436,520.9853418717379,13.506127719412921,3.522401677502268,69.02021857043871,250.5942395579779,0.6257621951219512,58,37.0
胡家冲社区,0,1,14,69,53,0.31532844395816034,0.032151272730571605,0.0,1.8867924528301887,264.1509433962264,1301.8867924528302,31.102967785444225,2581.546326191871,0.17212284715398515,2.0649990653141717,249.78536920129963,1292.9708918845456,0.6234756097560975,59,137.0
黄河路社区,3,5,16,32,122,1.2549226852782587,0.04283113194257902,2.459016393442623,4.098360655737705,131.14754098360658,262.29508196721315,186.78002745117948,1120.6801647070768,2.4896963272530024,4.054721744579762,128.71637550373438,262.3861053445769,0.6234756097560975,60,80.0
岳湾路社区,0,2,19,206,83,0.5303052562788673,0.06373622418075824,0.0,2.4096385542168677,228.9156626506024,2481.927710843374,31.379329819223802,3530.1746046626777,0.1116023057052377,2.485801296546884,221.07057981432666,2469.5816928818804,0.6196646341463414,61,150.0
常家湾社区,14,13,2,5,82,0.19340733300107676,0.041872118345262783,17.073170731707318,15.853658536585366,24.390243902439025,60.97560975609756,644.8204931350136,167.17568340537392,16.71610448546039,14.814741770597054,25.600611951159614,62.25639739487097,0.6189024390243902,62,62.0
柏临河路社区,0,1,16,72,60,1.9192683521326808,0.04248887261144095,0.0,1.6666666666666667,266.6666666666667,1200.0,23.53557387000969,2071.130500560853,0.15278978122706136,1.8506051471052016,253.72501050628327,1192.906945187849,0.6097560975609756,63,67.0
幸福路社区,48,17,1,0,58,0.39670805651742547,0.03143917898594929,82.75862068965517,29.310344827586203,17.241379310344826,0.0,2067.484015058078,31.807446385508893,79.73186521482106,26.36356292109027,19.36529345828476,2.2959257737443255,0.6028963414634146,64,43.0
王家河社区,17,8,1,5,66,0.4348553808844383,0.03829887921772783,25.757575757575758,12.121212121212121,15.151515151515152,75.75757575757576,652.76061625396,156.66254790095041,25.021837481999714,11.233226488439634,17.147012235671973,77.24229981151272,0.6021341463414634,65,28.0
土街头社区,9,4,1,3,38,0.1802121440348813,0.019252636706939875,23.684210526315788,10.526315789473683,26.31578947368421,78.94736842105263,675.2321875638974,207.7637500196607,22.556917226142755,9.351571204820425,28.622366557875196,81.47384077471601,0.6021341463414634,66,55.0
东站路社区,0,0,8,61,41,0.7615922221029092,0.03243569054268235,0.0,0.0,195.1219512195122,1487.8048780487804,0.0,2127.2862962236745,0.2198009819553981,0.5115916642391108,182.82175615893175,1474.205003210414,0.5960365853658537,67,48.0
铁路坝社区,4,21,0,7,56,0.24018512444888973,0.04307029844365168,7.142857142857142,37.5,0.0,125.0,580.4464074635373,162.52499408979045,7.021838037361189,33.50182578305876,3.3010072466124556,126.33841535027057,0.5914634146341463,68,64.0
八一路社区,1,1,4,33,58,0.3781411293886754,0.033148545046578964,1.7241379310344827,1.7241379310344827,68.9655172413793,568.9655172413793,60.3344731175888,1116.1877526753929,1.8156475202001037,1.9071790344803778,67.87843656721874,566.6947334936772,0.5891768292682926,69,30.0
苏家榜社区,8,5,2,11,70,0.31608298923540357,0.039667395909295564,11.428571428571429,7.142857142857142,28.57142857142857,157.14285714285714,327.72506745151907,327.72506745151907,11.193426093629121,6.7780293481372125,29.761119385868017,158.00131486932383,0.5838414634146342,70,95.0
黑虎山社区,0,0,0,8,4,4.564465540101656,0.0032405339136315917,0.0,0.0,0.0,2000.0,0.0,1.7526696016685954,1.506365592714998,2.1687368426617404,25.198481182705184,1820.0280816682669,0.5777439024390244,71,34.0
张家坡社区,1,1,10,32,85,0.25721046785904333,0.04230185176654287,1.1764705882352942,1.1764705882352942,117.6470588235294,376.4705882352941,47.279254133783056,992.8643368094441,1.2542434024158138,1.3500226792879055,114.78673504630748,375.9741017762662,0.5746951219512195,72,57.0
古塔社区,0,2,13,37,68,0.590280659624233,0.040861005790054056,0.0,2.941176470588235,191.17647058823528,544.1176470588235,48.94642119863869,1223.6605299659673,0.1354078509667144,2.9801759787337145,183.71002940395263,542.3488226500358,0.5746951219512195,73,50.0
深圳路社区,78,29,0,7,127,0.363686308987658,0.08586224903873872,61.417322834645674,22.83464566929134,0.0,55.118110236220474,1246.1821254149131,81.5259334383588,60.388566220092954,21.75804358824508,1.5097089969752915,55.96831141250002,0.5731707317073171,74,36.0
石板溪社区,0,3,13,40,80,0.1824654475571495,0.057172412486287114,0.0,3.75,162.5,500.0,52.4728600655002,927.0205278238368,0.11566938568108819,3.714973329521355,157.41531381767388,498.7522445809214,0.5685975609756098,75,66.0
四方堰社区,2,9,2,3,65,0.1575406341194584,0.02724828837686222,3.076923076923077,13.846153846153847,30.76923076923077,46.15384615384615,403.69508160889137,183.4977643676779,3.1122741877521025,12.769117775601504,31.922768837487688,47.87345262466047,0.5625,76,98.0
金家台社区,2,2,1,41,63,0.19127098485130223,0.02898464087870884,3.1746031746031744,3.1746031746031744,15.873015873015872,650.7936507936508,138.00412489975915,1449.0433114474713,3.2075655796851046,3.191768305643695,17.916639313228423,648.0967151642785,0.5625,77,63.0
长樵溪社区,1,13,1,2,51,0.19840311096743857,0.03565236277803086,1.9607843137254901,25.49019607843137,19.607843137254903,39.21568627450981,392.6808466289606,84.14589570620583,2.054005469365935,22.67569054299687,21.8372070800205,41.466299240506935,0.5624999999999999,78,79.0
桥北社区,17,20,0,0,48,0.20315657973058807,0.0327345518814396,35.41666666666667,41.66666666666667,0.0,0.0,1130.3041548883673,0.0,33.97220126605237,36.533344217629704,3.8104326342871855,2.7696124255017494,0.5609756097560976,79,58.0
大堰湾社区,0,3,14,52,91,0.299644801421075,0.04598249645279628,0.0,3.296703296703297,153.84615384615387,571.4285714285714,65.24221674392288,1435.3287683663034,0.10203515038529652,3.299776917645527,149.70151328381826,569.9643967937619,0.5594512195121951,80,72.0
金斗山社区,0,0,12,20,45,1.303813086191352,0.028542796400331034,0.0,0.0,266.6666666666667,444.4444444444444,0.0,1121.123507002589,0.2012214897109315,0.47255569485104,249.75021185830667,442.80962488668644,0.5564024390243902,81,71.0
李家湖社区,0,1,3,12,38,0.39085491909600895,0.027744556549017464,0.0,2.631578947368421,78.94736842105263,315.7894736842105,36.04310626602585,540.6465939903878,0.23615473366819517,2.746928151868178,76.42475653730577,315.42666367143886,0.541920731707317,82,61.0
常刘路社区,0,2,3,22,52,0.3396401904361982,0.020492960944744898,0.0,3.8461538461538463,57.69230769230769,423.0769230769231,97.59448648697439,1219.93108108718,0.17529145972181906,3.7826118010173784,57.26344861985275,421.85132177724256,0.538109756097561,83,120.0
白家冲社区,0,0,11,65,66,0.38796431253279223,0.0471426071932111,0.0,0.0,166.66666666666666,984.8484848484849,0.0,1612.1297595722408,0.1393717112217425,0.33739743553789664,160.33366387299694,979.9147385324262,0.5335365853658537,84,81.0
樵湖岭社区,10,14,0,1,64,0.14925713124354353,0.04183516626454107,15.625,21.875,0.0,15.625,573.6800434409192,23.903335143371635,15.22170880983644,19.94848652573731,2.9117312825012753,17.593509775955898,0.5289634146341463,85,77.0
白沙脑社区,0,0,1,17,26,0.23867668809503978,0.018325281192742234,0.0,0.0,38.46153846153847,653.8461538461538,0.0,982.2495933720754,0.33621604759530666,0.7411931025865327,40.13312123090375,647.3251970921252,0.5251524390243902,86,
锦绣社区,0,0,6,4,30,0.1494277806126075,0.023668551183441952,0.0,0.0,200.0,133.33333333333334,0.0,422.5015685368947,0.2946066996347681,0.6619689673178505,183.14798761887275,135.68549100474021,0.5228658536585367,87,108.0
二马路社区,25,12,2,4,158,0.31000827542319126,0.03832594615761569,15.822784810126583,7.59493670886076,12.658227848101266,25.31645569620253,965.4034331686756,156.55190808140685,15.65308887994378,7.403901647362356,13.57849390080745,26.088594498036827,0.5182926829268293,88,70.0
白龙井社区,0,4,8,47,111,0.5943466105480959,0.04593781632329144,0.0,3.6036036036036037,72.07207207207207,423.4234234234234,87.07423034324589,1197.270667219631,0.08402701995506304,3.5869219747168604,71.3828485651185,422.84506642972934,0.5076219512195121,89,83.0
解放路社区,0,5,1,9,50,0.17959038408792938,0.026392105703441495,0.0,10.0,20.0,180.0,189.45059011899937,378.90118023799874,0.1819920495021215,9.1387829232726,22.242809759658357,180.9861081602793,0.5060975609756098,90,74.0
中书街社区,5,1,0,6,34,0.4157557303654487,0.024115012181617188,14.705882352941178,2.941176470588235,0.0,176.47058823529412,248.8076702931871,248.8076702931871,14.028225888352749,3.0121870926065264,5.2202526766397055,177.96248172682206,0.5038109756097561,91,56.0
金巴岭社区,0,1,3,0,16,2.1863109775439864,0.0,0.0,6.25,187.5,0.0,0.45739147370670924,1.3721744211201277,0.5197280385689961,5.32701928603458,161.17459675450544,8.150996467660391,0.5015243902439025,92,21.0
艾家嘴社区,2,2,4,72,166,0.8647559272138877,0.0807268765186768,1.2048192771084338,1.2048192771084338,24.096385542168676,433.73493975903614,49.549792739405305,941.4460620487007,1.2447751027280831,1.2960975420311454,24.714764285871965,433.31859762076397,0.5,93,52.0
石子岭社区,6,4,2,0,60,0.1921953870112926,0.046016507000892506,10.0,6.666666666666667,33.333333333333336,0.0,217.31332193045523,43.46266438609104,9.780331760653938,6.300152333213253,34.42302829595311,2.219988860647303,0.4847560975609756,94,60.0
东山花园社区,0,3,6,26,100,0.5289175894828887,0.07609875392841625,0.0,3.0,60.0,260.0,39.42245891203432,420.50622839503274,0.09306031110698994,3.0233174505414766,59.68406783460531,260.1216753615767,0.4695121951219512,95,107.0
峡州社区,0,6,0,1,34,0.3285072083075165,0.014369433969760767,0.0,17.647058823529413,0.0,29.41176470588235,417.55298174072004,69.59216362345335,0.26216210268390727,15.082895083182585,5.2202526766397055,32.90584220854826,0.4657012195121952,96,96.0
魏家湾社区,0,0,8,58,103,0.48285254079776824,0.03019607418482223,0.0,0.0,77.66990291262135,563.1067961165048,0.0,2185.7145930968163,0.09040955394847806,0.22434353050380398,76.72793095560537,561.8501754000837,0.4573170731707317,97,73.0
竹涛山社区,0,1,1,4,35,0.24699574101084604,0.020691573145302136,0.0,2.857142857142857,28.57142857142857,114.28571428571428,48.32885315088004,241.6442657544002,0.25513762115015365,2.941182775740769,30.83321888830505,116.55831443941342,0.4458841463414634,98,76.0
城东社区,8,8,0,3,109,0.42050846981894413,0.07808104640564614,7.339449541284404,7.339449541284404,0.0,27.522935779816514,204.9152865713006,38.421616232118865,7.271948377709027,7.084300279927978,1.7505369294865942,28.631235629906413,0.43902439024390244,99,89.0
墨池巷社区,4,1,0,0,24,0.16637833471404015,0.02083847339517351,16.666666666666664,4.166666666666666,0.0,0.0,239.94080109333112,0.0,15.558636887426427,3.9707926684449,7.0954167019231935,5.486106712360948,0.4344512195121952,100,94.0
清波路社区,15,4,0,0,60,0.3519018589892524,0.03622447109198304,25.0,6.666666666666667,0.0,0.0,524.5073130744745,0.0,24.221644729794257,6.300152333213253,3.094173694477377,2.219988860647303,0.43445121951219506,101,93.0
徐家坝社区,0,2,6,31,129,0.2524392460822421,0.02218261375676818,0.0,1.550387596899225,46.51162790697674,240.31007751937986,90.16070071498117,1667.9729632271517,0.0725095625882793,1.6476200333480084,46.65446726198417,240.47586977555272,0.4169207317073171,102,88.0
平湖馨苑社区,0,2,0,6,46,0.17518781025247407,0.045430888244958216,0.0,4.3478260869565215,0.0,130.43478260869566,44.0229121036821,132.0687363110463,0.19705724138116262,4.207444636478888,3.9633425780145726,132.00633343212078,0.40777439024390244,103,128.0
东山社区,0,0,4,6,59,0.19820684963456972,0.02764099066884371,0.0,0.0,67.79661016949153,101.6949152542373,0.0,361.78153380268566,0.15528141174404547,0.37295434492250673,66.79823905695383,103.149721724104,0.4054878048780488,104,139.0
尚书巷社区,3,5,0,0,62,0.3393979925818536,0.03188744806588107,4.838709677419355,8.064516129032258,0.0,0.0,250.88241565996745,0.0,4.812130799982743,7.559104125314012,3.000181446172203,2.1489142988176586,0.40472560975609756,105,91.0
石板社区,0,0,8,23,104,5.268713647776033,0.03129561763832972,0.0,0.0,76.92307692307693,221.15384615384613,0.0,990.5540244724981,0.08955921035539573,0.22233008306447063,76.01642590283639,221.4453664239795,0.40396341463414637,106,143.0
松林路社区,0,0,0,1,11,0.22588349741048744,0.009578584972132587,0.0,0.0,0.0,90.9090909090909,0.0,4.427060902916458,0.7148035249317543,1.344685659496718,13.311533862710874,98.89371818112753,0.40091463414634143,107,97.0
东湖社区,17,8,12,14,654,0.2373096652212995,0.31239617996278934,2.599388379204893,1.2232415902140672,18.34862385321101,21.406727828746178,80.02658676228961,83.22765023278119,2.6047033596840374,1.2469676801938325,18.5418169337971,21.596492429137985,0.40091463414634143,108,99.0
丫口社区,27,7,0,0,115,0.18133735308404023,0.04453508170920108,23.47826086956522,6.086956521739131,0.0,0.0,763.4430811648315,0.0,23.094905005558264,5.920252039057519,1.662154922469816,1.1625701931200938,0.3978658536585366,109,106.0
王家坝社区,0,0,3,35,94,0.7132863302902659,0.055694966674593616,0.0,0.0,31.914893617021274,372.3404255319149,0.0,682.2878667298758,0.09885718498420298,0.2442512429267819,32.68156410616598,371.91175624096496,0.3871951219512195,110,105.0
五龙社区,0,0,10,14,117,5.813371417806615,0.8835254791730477,0.0,0.0,85.47008547008546,119.65811965811966,0.0,27.163902531099897,0.07980176822932808,0.19910045043149402,84.38944453044135,120.32285749335975,0.38109756097560976,111,112.0
土城路社区,0,0,9,16,119,0.32497230747073896,0.045980447947741886,0.0,0.0,75.63025210084034,134.45378151260505,0.0,543.7093616054639,0.07848622294745525,0.19595068979331498,74.87471611424996,135.04927146517358,0.3780487804878049,112,132.0
沙河社区,0,1,15,39,246,3.001243271617827,0.059864428252014164,0.0,0.40650406504065045,60.97560975609756,158.53658536585365,16.704410769451467,902.0381815503791,0.03834567036497177,0.49234992596292376,60.829310157201874,158.77937764396458,0.3780487804878049,113,111.0
鸡山社区,0,0,3,2,55,5.607384124182448,0.1937981033494981,0.0,0.0,54.54545454545454,36.36363636363636,0.0,25.80004609737038,0.1661172911799229,0.3968530225668655,54.343776258972156,38.47608277916072,0.3742378048780488,114,130.0
环城北路社区,1,4,0,0,58,0.09642610703299656,0.03685389451277472,1.7241379310344827,6.896551724137931,0.0,0.0,135.67087186041744,0.0,1.8156475202001037,6.492751013219733,3.1942457553067634,2.2959257737443255,0.37347560975609756,115,92.0
英雄山社区,2,3,0,2,93,0.20643021991751526,0.023483415327886673,2.1505376344086025,3.225806451612903,0.0,21.505376344086024,212.91621896507,85.166487586028,2.1980633476332123,3.234059096879095,2.0397656105936344,22.833607286942172,0.3658536585365854,116,113.0
东锦苑社区,0,0,2,0,38,0.6289315025302938,0.021492130931459005,0.0,0.0,52.63157894736842,0.0,0.0,93.05731508793804,0.23615473366819517,0.5453804675507621,52.523561547590475,3.489566475808387,0.36051829268292684,117,53.0
甲街社区,0,6,0,1,65,0.9314697158892612,0.018056592435450085,0.0,9.230769230769232,0.0,15.384615384615385,332.2886099051746,55.381434984195764,0.14144196107766405,8.62676390621655,2.869433529863171,17.324780595966246,0.3536585365853658,118,117.0
东方社区,0,0,2,0,39,0.14926656118921733,0.032398184663935015,0.0,0.0,51.28205128205128,0.0,0.0,61.7318538290313,0.23043963547671933,0.5336322980502666,51.29749023109408,3.401154292709856,0.3513719512195122,119,87.0
上导堤社区,0,9,0,1,79,0.9953170675344184,0.033213023298074996,0.0,11.39240506329114,0.0,12.658227848101266,270.97804133120377,30.10867125902264,0.11709176239382611,10.700588623446718,2.3844915101792243,14.272697015356833,0.34603658536585363,120,122.0
绿洲社区,0,0,1,2,46,0.8598757663196883,0.3170031653406754,0.0,0.0,21.73913043478261,43.47826086956522,0.0,9.46362790029549,0.19705724138116262,0.46371007942631093,24.027985940485706,45.92798731336714,0.34527439024390244,121,86.0
镇平路社区,14,12,0,0,203,0.3492160320829292,0.10032357970454159,6.896551724137931,5.911330049261084,0.0,0.0,259.1614062872499,0.0,6.864960954087006,5.820537558122818,0.9549880186139241,0.6597612688612932,0.3429878048780488,122,121.0
锦云社区,0,0,9,47,210,2.6781172075738455,0.6306966426310131,0.0,0.0,42.857142857142854,223.80952380952382,0.0,88.79070572881201,0.044847348540983795,0.1139375342589192,43.01148273685563,223.94830235470974,0.3384146341463415,123,124.0
南苑社区,0,13,0,5,122,0.48147124277261666,0.054005065703254605,0.0,10.655737704918032,0.0,40.983606557377044,240.71815913403393,92.58390735924382,0.07659226871611789,10.236022813487711,1.5696947744229748,41.922681015516865,0.3384146341463415,124,102.0
光明路社区,6,2,0,0,83,0.18197609483135793,0.04161745837485339,7.228915662650602,2.4096385542168677,0.0,0.0,192.22701991897367,0.0,7.143851940131088,2.485801296546884,2.274656347659626,1.6082699739178212,0.3376524390243903,125,127.0
廖家湾社区,0,0,0,2,36,0.35489409512765335,0.024664948591941203,0.0,0.0,0.0,55.55555555555555,0.0,81.08672890781786,0.24847975031478567,0.5705001324612176,4.958184644107564,58.52159192655282,0.3323170731707317,126,118.0
福久源社区,0,0,0,8,59,0.2879368252129897,0.016813844543751334,0.0,0.0,0.0,135.59322033898306,0.0,475.79838026830726,0.15528141174404547,0.37295434492250673,3.143413466194745,136.78052267800751,0.3155487804878049,127,85.0
夜明珠社区,4,2,0,0,94,0.9374781101272958,0.04240413137986919,4.25531914893617,2.127659574468085,0.0,0.0,141.49564688049293,0.0,4.251629230164291,2.2161984990211976,2.018917406504384,1.4210030969791816,0.3132621951219512,128,84.0
红光社区,0,0,0,5,54,2.151950001116463,0.1989154339981591,0.0,0.0,0.0,92.59259259259258,0.0,25.136309935840742,0.16906675393545129,0.40331404962871703,3.4151521057679615,94.25936620429675,0.30640243902439024,129,135.0
磨盘社区,0,0,2,27,132,10.840974551455123,5.4111443324905615,0.0,0.0,15.151515151515152,204.54545454545456,0.0,5.35931001246317,0.07089009609612987,0.17767991352021756,16.177460835660256,204.83419421808338,0.30640243902439024,130,114.0
朱市街社区,0,0,10,26,240,3.170066819241295,0.515209353045208,0.0,0.0,41.666666666666664,108.33333333333334,0.0,69.87450788153902,0.0392951292614826,0.10012260323684938,41.82076022493655,108.68015907878465,0.29878048780487804,131,115.0
桐岭新村社区,0,0,1,5,80,0.7869884363211461,0.25656568953186415,0.0,0.0,12.5,62.5,0.0,23.385823766801174,0.11566938568108819,0.28336604566168366,14.28368582984996,63.803730397460356,0.29420731707317077,132,101.0
冯家湾社区,0,0,11,97,405,1.2783384808205769,0.48175139264998434,0.0,0.0,27.160493827160494,239.50617283950618,0.0,224.18201928991041,0.02337723380886568,0.06006604499982066,27.388607951199937,239.56004196008456,0.28810975609756095,133,123.0
六泉湖社区,0,0,8,14,231,4.885879724558363,2.1889521356042883,0.0,0.0,34.63203463203463,60.60606060606061,0.0,10.05047101860298,0.0408108773311202,0.10390204135723347,34.90702884041091,61.063136696287444,0.27439024390243905,134,142.0
江山社区,0,2,1,1,96,0.32588777899738,0.05758087982373037,0.0,2.083333333333333,10.416666666666666,10.416666666666666,34.733752004528334,34.733752004528334,0.09684628231481998,2.173341353828805,11.99460867433699,11.75753557479461,0.274390243902439,135,100.0
锦江社区,0,0,0,6,71,1.8548585272457123,0.40772743987433246,0.0,0.0,0.0,84.50704225352112,0.0,14.715713030865148,0.12986752245080732,0.31588594048923535,2.6393847402686164,85.8304425491654,0.2621951219512195,136,119.0
东城社区,0,0,26,165,887,1.1887657432658134,0.677534101149691,0.0,0.0,29.312288613303267,186.02029312288613,0.0,281.9046298568541,0.01070709094557807,0.027696744423444306,29.407705840587763,186.07318835422265,0.24085365853658536,137,133.0
长江新村社区,0,0,1,0,74,7.375692769778656,1.5997686988376492,0.0,0.0,13.513513513513514,0.0,0.0,0.6250903650800108,0.12476274748623871,0.3042471826212188,15.384704748211737,1.8026377317738427,0.23018292682926833,138,136.0
望洲社区,0,3,5,7,425,0.3483347163820872,0.08786046828105956,0.0,0.7058823529411765,11.76470588235294,16.47058823529412,34.14504906123659,136.58019624494636,0.0222831044451038,0.7510537161549752,12.120002486806527,16.767934267187325,0.22942073170731703,139,125.0
至喜社区,0,0,2,5,155,1.6990153522359297,0.5463814532633295,0.0,0.0,12.903225806451612,32.25806451612903,0.0,12.811562248666478,0.0605261262238944,0.15251938636591408,13.83495172416904,33.02414912469282,0.22865853658536586,140,140.0
朝阳社区,0,0,3,28,282,0.35928141946807063,0.2283633720506526,0.0,0.0,10.638297872340425,99.29078014184398,0.0,135.7485647616203,0.03349044283494403,0.08559315920959586,11.186470931287507,99.6010601008873,0.22560975609756098,141,154.0
龙盘湖社区,0,1,5,6,363,2.1628734234162583,0.11256373918354005,0.0,0.27548209366391185,13.774104683195592,16.528925619834713,8.883855558222498,97.72241114044749,0.02606485174994481,0.3368385107860222,14.168422458286,16.87691713089853,0.21798780487804875,142,148.0
港虹社区,0,0,5,47,456,1.0707095780907285,0.5288007975435951,0.0,0.0,10.964912280701753,103.0701754385965,0.0,98.3357064542117,0.020775916401046965,0.053455732178264284,11.302933580551306,103.2582952385723,0.2027439024390244,143,146.0
兴安社区,0,0,5,78,658,1.5010021572827899,0.42799207111546156,0.0,0.0,7.598784194528876,118.54103343465046,0.0,193.92882625998152,0.014420319923629004,0.03722836321560851,7.853162736031172,118.66041717403512,0.1951219512195122,144,152.0
润城社区,0,0,0,1,94,0.5346220120022117,0.3765489647991438,0.0,0.0,0.0,10.638297872340425,0.0,2.655697116398695,0.09885718498420298,0.2442512429267819,2.018917406504384,12.006453186807345,0.18064024390243902,145,
梅子溪社区,0,0,3,3,254,1.2230566625315364,0.7481571222288116,0.0,0.0,11.811023622047244,11.811023622047244,0.0,8.0197057833595,0.03714886979173768,0.09476072368378041,12.401265018552603,12.316775460947264,0.17682926829268295,146,138.0
云池社区,0,0,2,5,288,3.516387628436694,0.6512581175511551,0.0,0.0,6.944444444444444,17.36111111111111,0.0,10.748426486139211,0.03279830373247409,0.08385477165587406,7.529937204044671,17.79822414711962,0.17530487804878048,147,147.0
锦湖社区,0,0,2,8,380,1.5054436674944367,1.0741836816324501,0.0,0.0,5.263157894736842,21.052631578947366,0.0,9.30939481858715,0.024905872137926693,0.06394204799999524,5.7251326345976,21.3794944331113,0.16920731707317072,148,110.0
黄金卡社区,0,0,13,65,963,2.4210505692977544,0.6026832613205066,0.0,0.0,13.499480789200415,67.49740394600208,0.0,129.42121509911928,0.009864118773032953,0.02552763521706862,13.650183619716502,67.60385779191249,0.16768292682926828,149,145.0
平云社区,0,0,1,30,425,0.9049012801437827,0.4864360553378985,0.0,0.0,2.352941176470588,70.58823529411765,0.0,63.72882860927347,0.0222831044451038,0.05728792719321311,2.7924907203193245,70.82588934710097,0.16692073170731708,150,
下马槽社区,0,0,0,5,152,7.453363916338428,0.04281146391338248,0.0,0.0,0.0,32.89473684210526,0.0,116.79114757944646,0.061702752474263656,0.15538948248133305,1.2675183632119964,33.67393535095388,0.16615853658536583,151,141.0
谭家河社区,0,0,0,2,129,8.142024661386186,8.142024661386186,0.0,0.0,0.0,15.503875968992247,0.0,0.24563914789954694,0.0725095625882793,0.18158718237290336,1.4869790758801793,16.4845353569941,0.15472560975609756,152,126.0
蔡家畈社区,0,0,2,15,642,2.184645300715707,0.7358882268137252,0.0,0.0,3.115264797507788,23.36448598130841,0.0,23.101334388249693,0.014778410139553586,0.03814556846796315,3.4025956647767734,23.55636494022946,0.13109756097560976,153,155.0
桐岭社区,0,0,3,18,703,0.9115994116570868,0.42049944857186766,0.0,0.0,4.2674253200568995,25.604551920341393,0.0,49.94061245816565,0.013500293142042421,0.034870222630047666,4.523702115918306,25.778298081130085,0.13109756097560976,154,158.0
后坪社区,0,0,0,0,134,0.8124543575377838,0.02604014546623746,0.0,0.0,0.0,0.0,0.0,0.0,0.06985005104909472,0.1751671620244069,1.433040059257892,0.9983034452228022,0.10670731707317073,155,131.0
营盘社区,0,0,1,19,660,0.43452794652357496,0.27722882498073753,0.0,0.0,1.5151515151515151,28.78787878787879,0.0,72.14257031673976,0.014376775130395768,0.037116804620743946,1.8039446933255237,28.970674828444547,0.10670731707317073,156,151.0
虎牙社区,0,0,0,5,399,5.590594928564548,0.666264673947712,0.0,0.0,0.0,12.531328320802004,0.0,7.504525146702279,0.02372673790118718,0.06095279755244072,0.4903416154155381,12.852655342602139,0.09908536585365854,157,156.0
茶庵社区,0,0,0,0,167,0.36284964380453955,0.04092007148848392,0.0,0.0,0.0,0.0,0.0,0.0,0.05623656590322904,0.14202629240343373,1.1562277023370617,0.801586704837837,0.09298780487804878,158,134.0
黄龙寺社区,0,0,3,8,837,9.589751971577686,3.333011588830039,0.0,0.0,3.5842293906810037,9.557945041816009,0.0,3.3003185578065284,0.011344933222454782,0.029336725679222745,3.8027839059055144,9.712882866277115,0.09298780487804878,159,153.0
石板冲社区,0,0,1,3,503,6.457713090136135,1.9448041186467542,0.0,0.0,1.9880715705765406,5.964214711729622,0.0,2.056762406891294,0.018843545337515668,0.048533498216152285,2.362740219878901,6.225287609748021,0.09146341463414634,160,149.0
峡江社区,0,0,0,1,428,0.5581723292220788,0.4091272649586588,0.0,0.0,0.0,2.336448598130841,0.0,2.444227226217855,0.022127756967827608,0.0568932214863029,0.4574128856427921,2.6471935675193183,0.06859756097560976,161,
丁家坝社区,0,0,0,6,627,5.6329866620108655,0.5009016478905512,0.0,0.0,0.0,9.569377990430622,0.0,11.978399402892403,0.015130656577408714,0.039047464987963416,0.31312063848682425,9.776161503619036,0.06554878048780488,162,157.0
平湖社区,0,0,0,0,441,0.36917498936690707,0.15919828035712857,0.0,0.0,0.0,0.0,0.0,0.0,0.021478880174869232,0.0552438579301619,0.44404542306360195,0.304078135264457,0.04268292682926829,163,144.0
双桥社区,0,0,0,1,761,0.5299271970126511,0.3720787156350304,0.0,0.0,0.0,1.314060446780552,0.0,2.687603343000392,0.01247449037518931,0.03223824260204154,0.25826181150396854,1.489542872259009,0.024390243902439025,164,
