社区,体检安全,体检民生,12345安全,12345民生,bldg_n,area_km2,resi_km2,TJ安/百栋,TJ民/百栋,热线安/千栋,热线民/千栋,体检点/km2,热线件/km2,TJ安EB,TJ民EB,热线安EB,热线民EB,score,rank_new,rank_old,Δ(old-new)
香锦社区,13,21,33,148,67,0.5875582183498853,0.03743570069320851,19.402985074626866,31.343283582089555,492.5373134328358,2208.9552238805973,908.2239512126508,4834.9569167497,18.898108793831188,28.52154748935073,482.6152877724719,2202.6557930766467,0.9145569620253164,1,1,0
汕头路社区,14,3,48,597,39,3.180385339188553,0.030673913740386145,35.8974358974359,7.6923076923076925,1230.769230769231,15307.692307692309,554.2168548781343,21027.639493905685,34.116568752048934,7.02863962662086,1184.735938367872,15218.892102939935,0.8876582278481012,2,4,2
果园路社区,25,26,23,104,93,0.43476168298271195,0.05069830836913655,26.881720430107524,27.956989247311824,247.31182795698925,1118.279569892473,1005.9507238124557,2505.014547532978,26.33089041820143,26.120160356380634,244.2899450536191,1116.4700784169374,0.879746835443038,3,2,-1
赵家湾社区,13,13,15,44,44,0.32115911278496106,0.024782028440730734,29.545454545454547,29.545454545454547,340.9090909090909,1000.0,1049.1473715391053,2380.7574969541233,28.277623156635773,25.730329399421965,331.3365108062523,996.8107906614691,0.879746835443038,4,8,4
胜利二路社区,6,3,24,188,30,0.2937001635977891,0.02452748304573265,20.0,10.0,800.0,6266.666666666667,366.93532651593625,8643.365469042054,18.874300824258228,8.711386661707925,762.8026454084288,6221.300397472865,0.8718354430379747,5,21,16
胜利四路社区,6,10,20,78,44,0.23648954935887614,0.028462761028837474,13.636363636363635,22.727272727272727,454.5454545454545,1772.7272727272727,562.1380154858961,3443.0953448511136,13.172223789886528,19.91546970108684,440.96122181996213,1765.4565107681858,0.8718354430379747,6,10,4
宝联社区,3,26,52,414,94,0.722575362722934,0.05159950629725509,3.1914893617021276,27.659574468085108,553.1914893617021,4404.255319148936,562.0208812258093,9031.094160387142,3.2220391713659526,25.863051814005356,545.0499451054603,4394.317794947515,0.8718354430379747,7,20,13
港务社区,2,15,168,985,106,0.29778494658391214,0.05096656393850951,1.8867924528301887,14.150943396226415,1584.9056603773586,9292.45283018868,333.5520130513463,22622.67476754131,1.9421505625622528,13.447061801119457,1562.234626479411,9272.887090094397,0.8575949367088608,8,5,-3
韩家坝社区,11,6,9,50,40,0.20911868765890884,0.032857305456293895,27.500000000000004,15.0,225.0,1250.0,517.3887439617666,1795.6432878673077,26.225488962519606,13.184540116138924,218.9924443287835,1245.0419360313456,0.8433544303797468,9,16,7
桃花岭社区,15,16,19,69,90,0.14163022983547316,0.04282530586686541,16.666666666666664,17.77777777777778,211.11111111111111,766.6666666666667,723.871070445411,2054.8598128772956,16.356914887283956,16.676354396483244,208.62653869067088,765.7074483783601,0.8196202531645569,10,3,-7
临江溪社区,0,1,13,133,8,0.9191560971757422,0.00506865998176888,0.0,12.5,1625.0,16625.0,1.0879544868087847,158.84135507408257,1.0071150452467172,8.175886681733518,1364.4223419337586,16164.482730870866,0.805379746835443,11,52,41
体育场路社区,4,15,24,94,89,1.0090519358675896,0.04608713399192749,4.49438202247191,16.853932584269664,269.6629213483146,1056.1797752808989,412.2625634158113,2560.367499108723,4.49321134994745,15.813718966649867,266.11045504379973,1054.451768610572,0.8037974683544304,12,7,-5
金安岭社区,73,11,9,11,56,0.19030687452416517,0.039858009424470375,130.35714285714286,19.642857142857142,160.71428571428572,196.42857142857142,2107.4810612200104,501.7812050523834,125.30482706484254,17.72988460854429,158.17193198689574,197.25864569796565,0.7990506329113924,13,12,-1
花艳社区,0,2,45,182,23,1.5914616182016916,0.013841282469171257,0.0,8.695652173913043,1956.5217391304348,7913.043478260869,144.4952810156579,16400.21439527717,0.4109784078275453,7.4358784780572575,1833.0770550991676,7837.452611497718,0.7832278481012658,14,37,23
东门外正街社区,22,13,4,9,52,0.18603485670994463,0.03710121685270978,42.30769230769231,25.0,76.92307692307693,173.07692307692307,943.3652847276811,350.39282004171014,40.67670396220349,22.27612785077105,76.70765870684814,174.07501616308173,0.7768987341772152,15,17,2
杨岔路社区,3,18,8,44,63,0.384383215872779,0.03018751546953986,4.761904761904762,28.57142857142857,126.98412698412697,698.4126984126983,695.6518174272954,1722.566405058065,4.750683432905746,25.887907424651026,125.55780898865437,697.2960976783921,0.7753164556962024,16,18,2
伍临路社区,0,8,24,269,55,0.48281000102584687,0.027799031726926896,0.0,14.545454545454545,436.3636363636363,4890.909090909091,287.77980753376323,10539.935450924078,0.1816259618451085,13.220198023526288,425.93611813665837,4871.89618384706,0.7587025316455697,17,25,8
翁家堰社区,1,8,10,41,53,0.12230625982252441,0.02362995649434431,1.8867924528301887,15.09433962264151,188.67924528301887,773.5849056603774,380.8724744014699,2158.277354941663,1.9951669048993121,13.656566094795187,185.1726942265536,771.9286193218563,0.7531645569620253,18,58,40
珠海路社区,2,3,13,46,42,0.548008452559792,0.03658252706491372,4.761904761904762,7.142857142857142,309.5238095238095,1095.2380952380954,136.67727194263455,1612.7918089230875,4.745368991036064,6.603451359506966,300.67101568252656,1091.370988266554,0.7420886075949367,19,27,8
新隆康路社区,47,15,6,60,130,0.2667614147030625,0.06005376073504424,36.15384615384615,11.538461538461538,46.15384615384615,461.53846153846155,1032.4082828641244,1099.0152688553583,35.59299840213836,11.101506967523514,46.44253671819391,461.421265703955,0.740506329113924,20,6,-14
金巴岭社区,0,1,10,39,16,2.1863109775439864,0.0,0.0,6.25,625.0,2437.5,0.45739147370670924,22.412182211628753,0.5678314535301654,5.40345498352523,574.231728826727,2408.1207985346377,0.7325949367088608,21,73,52
西峡社区,82,9,3,20,78,0.2575131596177812,0.04876105846506202,105.12820512820514,11.538461538461538,38.46153846153847,256.4102564102564,1866.243327453664,471.68787397180523,102.19452046032642,10.836042336290358,39.094377494614335,256.8277728040226,0.7278481012658228,22,15,-7
朝阳路社区,7,4,34,51,84,2.351654379148879,0.03898557538571295,8.333333333333332,4.761904761904762,404.76190476190476,607.1428571428571,282.1556406739907,2180.293587026292,8.228005788926932,4.667201058896228,398.4610196358682,606.5577914209628,0.7199367088607596,23,9,-14
鑫鼎社区,0,1,1,20,8,0.33320269490504395,0.00480081970012554,0.0,12.5,125.0,2500.0,3.0011762068280383,63.02470034338881,1.0071150452467172,8.175886681733518,115.74313783089026,2440.3017425040957,0.7199367088607594,24,119,95
合益路社区,18,2,3,73,54,0.28694391768862104,0.042454722407043025,33.33333333333333,3.7037037037037033,55.55555555555555,1351.851851851852,471.0901135625398,1790.1424315376512,32.1331385511413,3.693308204469777,55.966566922689914,1347.7348889256648,0.7167721518987342,25,24,-1
气象台社区,1,10,14,29,69,0.4492466597828349,0.041496298129931816,1.4492753623188406,14.492753623188406,202.8985507246377,420.28985507246375,265.08388689413135,1036.2370124043316,1.5477012105657466,13.414960345456794,199.86232209341324,420.20860248680765,0.7136075949367089,26,30,4
桔城路社区,20,6,4,38,73,0.5193814294289878,0.04475722206733513,27.397260273972602,8.21917808219178,54.794520547945204,520.5479452054794,580.9118349857421,938.3960411308142,26.68418798889721,7.785864712869656,55.117288804919404,520.1512700805821,0.7136075949367089,27,28,1
王家河社区,17,8,2,38,66,0.4348553808844383,0.03829887921772783,25.757575757575758,12.121212121212121,30.303030303030305,575.7575757575758,652.76061625396,1044.416986006336,25.02763323211553,11.244137305692698,31.242487871737133,575.124222685708,0.7136075949367089,28,26,-2
营盘路社区,0,37,14,48,66,0.3343695820302909,0.018969356001181874,0.0,56.060606060606055,212.12121212121212,727.2727272727273,1950.5142925091784,3268.42935501538,0.15239191129142468,50.65061677349056,208.73061963286332,726.1048968725223,0.7136075949367088,29,22,-7
八一路社区,1,1,30,349,58,0.3781411293886754,0.033148545046578964,1.7241379310344827,1.7241379310344827,517.2413793103449,6017.241379310345,60.3344731175888,11433.382655783078,1.8298427141312774,1.9435017416844316,505.1540247129783,5994.688930965572,0.7128164556962024,30,29,-1
大学路社区,1,6,38,133,97,1.8850592306007283,0.07417226837719469,1.0309278350515463,6.185567010309279,391.7525773195876,1371.1340206185566,94.37489446058588,2305.443850394312,1.1114703086363404,5.999295689185516,386.49477476034906,1368.7913846337935,0.7120253164556962,31,11,-20
刘家大堰社区,20,5,4,27,64,0.1566179180315651,0.048762841451284074,31.25,7.8125,62.5,421.875,512.6854640941289,635.7299754767198,30.30423482316587,7.367839864430649,62.677941625550126,421.78165686276634,0.7104430379746836,32,19,-13
白沙路社区,0,6,4,54,39,0.2993244084356639,0.026904266477885436,0.0,15.384615384615385,102.56410256410255,1384.6153846153845,223.01295613957117,2155.7919093491882,0.2519196699831345,13.467518993874016,101.26308276001453,1378.7292920983175,0.7104430379746836,33,67,34
黑虎山社区,0,0,3,8,4,4.564465540101656,0.0032405339136315917,0.0,0.0,750.0,2000.0,0.0,2.4099207022943188,1.642414090752331,2.370443752266001,554.7635920387784,1911.491616300849,0.7041139240506329,34,124,90
枫香树社区,0,1,14,90,28,1.2221850216095247,0.022336871576045542,0.0,3.571428571428571,500.0,3214.285714285714,44.76902670078552,4655.978776881694,0.3432519335956577,3.581654143949594,476.6037089668972,3190.9652512048415,0.7033227848101267,35,59,24
深圳路社区,78,29,3,11,127,0.363686308987658,0.08586224903873872,61.417322834645674,22.83464566929134,23.62204724409449,86.61417322834646,1246.1821254149131,163.0518668767176,60.38620292389913,21.750765194505842,24.199562185926464,87.18269747962536,0.7009493670886076,36,13,-23
东艳路社区,4,1,2,39,28,0.19038474965376706,0.01727495819299984,14.285714285714285,3.571428571428571,71.42857142857143,1392.857142857143,289.43630103985436,2373.377668526806,13.526713242892852,3.581654143949594,71.33733241061503,1384.6095894429839,0.6985759493670886,37,63,26
东星社区,0,0,88,279,30,0.5136883661619005,0.022865738634312197,0.0,0.0,2933.333333333333,9300.0,0.0,16050.214072213783,0.3220249183379668,0.7309564766420106,2787.468488700555,9231.192439758728,0.6962025316455697,38,36,-2
建设社区,0,9,11,121,66,0.3081234590168105,0.028646408347113607,0.0,13.636363636363635,166.66666666666666,1833.3333333333333,314.17551167132035,4607.907504512698,0.15239191129142468,12.602981425271933,164.35858669258178,1828.2638184362681,0.6946202531645569,39,64,25
船柴社区,3,2,5,23,39,1.0845775389903636,0.028184152199691465,7.6923076923076925,5.128205128205128,128.2051282051282,589.7435897435897,177.4046621865296,993.4661082445658,7.508630187568663,4.88234650420314,125.8874658420113,588.5910837445601,0.6835443037974684,40,42,2
长江社区,3,3,10,26,55,1.2308382606661796,0.050108231053675054,5.454545454545454,5.454545454545454,181.8181818181818,472.7272727272727,119.740806526834,718.444839161004,5.413480336996619,5.23195141306965,178.6306631704073,472.40361088764257,0.6787974683544304,41,47,6
山河园路社区,1,2,3,27,31,0.25130969153427746,0.01882297178229123,3.225806451612903,6.451612903225806,96.77419354838709,870.9677419354839,159.37972147535274,1593.7972147535274,3.311672467124456,5.8944426401214045,95.43988623828817,867.4163493914816,0.6787974683544303,42,82,40
幸福路社区,48,17,2,1,58,0.39670805651742547,0.03143917898594929,82.75862068965517,29.310344827586203,34.48275862068965,17.241379310344826,2067.484015058078,95.42233915652668,79.72043870404188,26.33673587580585,35.43539603165293,18.761872297251028,0.6772151898734177,43,31,-12
青岛路社区,1,3,2,31,35,1.2914184887568831,0.031529077481648,2.857142857142857,8.571428571428571,57.14285714285714,885.7142857142857,126.86701671903542,1046.6528879320422,2.956923700027475,7.688730393137459,57.697364634330675,882.4682873875141,0.6764240506329114,44,60,16
北山坡社区,5,5,4,46,68,0.14257782690825688,0.03319439404002969,7.352941176470589,7.352941176470589,58.8235294117647,676.4705882352941,301.25568757004055,1506.2784378502026,7.256284273423332,6.977965596603568,59.07628654359035,675.5109425303974,0.6740506329113924,45,23,-22
花溪路社区,0,0,29,113,31,2.0996166274889383,0.02086928778477008,0.0,0.0,935.4838709677418,3645.1612903225805,0.0,6804.257120055065,0.3123664054421286,0.7120158344503685,892.7375514856687,3620.8576098085514,0.6693037974683544,46,51,5
张家湾社区,0,0,42,273,39,0.849480117963023,0.03000639525221945,0.0,0.0,1076.923076923077,7000.0,0.0,10497.762138779424,0.2519196699831345,0.5897602593677013,1036.9896398758913,6960.673409178086,0.6637658227848102,47,39,-8
东站路社区,0,0,24,227,41,0.7615922221029092,0.03243569054268235,0.0,0.0,585.3658536585366,5536.585365853658,0.0,7738.389280465831,0.24029467723887346,0.5654862733801524,565.8817656471266,5507.4584329871395,0.6471518987341771,48,46,-2
学堂湾社区,3,7,1,27,62,0.5596359397852347,0.037487253914718015,4.838709677419355,11.29032258064516,16.129032258064516,435.48387096774195,266.75733631355325,746.9205416779491,4.824519401731113,10.453479132021107,17.486350094862676,435.336436555932,0.6352848101265822,49,56,7
古塔社区,0,2,30,132,68,0.590280659624233,0.040861005790054056,0.0,2.941176470588235,441.1764705882353,1941.1764705882354,48.94642119863869,3964.660117089734,0.14805896713016034,3.009289481885833,432.58501107380556,1935.8862769919153,0.6344936708860759,50,34,-16
小林园社区,3,6,4,4,56,0.1773175497078636,0.025920145379688748,5.357142857142857,10.714285714285714,71.42857142857143,71.42857142857143,347.2202747386008,308.64024421208956,5.320690084668951,9.867255242847262,71.38167689341535,72.77800230443124,0.6313291139240506,51,97,46
艾家嘴社区,2,2,24,231,166,0.8647559272138877,0.0807268765186768,1.2048192771084338,1.2048192771084338,144.57831325301206,1391.566265060241,49.549792739405305,3158.799287137088,1.2499305910285883,1.3104183369135274,143.85947862424467,1390.1672890934199,0.6265822784810127,52,32,-20
东锦苑社区,0,0,16,58,38,0.6289315025302938,0.021492130931459005,0.0,0.0,421.05263157894734,1526.3157894736844,0.0,3443.1206582537075,0.2581644181445201,0.6026958795802266,406.772194078058,1519.4098273284935,0.622626582278481,53,69,16
白马山社区,4,1,1,18,31,0.2635220767920432,0.024135624327342037,12.903225806451612,3.225806451612903,32.25806451612903,580.6451612903227,207.16265434806886,787.2180865226616,12.309590652171439,3.3032292372858865,34.10929660387429,579.2655198129511,0.6139240506329114,54,89,35
土街头社区,9,4,1,2,38,0.1802121440348813,0.019252636706939875,23.684210526315788,10.526315789473683,26.31578947368421,52.63157894736842,675.2321875638974,155.82281251474555,22.56794811079277,9.376172903206086,28.081421186815316,54.73117460966593,0.6123417721518988,55,62,7
中书街社区,5,1,2,7,34,0.4157557303654487,0.024115012181617188,14.705882352941178,2.941176470588235,58.8235294117647,205.88235294117646,248.8076702931871,373.21150543978064,14.045127621486936,3.064969533269197,59.31761496849393,207.18134689041278,0.6091772151898734,56,92,36
张家坡社区,1,1,14,71,85,0.25721046785904333,0.04230185176654287,1.1764705882352942,1.1764705882352942,164.7058823529412,835.2941176470589,47.279254133783056,2009.3683006857798,1.264177934480674,1.3767727524833462,162.94058729112322,834.0905078165592,0.6075949367088608,57,43,-14
桥北社区,17,20,0,1,48,0.20315657973058807,0.0327345518814396,35.41666666666667,41.66666666666667,0.0,20.833333333333332,1130.3041548883673,30.548760942928844,33.97654149015155,36.4707080253214,2.26383955915927,22.651661938035986,0.6060126582278481,58,45,-13
沈家店社区,0,3,0,21,21,0.2605152366695955,0.011808723879430343,0.0,14.285714285714285,0.0,1000.0,254.0494663632292,1778.346264542604,0.44619348909458684,11.453503123176183,4.967211986533473,993.3562813961909,0.5933544303797469,59,108,49
石子岭社区,6,4,3,5,60,0.1921953870112926,0.046016507000892506,10.0,6.666666666666667,50.0,83.33333333333333,217.31332193045523,173.85065754436417,9.79153649466376,6.324392653394245,50.516176405457735,84.54697328547773,0.5925632911392406,60,66,6
李家湖社区,0,1,4,37,38,0.39085491909600895,0.027744556549017464,0.0,2.631578947368421,105.26315789473684,973.6842105263158,36.04310626602585,1477.76735690706,0.2581644181445201,2.7960651354866912,103.81957576506386,970.1553325589332,0.5925632911392406,61,94,33
常家湾社区,14,13,1,3,82,0.19340733300107676,0.041872118345262783,17.073170731707318,15.853658536585366,12.195121951219512,36.58536585365854,644.8204931350136,95.52896194592795,16.722754780536576,14.816933442929429,13.303520817353517,37.607140700369044,0.5917721518987341,62,35,-27
金家台社区,2,2,6,11,63,0.19127098485130223,0.02898464087870884,3.1746031746031744,3.1746031746031744,95.23809523809523,174.60317460317458,138.00412489975915,586.5175308239765,3.220251846313455,3.2224362444624823,94.60292244997643,175.4220020210086,0.5854430379746836,63,81,18
铁路坝社区,4,21,0,5,56,0.24018512444888973,0.04307029844365168,7.142857142857142,37.5,0.0,89.28571428571429,580.4464074635373,116.08928149270747,7.034749184385716,33.45514333993834,1.9494728186310375,90.56095136065044,0.5854430379746836,64,50,-14
绿萝路社区,21,10,0,1,52,0.19415996677995695,0.03908007692733619,40.38461538461539,19.230769230769234,0.0,19.230769230769234,793.2430649417621,25.588485965863292,38.8364743714637,17.2418915585097,2.094928308466528,20.91702036608564,0.5806962025316457,65,54,-11
石板溪社区,0,3,17,59,80,0.1824654475571495,0.057172412486287114,0.0,3.75,212.5,737.5,52.4728600655002,1329.3124549926717,0.126481543697594,3.738677514092612,209.68358100968732,736.5061626966589,0.5806962025316456,66,65,-1
柏临河路社区,0,1,15,52,60,1.9192683521326808,0.04248887261144095,0.0,1.6666666666666667,250.0,866.6666666666667,23.53557387000969,1576.8834492906492,0.16705883674614147,1.8859948492670344,245.28926387252167,864.8418058989914,0.5759493670886076,67,72,5
叶家坝社区,4,3,0,3,26,0.7175608205166195,0.018924103158107983,15.384615384615385,11.538461538461538,0.0,115.38461538461539,369.8986388689637,158.5279880866987,14.481280231069851,9.74870476537297,4.067685691423525,117.88573252848711,0.5743670886075949,68,99,31
环城东路社区,21,7,1,1,64,0.1302662763553754,0.034838509404036704,32.8125,10.9375,15.625,15.625,803.7083238915976,57.4077374208284,31.811597258917,10.161449709804831,16.95331217585249,17.0093446593224,0.5735759493670887,69,70,1
二马路社区,25,12,1,17,158,0.31000827542319126,0.03832594615761569,15.822784810126583,7.59493670886076,6.329113924050633,107.59493670886076,965.4034331686756,469.65572424422055,15.656718552932453,7.412667238975941,6.968913939405904,108.02110027329401,0.564873417721519,70,33,-37
金斗山社区,0,0,12,34,45,1.303813086191352,0.028542796400331034,0.0,0.0,266.6666666666667,755.5555555555555,0.0,1611.6150413162216,0.21999139289163422,0.5224769396377231,259.8641771338046,753.6994650978988,0.564873417721519,71,80,9
大堰湾社区,0,3,16,66,91,0.299644801421075,0.04598249645279628,0.0,3.296703296703297,175.82417582417582,725.2747252747253,65.24221674392288,1783.2872576672255,0.11157602198868695,3.3215496539921077,173.97994342234566,724.4320225071651,0.5537974683544304,72,41,-31
魏家湾社区,0,0,38,261,103,0.48285254079776824,0.03019607418482223,0.0,0.0,368.93203883495147,2533.980582524272,0.0,9901.949444484062,0.09886576021975971,0.24846368477444702,364.3270544187564,2529.1423010577414,0.5506329113924051,73,40,-33
解放路社区,0,5,1,19,50,0.17959038408792938,0.026392105703441495,0.0,10.0,20.0,380.0,189.45059011899937,757.8023604759975,0.1989762038932765,9.158884323804243,21.552143026638916,380.07540783839016,0.5490506329113924,74,91,17
新金岭社区,0,0,0,11,6,10.577202389360119,0.07752597945640381,0.0,0.0,0.0,1833.3333333333333,0.0,141.8879203736571,1.248599170960371,2.0216428403946205,14.757838492921126,1779.4687690989622,0.5474683544303798,75,140,65
竹涛山社区,0,1,2,10,35,0.24699574101084604,0.020691573145302136,0.0,2.857142857142857,57.14285714285714,285.7142857142857,48.32885315088004,579.9462378105605,0.2789054885449545,2.9930083076252254,57.697364634330675,286.44702747740473,0.5276898734177216,76,130,54
樵湖岭社区,10,14,0,1,64,0.14925713124354353,0.04183516626454107,15.625,21.875,0.0,15.625,573.6800434409192,23.903335143371635,15.230610465654578,19.939084168614464,1.711769025953273,17.0093446593224,0.5229430379746836,77,68,-9
肖家岗社区,14,6,0,6,70,0.23308312977059226,0.04580611019922959,20.0,8.571428571428571,0.0,85.71428571428571,436.6229726342574,130.9868917902772,19.49674091607159,8.0868958326219,1.5683450348204009,86.74720470766746,0.5229430379746834,78,53,-25
长樵溪社区,1,13,1,0,51,0.19840311096743857,0.03565236277803086,1.9607843137254901,25.49019607843137,19.607843137254903,0.0,392.6808466289606,28.048631902068614,2.0699748463105943,22.65631872400243,21.142485551666475,1.8068628276311438,0.5221518987341772,79,75,-4
黄河路社区,3,5,2,14,122,1.2549226852782587,0.04283113194257902,2.459016393442623,4.098360655737705,16.393442622950822,114.75409836065575,186.78002745117948,373.56005490235896,2.4964775002037576,4.070299513784729,17.088478205504114,115.29209041634137,0.5126582278481012,80,84,4
白家冲社区,0,0,6,71,66,0.38796431253279223,0.0471426071932111,0.0,0.0,90.9090909090909,1075.7575757575758,0.0,1633.3419932508227,0.15239191129142468,0.37338434905880324,90.40519845877918,1073.3604475021957,0.5110759493670886,81,78,-3
镇境山社区,67,15,0,0,78,0.28489547867118364,0.04254428540704787,85.8974358974359,19.230769230769234,0.0,0.0,1927.4033919116177,0.0,83.52411369798426,17.846046673194518,1.4107425233506254,1.1832782062217657,0.5079113924050633,82,38,-44
白龙井社区,0,4,9,41,111,0.5943466105480959,0.04593781632329144,0.0,3.6036036036036037,81.08108108108108,369.3693693693694,87.07423034324589,1088.4278792905736,0.09188747553949456,3.6046127499762473,80.91907408626695,369.4257531888458,0.5031645569620253,83,76,-7
夜明珠社区,4,2,4,5,94,0.9374781101272958,0.04240413137986919,4.25531914893617,2.127659574468085,42.5531914893617,53.191489361702125,141.49564688049293,212.2434703207394,4.260018357042824,2.2391347598386546,43.01122045205528,54.041975121973,0.49683544303797467,84,90,6
福久源社区,0,0,6,31,59,0.2879368252129897,0.016813844543751334,0.0,0.0,101.6949152542373,525.4237288135594,0.0,2200.567508740921,0.16978227967521553,0.41263368942818773,100.84629360260618,524.9140665113566,0.4920886075949367,85,96,11
绿洲社区,0,0,3,11,46,0.8598757663196883,0.3170031653406754,0.0,0.0,65.21739130434783,239.13043478260872,0.0,44.163596868045616,0.2154405729740992,0.5127277728846585,65.37070645192678,239.92425346519562,0.4707278481012658,86,120,34
东方社区,0,0,7,2,39,0.14926656118921733,0.032398184663935015,0.0,0.0,179.48717948717947,51.28205128205128,0.0,277.79334223064086,0.2519196699831345,0.5897602593677013,175.1362320060048,53.336168408144054,0.46281645569620256,87,123,36
徐家坝社区,0,2,9,31,129,0.2524392460822421,0.02218261375676818,0.0,1.550387596899225,69.76744186046511,240.31007751937986,90.16070071498117,1803.2140142996234,0.0792945001076888,1.6653841710145203,69.76723570298799,240.59193535292172,0.44541139240506333,88,83,-5
城东社区,8,8,0,5,109,0.42050846981894413,0.07808104640564614,7.339449541284404,7.339449541284404,0.0,45.87155963302752,204.9152865713006,64.03602705353144,7.278669053245436,7.09721404840972,1.0153627461098014,46.6209131835158,0.43987341772151894,89,105,16
夷陵路社区,10,8,0,1,81,0.21300710219584235,0.025423536019567337,12.345679012345679,9.876543209876543,0.0,12.345679012345679,708.005368967803,39.33363160932238,12.12385345019955,9.340329527654793,1.359511199566805,13.449749763979877,0.43670886075949367,90,95,5
尚书巷社区,3,5,0,1,62,0.3393979925818536,0.03188744806588107,4.838709677419355,8.064516129032258,0.0,16.129032258064516,250.88241565996745,31.36030195749593,4.824519401731113,7.579583865536675,1.7655896475495567,17.555973266401097,0.43591772151898733,91,137,46
环城北路社区,1,4,0,3,58,0.09642610703299656,0.03685389451277472,1.7241379310344827,6.896551724137931,0.0,51.724137931034484,135.67087186041744,81.40252311625046,1.8298427141312774,6.5172331418321985,1.8840654115582598,53.1062806804023,0.43275316455696206,92,133,41
清波路社区,15,4,0,0,60,0.3519018589892524,0.03622447109198304,25.0,6.666666666666667,0.0,0.0,524.5073130744745,0.0,24.228252981540184,6.324392653394245,1.822904538691742,1.536884709572033,0.4264240506329114,93,87,-6
墨池巷社区,4,1,0,0,24,0.16637833471404015,0.02083847339517351,16.666666666666664,4.166666666666666,0.0,0.0,239.94080109333112,0.0,15.58080228363381,4.0351434898064555,4.385347632949756,3.8199855484940817,0.42405063291139244,94,134,40
苏家榜社区,8,5,0,1,70,0.31608298923540357,0.039667395909295564,11.428571428571429,7.142857142857142,0.0,14.285714285714285,327.72506745151907,25.209620573193774,11.202694355143636,6.798102483590053,1.5683450348204009,15.556250895297806,0.42325949367088606,95,85,-10
峡州社区,0,6,0,0,34,0.3285072083075165,0.014369433969760767,0.0,17.647058823529413,0.0,0.0,417.55298174072004,0.0,0.28658015734926306,15.086524144500538,3.1538596763089934,2.7041283774716507,0.4177215189873418,96,128,32
松林路社区,0,0,0,1,11,0.22588349741048744,0.009578584972132587,0.0,0.0,0.0,90.9090909090909,0.0,4.427060902916458,0.7806451538129535,1.477955405614849,8.906269203764058,97.25894011742778,0.41455696202531644,97,158,61
四方堰社区,2,9,0,0,65,0.1575406341194584,0.02724828837686222,3.076923076923077,13.846153846153847,0.0,0.0,403.69508160889137,0.0,3.1246117557759137,12.776595441105831,1.6860707065259761,1.41908623546891,0.4121835443037975,98,102,4
东湖社区,17,8,12,13,654,0.2373096652212995,0.31239617996278934,2.599388379204893,1.2232415902140672,18.34862385321101,19.877675840978593,80.02658676228961,80.02658676228961,2.605984547461692,1.2507378224982924,18.474865509778482,20.012074148229605,0.4113924050632911,99,14,-85
江山社区,0,2,3,15,96,0.32588777899738,0.05758087982373037,0.0,2.083333333333333,31.25,156.25,34.733752004528334,312.603768040755,0.10590310986066409,2.1959048645233703,31.885098921852087,156.83259794115776,0.40981012658227844,100,98,-2
桐岭新村社区,0,0,4,16,80,0.7869884363211461,0.25656568953186415,0.0,0.0,50.0,200.0,0.0,77.95274588933725,0.126481543697594,0.3137055728468906,50.38967832222612,200.5713770527197,0.4003164556962025,101,112,11
南苑社区,0,13,1,5,122,0.48147124277261666,0.054005065703254605,0.0,10.655737704918032,8.196721311475411,40.983606557377044,240.71815913403393,111.10068883109258,0.0837585248255909,10.243522061807326,8.998527954136676,41.662606624530675,0.3987341772151899,102,86,-16
山庄路社区,1,11,0,0,78,0.2524153273662153,0.03303847395296575,1.282051282051282,14.102564102564102,0.0,0.0,363.21290193619257,0.0,1.3743239436787555,13.172710448591745,1.4107425233506254,1.1832782062217657,0.3829113924050633,103,100,-3
三峡物流园社区,0,2,0,0,23,1.0493339460527145,0.016871628028187483,0.0,8.695652173913043,0.0,0.0,118.54220568747684,0.0,0.4109784078275453,7.4358784780572575,4.563540242154086,3.9844016768243216,0.38132911392405067,104,145,41
王家坝社区,0,0,3,22,94,0.7132863302902659,0.055694966674593616,0.0,0.0,31.914893617021274,234.04255319148936,0.0,448.873596532813,0.1081016143353405,0.27047500532476265,32.55208035510935,234.44463755970946,0.37816455696202533,105,113,8
丫口社区,27,7,0,0,115,0.18133735308404023,0.04453508170920108,23.47826086956522,6.086956521739131,0.0,0.0,763.4430811648315,0.0,23.09860637432536,5.934141966985813,0.9631187841168813,0.8033432091446164,0.37816455696202533,106,77,-29
东山花园社区,0,3,2,6,100,0.5289175894828887,0.07609875392841625,0.0,3.0,20.0,60.0,39.42245891203432,105.12655709875818,0.10176388656863124,3.043704103877055,20.78836944753065,60.78370506759593,0.37658227848101267,107,116,9
锦绣社区,0,0,0,3,30,0.1494277806126075,0.023668551183441952,0.0,0.0,0.0,100.0,0.0,126.75047056106841,0.3220249183379668,0.7309564766420106,3.5529541738814423,102.28910271589226,0.37658227848101267,108,152,44
唐家湾社区,0,1,0,0,15,0.8331321786071991,0.01158450035834681,0.0,6.666666666666667,0.0,0.0,86.32223825514276,0.0,0.6005763910901036,5.642631015713401,6.761492227766992,6.076823984475611,0.37341772151898733,109,157,48
锦湖社区,0,0,28,97,380,1.5054436674944367,1.0741836816324501,0.0,0.0,73.68421052631578,255.26315789473685,0.0,116.36743523233937,0.027239091045439492,0.07089436430608777,73.66761367046173,255.3497673779243,0.3607594936708861,110,49,-61
沙河社区,0,1,11,31,246,3.001243271617827,0.059864428252014164,0.0,0.40650406504065045,44.71544715447155,126.01626016260161,16.704410769451467,701.5852523169616,0.04193677499900338,0.502689778807864,44.87824602832582,126.2726402746511,0.36075949367088606,111,79,-32
五龙社区,0,0,4,20,117,5.813371417806615,0.8835254791730477,0.0,0.0,34.188034188034194,170.94017094017093,0.0,27.163902531099897,0.0872677334320883,0.2205446149574833,34.67080411037832,171.38913143017663,0.3560126582278481,112,110,-2
英雄山社区,2,3,0,2,93,0.20643021991751526,0.023483415327886673,2.1505376344086025,3.225806451612903,0.0,21.505376344086024,212.91621896507,85.166487586028,2.206967852634003,3.2555095906533666,1.1870758569652353,22.444389255221324,0.3528481012658228,113,104,-9
磨盘社区,0,0,3,34,132,10.840974551455123,5.4111443324905615,0.0,0.0,22.727272727272727,257.57575757575756,0.0,6.837740360728872,0.07752375685225618,0.19684576252437777,23.293958779995847,257.82071428313907,0.34968354430379744,114,103,-11
朱市街社区,0,0,16,37,240,3.170066819241295,0.515209353045208,0.0,0.0,66.66666666666667,154.16666666666669,0.0,102.87080327004354,0.042975066508517214,0.11098133265770987,66.6872196136387,154.40207198556624,0.34968354430379744,115,74,-41
张家店社区,0,12,0,1,80,0.16771456038632548,0.03140777047435553,0.0,15.0,0.0,12.5,382.07105498933805,31.83925458244484,0.126481543697594,14.013593337829777,1.3761698030072902,13.61738206064786,0.3465189873417721,116,159,43
甲街社区,0,6,0,1,65,0.9314697158892612,0.018056592435450085,0.0,9.230769230769232,0.0,15.384615384615385,332.2886099051746,55.381434984195764,0.15465489830124288,8.643906278704339,1.6860707065259761,16.74859968165648,0.3409810126582279,117,122,5
廖家湾社区,0,0,0,2,36,0.35489409512765335,0.024664948591941203,0.0,0.0,0.0,55.55555555555555,0.0,81.08672890781786,0.2716311567004557,0.6303475796134088,2.986146476344936,57.75218882840717,0.34018987341772156,118,153,35
锦江社区,0,0,1,7,71,1.8548585272457123,0.40772743987433246,0.0,0.0,14.084507042253522,98.59154929577464,0.0,19.620950707820196,0.1420026463059644,0.3496297336769541,15.318923898580799,99.56773112065873,0.3401898734177215,119,136,17
常刘路社区,0,2,0,1,52,0.3396401904361982,0.020492960944744898,0.0,3.8461538461538463,0.0,19.230769230769234,97.59448648697439,48.797243243487195,0.19165296592812686,3.817261445812766,2.094928308466528,20.91702036608564,0.3401898734177215,120,154,34
镇平路社区,14,12,0,0,203,0.3492160320829292,0.10032357970454159,6.896551724137931,5.911330049261084,0.0,0.0,259.1614062872499,0.0,6.868644399955002,5.828703500781985,0.5488947040197649,0.455496260521104,0.3338607594936709,121,61,-60
上导堤社区,0,9,0,1,79,0.9953170675344184,0.033213023298074996,0.0,11.39240506329114,0.0,12.658227848101266,270.97804133120377,30.10867125902264,0.12803649720050544,10.71090320640855,1.3932417192259432,13.78924569873491,0.3306962025316456,122,121,-1
冯家湾社区,0,0,16,130,405,1.2783384808205769,0.48175139264998434,0.0,0.0,39.50617283950617,320.98765432098764,0.0,303.060877928953,0.025567329057329037,0.06659869379841993,39.62593962335088,321.03102634422214,0.3291139240506329,123,57,-66
锦云社区,0,0,6,44,210,2.6781172075738455,0.6306966426310131,0.0,0.0,28.57142857142857,209.52380952380952,0.0,79.27741582929644,0.049046676413039086,0.1262826333276167,28.884764279286436,209.73128581021243,0.3275316455696202,124,88,-36
望洲社区,0,3,21,15,425,0.3483347163820872,0.08786046828105956,0.0,0.7058823529411765,49.41176470588235,35.294117647058826,34.14504906123659,409.7405887348391,0.02437075178847152,0.7570138073574647,49.48853000879507,35.49242264815014,0.3180379746835443,125,55,-70
谭家河社区,0,0,6,6,129,8.142024661386186,8.142024661386186,0.0,0.0,46.51162790697674,46.51162790697674,0.0,1.4738348873972817,0.0792945001076888,0.20116913041686937,46.79811808104117,47.143855468644716,0.3125,126,117,-9
光明路社区,6,2,0,0,83,0.18197609483135793,0.04161745837485339,7.228915662650602,2.4096385542168677,0.0,0.0,192.22701991897367,0.0,7.152649919695008,2.511018520574866,1.3273753121303153,1.1121964794980805,0.3109177215189873,127,107,-20
平湖馨苑社区,0,2,0,0,46,0.17518781025247407,0.045430888244958216,0.0,4.3478260869565215,0.0,0.0,44.0229121036821,0.0,0.2154405729740992,4.244630949252411,2.3589385810250754,2.0022684597141525,0.30933544303797467,128,142,14
万达社区,0,7,0,0,69,0.38603090929269407,0.03678963973487424,0.0,10.144927536231885,0.0,0.0,190.27095808618222,0.0,0.14598359851167153,9.498100063557262,1.5905563590585832,1.3370979890602332,0.3022151898734177,129,144,15
鸡山社区,0,0,2,0,55,5.607384124182448,0.1937981033494981,0.0,0.0,36.36363636363636,0.0,0.0,10.320018438948152,0.1816259618451085,0.43900344679566716,37.31326033254948,1.6760104886925484,0.30142405063291133,130,146,16
后坪社区,0,0,2,14,134,0.8124543575377838,0.02604014546623746,0.0,0.0,14.925373134328359,104.4776119402985,0.0,614.4358917174605,0.07638655335578166,0.19406529723994967,15.576336734168473,104.98539636314533,0.2958860759493671,131,125,-6
土城路社区,0,0,2,5,119,0.32497230747073896,0.045980447947741886,0.0,0.0,16.80672268907563,42.016806722689076,0.0,152.23862124952987,0.08582934573662131,0.2170602764948733,17.513528939032074,42.71086630395099,0.2768987341772152,132,135,3
东城社区,0,0,29,206,887,1.1887657432658134,0.677534101149691,0.0,0.0,32.69447576099211,232.2435174746336,0.0,346.8460105568624,0.011710493518935456,0.030715775214909813,32.76162137539534,232.28669686278852,0.2737341772151899,133,44,-89
茶庵社区,0,0,1,21,167,0.36284964380453955,0.04092007148848392,0.0,0.0,5.9880239520958085,125.74850299401197,0.0,537.6334693401361,0.06150087544669822,0.1573845997699617,6.59693026106694,126.12636935729599,0.26582278481012656,134,127,-7
红光社区,0,0,0,1,54,2.151950001116463,0.1989154339981591,0.0,0.0,0.0,18.51851851851852,0.0,5.027261987168148,0.1848496500123157,0.4461310565970285,2.019584935318743,20.14565339171176,0.26424050632911394,135,161,26
长江新村社区,0,0,1,1,74,7.375692769778656,1.5997686988376492,0.0,0.0,13.513513513513514,13.513513513513514,0.0,1.2501807301600216,0.13642232007532823,0.3367744324825224,14.711111733206009,14.718019044114499,0.2626582278481013,136,149,13
胡家冲社区,0,1,0,0,53,0.31532844395816034,0.032151272730571605,0.0,1.8867924528301887,0.0,0.0,31.102967785444225,0.0,0.18818984079112253,2.1038779525810756,2.056566792556704,1.738978582163869,0.2579113924050633,137,156,19
梅子溪社区,0,0,4,15,254,1.2230566625315364,0.7481571222288116,0.0,0.0,15.748031496062993,59.05511811023622,0.0,25.395734980638412,0.04062799434984384,0.1050417821212093,16.08820838568945,59.36496844073246,0.25158227848101267,138,115,-23
东山社区,0,0,0,1,59,0.19820684963456972,0.02764099066884371,0.0,0.0,0.0,16.949152542372882,0.0,36.17815338026857,0.16978227967521553,0.41263368942818773,1.852980432004879,18.445128779509385,0.24525316455696203,139,160,21
至喜社区,0,0,2,7,155,1.6990153522359297,0.5463814532633295,0.0,0.0,12.903225806451612,45.16129032258064,0.0,16.47200860542833,0.06619139026318074,0.16900027384844704,13.487691380468993,45.689658823286095,0.24208860759493672,140,132,-8
下马槽社区,0,0,2,3,152,7.453363916338428,0.04281146391338248,0.0,0.0,13.157894736842104,19.736842105263158,0.0,116.79114757944646,0.06747798366476683,0.17217713079313055,13.751105438532926,20.31464342038145,0.2310126582278481,141,139,-2
六泉湖社区,0,0,4,4,231,4.885879724558363,2.1889521356042883,0.0,0.0,17.316017316017316,17.316017316017316,0.0,3.6547167340374473,0.04463262143065521,0.11516769333965236,17.678976397337234,17.69886128918002,0.22626582278481014,142,126,-16
石板社区,0,0,0,8,104,5.268713647776033,0.03129561763832972,0.0,0.0,0.0,76.92307692307693,0.0,255.6268450251608,0.09793605561026567,0.2462371472335159,1.0634340112014071,77.63877352173719,0.2151898734177215,143,141,-2
平湖社区,0,0,3,33,441,0.36917498936690707,0.15919828035712857,0.0,0.0,6.802721088435374,74.82993197278911,0.0,226.13309590556764,0.02349122115954465,0.061254075083049996,7.0317171870701385,75.00011099772263,0.21044303797468356,144,106,-38
黄金卡社区,0,0,13,92,963,2.4210505692977544,0.6026832613205066,0.0,0.0,13.499480789200415,95.53478712357217,0.0,174.22086647958363,0.010788542140665344,0.028310646163521382,13.593376940704486,95.60771976797365,0.2041139240506329,145,71,-74
港虹社区,0,0,2,39,456,1.0707095780907285,0.5288007975435951,0.0,0.0,4.385964912280701,85.52631578947368,0.0,77.53392239659,0.02272243049412279,0.05927213577310078,4.615958386538421,85.68542194545243,0.20253164556962025,146,109,-37
云池社区,0,0,2,10,288,3.516387628436694,0.6512581175511551,0.0,0.0,6.944444444444444,34.72222222222222,0.0,18.42587397623865,0.03587030738446427,0.09295951638318707,7.29363041234315,35.01524692360339,0.19936708860759494,147,131,-16
龙盘湖社区,0,1,4,3,363,2.1628734234162583,0.11256373918354005,0.0,0.27548209366391185,11.019283746556475,8.264462809917356,8.883855558222498,62.18698890755749,0.028506576737019,0.34398502880432147,11.278647563875088,8.5140025654168,0.19778481012658228,148,129,-19
石板冲社区,0,0,5,24,503,6.457713090136135,1.9448041186467542,0.0,0.0,9.940357852882704,47.713717693836976,0.0,14.911527449961882,0.02060909685015529,0.053816134488347364,10.131206011529136,47.87551969699487,0.1962025316455696,149,101,-48
岳湾路社区,0,2,0,0,83,0.5303052562788673,0.06373622418075824,0.0,2.4096385542168677,0.0,0.0,31.379329819223802,0.0,0.12203532876457546,2.511018520574866,1.3273753121303153,1.1121964794980805,0.19066455696202533,150,155,5
营盘社区,0,0,4,16,660,0.43452794652357496,0.27722882498073753,0.0,0.0,6.0606060606060606,24.242424242424242,0.0,72.14257031673976,0.01572395764996929,0.04116000074135508,6.215608092699131,24.37405658850981,0.1550632911392405,151,114,-37
兴安社区,0,0,1,33,658,1.5010021572827899,0.42799207111546156,0.0,0.0,1.5197568389057752,50.151975683890576,0.0,79.44072401011292,0.01577158139759515,0.04128368012244816,1.6863133817319567,50.27481129343122,0.13924050632911392,152,118,-34
黄龙寺社区,0,0,7,7,837,9.589751971577686,3.333011588830039,0.0,0.0,8.363201911589009,8.363201911589009,0.0,4.200405437208309,0.012408093950912379,0.0325341547831312,8.481067624197738,8.471437128245968,0.12025316455696203,153,111,-42
朝阳社区,0,0,0,3,282,0.35928141946807063,0.2283633720506526,0.0,0.0,0.0,10.638297872340425,0.0,13.136957880156801,0.03662722182815906,0.09488552669530892,0.3959993265504003,10.95748946395144,0.09651898734177214,154,151,-3
蔡家畈社区,0,0,1,6,642,2.184645300715707,0.7358882268137252,0.0,0.0,1.557632398753894,9.345794392523365,0.0,9.51231415986752,0.016163214530556375,0.04230053212216562,1.7282347434778749,9.486535367977108,0.0949367088607595,155,138,-17
虎牙社区,0,0,0,5,399,5.590594928564548,0.666264673947712,0.0,0.0,0.0,12.531328320802004,0.0,7.504525146702279,0.025949557528719042,0.0675814780234332,0.28034593960386606,12.755869300389689,0.08544303797468354,156,147,-9
丁家坝社区,0,0,0,4,627,5.6329866620108655,0.5009016478905512,0.0,0.0,0.0,6.379585326953748,0.0,7.985599601928269,0.016548455918632615,0.0433003997904757,0.17866308612464443,6.524796960504988,0.058544303797468354,157,148,-9
桐岭社区,0,0,0,3,703,0.9115994116570868,0.42049944857186766,0.0,0.0,0.0,4.2674253200568995,0.0,7.134373208309379,0.014765371469254183,0.038669288581148445,0.15939229580197986,4.397645358856146,0.04113924050632911,158,150,-8
