社区,楼栋数,体检点_2025,体检点_2026新增,体检点_全覆盖,密度_每百栋_全覆盖,area_km2
竹涛山社区,35.0,1,0,1,2.9,0.247
江山社区,96.0,2,0,2,2.1,0.326
花溪路社区,31.0,0,0,0,0.0,2.1
李家湖社区,38.0,1,0,1,2.6,0.391
四方堰社区,65.0,11,0,11,16.9,0.158
翁家堰社区,53.0,9,0,9,17.0,0.122
唐家湾社区,15.0,1,0,1,6.7,0.833
望洲社区,425.0,3,0,3,0.7,0.348
峡州社区,34.0,6,0,6,17.6,0.329
常家湾社区,82.0,27,0,27,32.9,0.193
金安岭社区,56.0,84,0,84,150.0,0.19
平湖馨苑社区,46.0,2,0,2,4.3,0.175
镇境山社区,78.0,82,0,82,105.1,0.285
镇平路社区,203.0,26,0,26,12.8,0.349
白龙井社区,111.0,4,0,4,3.6,0.594
绿萝路社区,52.0,31,0,31,59.6,0.194
茶庵社区,167.0,0,0,0,0.0,0.363
福久源社区,59.0,0,0,0,0.0,0.288
解放路社区,50.0,5,0,5,10.0,0.18
长樵溪社区,51.0,14,0,14,27.5,0.198
鑫鼎社区,8.0,1,0,1,12.5,0.333
气象台社区,69.0,11,0,11,15.9,0.449
石板溪社区,80.0,3,0,3,3.8,0.182
铁路坝社区,56.0,25,0,25,44.6,0.24
胡家冲社区,53.0,1,0,1,1.9,0.315
松林路社区,11.0,0,0,0,0.0,0.226
青岛路社区,35.0,4,0,4,11.4,1.291
南苑社区,122.0,13,0,13,10.7,0.481
山河园路社区,31.0,3,0,3,9.7,0.251
艾家嘴社区,166.0,4,0,4,2.4,0.865
古塔社区,68.0,2,0,2,2.9,0.59
东山花园社区,100.0,3,0,3,3.0,0.529
城东社区,109.0,16,0,16,14.7,0.421
廖家湾社区,36.0,0,0,0,0.0,0.355
学堂湾社区,62.0,10,0,10,16.1,0.56
叶家坝社区,26.0,7,0,7,26.9,0.718
汕头路社区,39.0,17,0,17,43.6,3.18
深圳路社区,127.0,107,0,107,84.3,0.364
珠海路社区,42.0,5,0,5,11.9,0.548
苏家榜社区,70.0,13,0,13,18.6,0.316
王家坝社区,94.0,0,0,0,0.0,0.713
长江社区,55.0,6,0,6,10.9,1.231
东锦苑社区,38.0,0,0,0,0.0,0.629
白家冲社区,66.0,0,0,0,0.0,0.388
韩家坝社区,40.0,17,0,17,42.5,0.209
合益路社区,54.0,20,0,20,37.0,0.287
宝联社区,94.0,29,0,29,30.9,0.723
东星社区,30.0,0,0,0,0.0,0.514
魏家湾社区,103.0,0,0,0,0.0,0.483
徐家坝社区,129.0,2,0,2,1.6,0.252
岳家冲社区,29.0,0,0,0,0.0,0.168
北山坡社区,68.0,10,0,10,14.7,0.143
岳湾路社区,83.0,2,0,2,2.4,0.53
中南路社区,28.0,0,0,0,0.0,0.19
张家坡社区,85.0,2,0,2,2.4,0.257
金家台社区,63.0,4,0,4,6.3,0.191
港务社区,106.0,17,0,17,16.0,0.298
环城东路社区,64.0,28,0,28,43.8,0.13
胜利二路社区,30.0,9,0,9,30.0,0.294
张家店社区,80.0,12,0,12,15.0,0.168
胜利四路社区,44.0,16,0,16,36.4,0.236
新隆康路社区,130.0,62,0,62,47.7,0.267
建设社区,66.0,9,0,9,13.6,0.308
万达社区,69.0,7,0,7,10.1,0.386
杨岔路社区,63.0,21,0,21,33.3,0.384
八一路社区,58.0,2,0,2,3.4,0.378
白沙脑社区,26.0,0,0,0,0.0,0.239
东艳路社区,28.0,5,0,5,17.9,0.19
花艳社区,23.0,2,0,2,8.7,1.591
白马山社区,31.0,5,0,5,16.1,0.264
白沙路社区,39.0,6,0,6,15.4,0.299
桔城路社区,73.0,26,0,26,35.6,0.519
墨池巷社区,24.0,5,0,5,20.8,0.166
临江溪社区,8.0,1,0,1,12.5,0.919
龙盘湖社区,363.0,1,0,1,0.3,2.163
柏临河路社区,60.0,1,0,1,1.7,1.919
沈家店社区,21.0,3,0,3,14.3,0.261
王家河社区,66.0,25,0,25,37.9,0.435
伍临路社区,55.0,8,0,8,14.5,0.483
东站路社区,41.0,0,0,0,0.0,0.762
枫香树社区,28.0,1,0,1,3.6,1.222
西峡社区,78.0,91,0,91,116.7,0.258
光明路社区,83.0,8,0,8,9.6,0.182
三峡物流园社区,23.0,2,0,2,8.7,1.049
金巴岭社区,16.0,1,0,1,6.2,2.186
张家湾社区,39.0,0,0,0,0.0,0.849
临江坪社区,,0,0,0,,0.994
石子岭社区,60.0,10,0,10,16.7,0.192
东方社区,39.0,0,0,0,0.0,0.149
东湖社区,654.0,25,0,25,3.8,0.237
锦绣社区,30.0,0,0,0,0.0,0.149
清波路社区,60.0,19,0,19,31.7,0.352
甲街社区,65.0,6,0,6,9.2,0.931
桥北社区,48.0,37,0,37,77.1,0.203
幸福路社区,58.0,65,0,65,112.1,0.397
丫口社区,115.0,34,0,34,29.6,0.181
常刘路社区,52.0,2,0,2,3.8,0.34
船柴社区,39.0,5,0,5,12.8,1.085
大学路社区,97.0,7,0,7,7.2,1.885
刘家大堰社区,64.0,25,0,25,39.1,0.157
樵湖岭社区,64.0,24,0,24,37.5,0.149
中书街社区,34.0,6,0,6,17.6,0.416
土街头社区,38.0,13,0,13,34.2,0.18
香锦社区,67.0,34,0,34,50.7,0.588
尚书巷社区,62.0,8,0,8,12.9,0.339
土城路社区,119.0,0,0,0,0.0,0.325
环城北路社区,58.0,5,0,5,8.6,0.096
营盘路社区,66.0,37,0,37,56.1,0.334
东门外正街社区,52.0,35,0,35,67.3,0.186
朝阳路社区,84.0,11,0,11,13.1,2.352
果园路社区,93.0,51,0,51,54.8,0.435
大树湾社区,,0,0,0,,2.926
东山社区,59.0,0,0,0,0.0,0.198
黑虎山社区,4.0,0,0,0,0.0,4.564
金斗山社区,45.0,0,0,0,0.0,1.304
后坪社区,134.0,0,0,0,0.0,0.812
黄河路社区,122.0,8,0,8,6.6,1.255
沙河社区,246.0,1,0,1,0.4,3.001
小林园社区,56.0,9,0,9,16.1,0.177
石板社区,104.0,0,0,0,0.0,5.269
大堰湾社区,91.0,3,0,3,3.3,0.3
肖家岗社区,70.0,20,0,20,28.6,0.233
山庄路社区,78.0,12,0,12,15.4,0.252
上导堤社区,79.0,9,0,9,11.4,0.995
二马路社区,158.0,37,0,37,23.4,0.31
夜明珠社区,94.0,6,0,6,6.4,0.937
英雄山社区,93.0,5,0,5,5.4,0.206
桃花岭社区,90.0,31,0,31,34.4,0.142
夷陵路社区,81.0,18,0,18,22.2,0.213
体育场路社区,89.0,19,0,19,21.3,1.009
赵家湾社区,44.0,26,0,26,59.1,0.321
蔡家畈社区,642.0,0,2,2,0.3,2.185
朝阳社区,282.0,0,18,18,6.4,0.359
丁家坝社区,627.0,0,17,17,2.7,5.633
东城社区,887.0,0,4,4,0.5,1.189
冯家湾社区,405.0,0,0,0,0.0,1.278
港虹社区,456.0,0,4,4,0.9,1.071
古老背社区,875.0,0,8,8,0.9,0.953
红光社区,54.0,0,22,22,40.7,2.152
虎牙社区,399.0,0,10,10,2.5,5.591
黄金卡社区,963.0,0,4,4,0.4,2.421
黄龙寺社区,837.0,0,1,1,0.1,9.59
鸡山社区,55.0,0,7,7,12.7,5.607
锦湖社区,380.0,0,4,4,1.1,1.505
锦江社区,71.0,0,25,25,35.2,1.855
锦云社区,210.0,0,1,1,0.5,2.678
六泉湖社区,231.0,0,37,37,16.0,4.886
绿洲社区,46.0,0,12,12,26.1,0.86
梅子溪社区,254.0,0,11,11,4.3,1.223
磨盘社区,132.0,0,4,4,3.0,10.841
南津关社区,204.0,0,0,0,0.0,4.863
平湖社区,441.0,0,0,0,0.0,0.369
平云社区,425.0,0,15,15,3.5,0.905
七里新村社区,48.0,0,5,5,10.4,0.275
润城社区,94.0,0,110,110,117.0,0.535
石板冲社区,503.0,0,2,2,0.4,6.458
双桥社区,761.0,0,7,7,0.9,0.53
谭家榜社区,246.0,0,9,9,3.7,0.107
谭家河社区,129.0,0,2,2,1.6,8.142
桐岭社区,703.0,0,2,2,0.3,0.912
桐岭新村社区,80.0,0,3,3,3.8,0.787
望江社区,222.0,0,2,2,0.9,0.762
五龙社区,117.0,0,112,112,95.7,5.813
峡江社区,428.0,0,66,66,15.4,0.558
下马槽社区,152.0,0,4,4,2.6,7.453
新金岭社区,6.0,0,0,0,0.0,10.577
兴安社区,658.0,0,0,0,0.0,1.501
营盘社区,660.0,0,13,13,2.0,0.435
永兴社区,548.0,0,7,7,1.3,0.349
云池社区,288.0,0,18,18,6.2,3.516
长江市场社区,388.0,0,21,21,5.4,0.671
长江新村社区,74.0,0,1,1,1.4,7.376
至喜社区,155.0,0,6,6,3.9,1.699
朱市街社区,240.0,0,4,4,1.7,3.17
