社区,area_km2,bldg_n,resi_km2
竹涛山社区,0.24699574101084604,35.0,0.020691573145302136
江山社区,0.32588777899738,96.0,0.05758087982373037
花溪路社区,2.0996166274889383,31.0,0.02086928778477008
李家湖社区,0.39085491909600895,38.0,0.027744556549017464
四方堰社区,0.1575406341194584,65.0,0.02724828837686222
翁家堰社区,0.12230625982252441,53.0,0.02362995649434431
唐家湾社区,0.8331321786071991,15.0,0.01158450035834681
望洲社区,0.3483347163820872,425.0,0.08786046828105956
峡州社区,0.3285072083075165,34.0,0.014369433969760767
常家湾社区,0.19340733300107676,82.0,0.041872118345262783
金安岭社区,0.19030687452416517,56.0,0.039858009424470375
平湖馨苑社区,0.17518781025247407,46.0,0.045430888244958216
镇境山社区,0.28489547867118364,78.0,0.04254428540704787
镇平路社区,0.3492160320829292,203.0,0.10032357970454159
白龙井社区,0.5943466105480959,111.0,0.04593781632329144
绿萝路社区,0.19415996677995695,52.0,0.03908007692733619
茶庵社区,0.36284964380453955,167.0,0.04092007148848392
福久源社区,0.2879368252129897,59.0,0.016813844543751334
解放路社区,0.17959038408792938,50.0,0.026392105703441495
长樵溪社区,0.19840311096743857,51.0,0.03565236277803086
鑫鼎社区,0.33320269490504395,8.0,0.00480081970012554
气象台社区,0.4492466597828349,69.0,0.041496298129931816
石板溪社区,0.1824654475571495,80.0,0.057172412486287114
铁路坝社区,0.24018512444888973,56.0,0.04307029844365168
胡家冲社区,0.31532844395816034,53.0,0.032151272730571605
松林路社区,0.22588349741048744,11.0,0.009578584972132587
青岛路社区,1.2914184887568831,35.0,0.031529077481648
南苑社区,0.48147124277261666,122.0,0.054005065703254605
山河园路社区,0.25130969153427746,31.0,0.01882297178229123
艾家嘴社区,0.8647559272138877,166.0,0.0807268765186768
古塔社区,0.590280659624233,68.0,0.040861005790054056
东山花园社区,0.5289175894828887,100.0,0.07609875392841625
城东社区,0.42050846981894413,109.0,0.07808104640564614
廖家湾社区,0.35489409512765335,36.0,0.024664948591941203
学堂湾社区,0.5596359397852347,62.0,0.037487253914718015
叶家坝社区,0.7175608205166195,26.0,0.018924103158107983
汕头路社区,3.180385339188553,39.0,0.030673913740386145
深圳路社区,0.363686308987658,127.0,0.08586224903873872
珠海路社区,0.548008452559792,42.0,0.03658252706491372
苏家榜社区,0.31608298923540357,70.0,0.039667395909295564
王家坝社区,0.7132863302902659,94.0,0.055694966674593616
长江社区,1.2308382606661796,55.0,0.050108231053675054
东锦苑社区,0.6289315025302938,38.0,0.021492130931459005
白家冲社区,0.38796431253279223,66.0,0.0471426071932111
韩家坝社区,0.20911868765890884,40.0,0.032857305456293895
合益路社区,0.28694391768862104,54.0,0.042454722407043025
宝联社区,0.722575362722934,94.0,0.05159950629725509
东星社区,0.5136883661619005,30.0,0.022865738634312197
魏家湾社区,0.48285254079776824,103.0,0.03019607418482223
徐家坝社区,0.2524392460822421,129.0,0.02218261375676818
岳家冲社区,0.16762790834921643,29.0,0.02485162875114182
北山坡社区,0.14257782690825688,68.0,0.03319439404002969
岳湾路社区,0.5303052562788673,83.0,0.06373622418075824
中南路社区,0.1897055702785351,28.0,0.022903588362667204
张家坡社区,0.25721046785904333,85.0,0.04230185176654287
金家台社区,0.19127098485130223,63.0,0.02898464087870884
港务社区,0.29778494658391214,106.0,0.05096656393850951
环城东路社区,0.1302662763553754,64.0,0.034838509404036704
胜利二路社区,0.2937001635977891,30.0,0.02452748304573265
张家店社区,0.16771456038632548,80.0,0.03140777047435553
胜利四路社区,0.23648954935887614,44.0,0.028462761028837474
新隆康路社区,0.2667614147030625,130.0,0.06005376073504424
建设社区,0.3081234590168105,66.0,0.028646408347113607
万达社区,0.38603090929269407,69.0,0.03678963973487424
杨岔路社区,0.384383215872779,63.0,0.03018751546953986
八一路社区,0.3781411293886754,58.0,0.033148545046578964
白沙脑社区,0.23867668809503978,26.0,0.018325281192742234
东艳路社区,0.19038474965376706,28.0,0.01727495819299984
花艳社区,1.5914616182016916,23.0,0.013841282469171257
白马山社区,0.2635220767920432,31.0,0.024135624327342037
白沙路社区,0.2993244084356639,39.0,0.026904266477885436
桔城路社区,0.5193814294289878,73.0,0.04475722206733513
墨池巷社区,0.16637833471404015,24.0,0.02083847339517351
临江溪社区,0.9191560971757422,8.0,0.00506865998176888
龙盘湖社区,2.1628734234162583,363.0,0.11256373918354005
柏临河路社区,1.9192683521326808,60.0,0.04248887261144095
沈家店社区,0.2605152366695955,21.0,0.011808723879430343
王家河社区,0.4348553808844383,66.0,0.03829887921772783
伍临路社区,0.48281000102584687,55.0,0.027799031726926896
东站路社区,0.7615922221029092,41.0,0.03243569054268235
枫香树社区,1.2221850216095247,28.0,0.022336871576045542
西峡社区,0.2575131596177812,78.0,0.04876105846506202
光明路社区,0.18197609483135793,83.0,0.04161745837485339
三峡物流园社区,1.0493339460527145,23.0,0.016871628028187483
金巴岭社区,2.1863109775439864,16.0,
张家湾社区,0.849480117963023,39.0,0.03000639525221945
临江坪社区,0.9939984806145629,,
石子岭社区,0.1921953870112926,60.0,0.046016507000892506
东方社区,0.14926656118921733,39.0,0.032398184663935015
东湖社区,0.2373096652212995,654.0,0.31239617996278934
锦绣社区,0.1494277806126075,30.0,0.023668551183441952
清波路社区,0.3519018589892524,60.0,0.03622447109198304
甲街社区,0.9314697158892612,65.0,0.018056592435450085
桥北社区,0.20315657973058807,48.0,0.0327345518814396
幸福路社区,0.39670805651742547,58.0,0.03143917898594929
丫口社区,0.18133735308404023,115.0,0.04453508170920108
常刘路社区,0.3396401904361982,52.0,0.020492960944744898
船柴社区,1.0845775389903636,39.0,0.028184152199691465
大学路社区,1.8850592306007283,97.0,0.07417226837719469
刘家大堰社区,0.1566179180315651,64.0,0.048762841451284074
樵湖岭社区,0.14925713124354353,64.0,0.04183516626454107
中书街社区,0.4157557303654487,34.0,0.024115012181617188
土街头社区,0.1802121440348813,38.0,0.019252636706939875
香锦社区,0.5875582183498853,67.0,0.03743570069320851
尚书巷社区,0.3393979925818536,62.0,0.03188744806588107
土城路社区,0.32497230747073896,119.0,0.045980447947741886
环城北路社区,0.09642610703299656,58.0,0.03685389451277472
营盘路社区,0.3343695820302909,66.0,0.018969356001181874
东门外正街社区,0.18603485670994463,52.0,0.03710121685270978
朝阳路社区,2.351654379148879,84.0,0.03898557538571295
果园路社区,0.43476168298271195,93.0,0.05069830836913655
大树湾社区,2.925670918048659,,
东山社区,0.19820684963456972,59.0,0.02764099066884371
黑虎山社区,4.564465540101656,4.0,0.0032405339136315917
金斗山社区,1.303813086191352,45.0,0.028542796400331034
后坪社区,0.8124543575377838,134.0,0.02604014546623746
黄河路社区,1.2549226852782587,122.0,0.04283113194257902
沙河社区,3.001243271617827,246.0,0.059864428252014164
小林园社区,0.1773175497078636,56.0,0.025920145379688748
石板社区,5.268713647776033,104.0,0.03129561763832972
大堰湾社区,0.299644801421075,91.0,0.04598249645279628
肖家岗社区,0.23308312977059226,70.0,0.04580611019922959
山庄路社区,0.2524153273662153,78.0,0.03303847395296575
上导堤社区,0.9953170675344184,79.0,0.033213023298074996
二马路社区,0.31000827542319126,158.0,0.03832594615761569
夜明珠社区,0.9374781101272958,94.0,0.04240413137986919
英雄山社区,0.20643021991751526,93.0,0.023483415327886673
桃花岭社区,0.14163022983547316,90.0,0.04282530586686541
夷陵路社区,0.21300710219584235,81.0,0.025423536019567337
体育场路社区,1.0090519358675896,89.0,0.04608713399192749
赵家湾社区,0.32115911278496106,44.0,0.024782028440730734
蔡家畈社区,2.184645300715707,642.0,0.7358882268137252
朝阳社区,0.35928141946807063,282.0,0.2283633720506526
丁家坝社区,5.6329866620108655,627.0,0.5009016478905512
东城社区,1.1887657432658134,887.0,0.677534101149691
冯家湾社区,1.2783384808205769,405.0,0.48175139264998434
港虹社区,1.0707095780907285,456.0,0.5288007975435951
古老背社区,0.9528975477291358,875.0,0.37575685859003044
红光社区,2.151950001116463,54.0,0.1989154339981591
虎牙社区,5.590594928564548,399.0,0.666264673947712
黄金卡社区,2.4210505692977544,963.0,0.6026832613205066
黄龙寺社区,9.589751971577686,837.0,3.333011588830039
鸡山社区,5.607384124182448,55.0,0.1937981033494981
锦湖社区,1.5054436674944367,380.0,1.0741836816324501
锦江社区,1.8548585272457123,71.0,0.40772743987433246
锦云社区,2.6781172075738455,210.0,0.6306966426310131
六泉湖社区,4.885879724558363,231.0,2.1889521356042883
绿洲社区,0.8598757663196883,46.0,0.3170031653406754
梅子溪社区,1.2230566625315364,254.0,0.7481571222288116
磨盘社区,10.840974551455123,132.0,5.4111443324905615
南津关社区,4.863405041261657,204.0,0.29008887611061285
平湖社区,0.36917498936690707,441.0,0.15919828035712857
平云社区,0.9049012801437827,425.0,0.4864360553378985
七里新村社区,0.27530549099093643,48.0,0.16712491164735147
润城社区,0.5346220120022117,94.0,0.3765489647991438
石板冲社区,6.457713090136135,503.0,1.9448041186467542
双桥社区,0.5299271970126511,761.0,0.3720787156350304
谭家榜社区,0.10672144082130076,246.0,0.06670622728819056
谭家河社区,8.142024661386186,129.0,8.142024661386186
桐岭社区,0.9115994116570868,703.0,0.42049944857186766
桐岭新村社区,0.7869884363211461,80.0,0.25656568953186415
望江社区,0.7616277367468713,222.0,0.3274498512802673
五龙社区,5.813371417806615,117.0,0.8835254791730477
峡江社区,0.5581723292220788,428.0,0.4091272649586588
下马槽社区,7.453363916338428,152.0,0.04281146391338248
新金岭社区,10.577202389360119,6.0,0.07752597945640381
兴安社区,1.5010021572827899,658.0,0.42799207111546156
营盘社区,0.43452794652357496,660.0,0.27722882498073753
永兴社区,0.3491382510699397,548.0,0.20260676323290688
云池社区,3.516387628436694,288.0,0.6512581175511551
长江市场社区,0.6714587700959912,388.0,0.41539715946765043
长江新村社区,7.375692769778656,74.0,1.5997686988376492
至喜社区,1.6990153522359297,155.0,0.5463814532633295
朱市街社区,3.170066819241295,240.0,0.515209353045208
