point_count,cell_id,n_民生基础,n_安全韧性,n_噪声,n_住宅,n_物业,n_停车,n_出行,n_管网安全,n_出行安全,n_消防安全,n_环境安全,n_其他,n_ev_投诉,n_ev_求助,n_ev_建议,n_ev_其他,top_community,n_in_xw,n_in_174,in_xw,in_174,top_class9,top_class9_count,top_aspect
1,grid_400_8507_1309,1,0,1,0,0,0,0,0,0,0,0,0,1,0,0,0,,0,0,False,False,噪声,1,民生基础
3,grid_400_8481_1333,2,1,0,1,1,0,0,0,1,0,0,0,2,1,0,0,,3,0,True,False,住宅,1,民生基础
1,grid_400_8504_1327,1,0,0,1,0,0,0,0,0,0,0,0,1,0,0,0,峡州社区,1,1,True,True,住宅,1,民生基础
3,grid_400_8493_1311,2,1,0,1,0,1,0,1,0,0,0,0,2,1,0,0,朱市街社区,0,3,False,True,住宅,1,民生基础
5,grid_400_8509_1330,5,0,3,1,0,0,1,0,0,0,0,0,4,0,1,0,锦江社区,0,5,False,True,噪声,3,民生基础
2,grid_400_8495_1308,2,0,0,0,1,0,1,0,0,0,0,0,1,0,1,0,,0,0,False,False,物业,1,民生基础
48,grid_400_8480_1333,48,0,19,12,9,3,5,0,0,0,0,0,44,2,2,0,白马山社区,48,35,True,True,噪声,19,民生基础
1,grid_400_8497_1329,1,0,0,0,0,1,0,0,0,0,0,0,1,0,0,0,汕头路社区,1,1,True,True,停车,1,民生基础
1,grid_400_8508_1330,1,0,1,0,0,0,0,0,0,0,0,0,1,0,0,0,锦江社区,0,1,False,True,噪声,1,民生基础
1,grid_400_8502_1335,1,0,0,0,0,1,0,0,0,0,0,0,1,0,0,0,石板社区,1,1,True,True,停车,1,民生基础
7,grid_400_8504_1332,6,1,2,3,1,0,0,0,1,0,0,0,6,1,0,0,石板社区,7,7,True,True,住宅,3,民生基础
34,grid_400_8479_1333,27,7,10,8,5,3,1,1,5,1,0,0,29,5,0,0,白沙路社区,34,34,True,True,噪声,10,民生基础
1,grid_400_8496_1329,0,1,0,0,0,0,0,0,1,0,0,0,1,0,0,0,汕头路社区,1,1,True,True,出行安全,1,安全韧性
4,grid_400_8490_1334,4,0,1,0,3,0,0,0,0,0,0,0,4,0,0,0,,4,0,True,False,物业,3,民生基础
1,grid_400_8492_1331,1,0,0,0,0,0,1,0,0,0,0,0,1,0,0,0,,1,0,True,False,出行,1,民生基础
1,grid_400_8493_1308,0,1,0,0,0,0,0,0,1,0,0,0,1,0,0,0,,0,0,False,False,出行安全,1,安全韧性
4,grid_400_8503_1332,1,3,1,0,0,0,0,0,3,0,0,0,1,3,0,0,石板社区,4,4,True,True,出行安全,3,安全韧性
13,grid_400_8478_1333,12,1,6,3,0,3,0,1,0,0,0,0,13,0,0,0,李家湖社区,13,13,True,True,噪声,6,民生基础
1,grid_400_8514_1333,0,1,0,0,0,0,0,1,0,0,0,0,1,0,0,0,,0,0,False,False,管网安全,1,安全韧性
2,grid_400_8452_1357,2,0,1,0,0,1,0,0,0,0,0,0,2,0,0,0,六泉湖社区,0,2,False,True,噪声,1,民生基础
5,grid_400_8527_1261,5,0,0,4,1,0,0,0,0,0,0,0,5,0,0,0,,0,0,False,False,住宅,4,民生基础
1,grid_400_8470_1291,0,1,0,0,0,0,0,0,1,0,0,0,1,0,0,0,,0,0,False,False,出行安全,1,安全韧性
1,grid_400_8480_1315,1,0,0,0,0,0,1,0,0,0,0,0,1,0,0,0,,0,0,False,False,出行,1,民生基础
1,grid_400_8491_1316,1,0,0,0,0,0,1,0,0,0,0,0,1,0,0,0,,1,0,False,False,出行,1,民生基础
2,grid_400_8513_1333,2,0,0,0,0,2,0,0,0,0,0,0,2,0,0,0,锦云社区,0,2,False,True,停车,2,民生基础
1,grid_400_8477_1333,1,0,0,1,0,0,0,0,0,0,0,0,1,0,0,0,李家湖社区,1,1,True,True,住宅,1,民生基础
1,grid_400_8488_1334,1,0,1,0,0,0,0,0,0,0,0,0,1,0,0,0,,1,0,True,False,噪声,1,民生基础
1,grid_400_8531_1267,1,0,0,0,1,0,0,0,0,0,0,0,1,0,0,0,,0,0,False,False,物业,1,民生基础
59,grid_400_8490_1331,50,9,14,2,12,10,12,0,7,2,0,0,45,6,8,0,,59,0,True,False,噪声,14,民生基础
1,grid_400_8464_1355,1,0,0,0,0,0,1,0,0,0,0,0,0,1,0,0,,0,0,False,False,出行,1,民生基础
32,grid_400_8526_1440,28,4,8,9,7,1,3,3,1,0,0,0,28,4,0,0,,0,0,False,False,住宅,9,民生基础
10,grid_400_8512_1333,9,1,2,0,0,7,0,1,0,0,0,0,10,0,0,0,,0,0,False,False,停车,7,民生基础
21,grid_400_8487_1334,17,4,5,4,2,4,2,1,0,3,0,0,17,3,1,0,,21,0,True,False,噪声,5,民生基础
14,grid_400_8489_1331,13,1,7,1,3,2,0,0,1,0,0,0,13,0,1,0,白家冲社区,14,3,True,True,噪声,7,民生基础
2,grid_400_8483_1336,1,1,1,0,0,0,0,1,0,0,0,0,1,1,0,0,东站路社区,2,1,True,False,噪声,1,民生基础
19,grid_400_8525_1440,19,0,3,7,4,3,2,0,0,0,0,0,17,2,0,0,,0,0,False,False,住宅,7,民生基础
10,grid_400_8511_1333,8,2,3,1,0,3,1,2,0,0,0,0,8,1,1,0,锦湖社区,0,10,False,False,噪声,3,民生基础
1,grid_400_8491_1313,1,0,0,0,0,1,0,0,0,0,0,0,1,0,0,0,朱市街社区,0,1,False,True,停车,1,民生基础
1,grid_400_8413_1442,1,0,0,0,0,1,0,0,0,0,0,0,0,1,0,0,,0,0,False,False,停车,1,民生基础
1,grid_400_8414_1419,0,1,0,0,0,0,0,0,1,0,0,0,1,0,0,0,,0,0,False,False,出行安全,1,安全韧性
4,grid_400_8488_1331,4,0,1,3,0,0,0,0,0,0,0,0,4,0,0,0,枫香树社区,4,4,True,True,住宅,3,民生基础
10,grid_400_8482_1336,10,0,4,0,2,1,3,0,0,0,0,0,10,0,0,0,东站路社区,10,3,True,False,噪声,4,民生基础
12,grid_400_8499_1332,7,5,1,3,1,1,1,1,2,2,0,0,9,2,1,0,汕头路社区,12,12,True,True,住宅,3,民生基础
10,grid_400_8530_1438,8,2,7,0,0,0,1,1,1,0,0,0,9,0,1,0,,0,0,False,False,噪声,7,民生基础
1,grid_400_8535_1441,1,0,1,0,0,0,0,0,0,0,0,0,1,0,0,0,,0,0,False,False,噪声,1,民生基础
2,grid_400_8437_1465,2,0,2,0,0,0,0,0,0,0,0,0,2,0,0,0,,0,0,False,False,噪声,2,民生基础
59,grid_400_8487_1331,52,7,7,28,8,7,2,1,2,4,0,0,56,2,1,0,枫香树社区,59,59,True,True,住宅,28,民生基础
16,grid_400_8481_1336,13,3,8,0,2,2,1,0,0,3,0,0,14,1,1,0,东站路社区,16,13,True,False,噪声,8,民生基础
1,grid_400_8487_1316,1,0,0,0,1,0,0,0,0,0,0,0,0,1,0,0,五龙社区,0,1,False,True,物业,1,民生基础
7,grid_400_8407_1359,7,0,5,0,0,1,1,0,0,0,0,0,6,1,0,0,,0,0,False,False,噪声,5,民生基础
5,grid_400_8474_1338,5,0,1,0,1,1,2,0,0,0,0,0,4,1,0,0,,5,0,True,False,出行,2,民生基础
78,grid_400_8480_1336,70,8,25,7,8,23,7,4,3,1,0,0,68,6,4,0,,78,0,True,False,噪声,25,民生基础
16,grid_400_8528_1438,15,1,3,6,3,1,2,1,0,0,0,0,16,0,0,0,,0,0,False,False,住宅,6,民生基础
1,grid_400_8404_1362,1,0,0,0,0,1,0,0,0,0,0,0,0,1,0,0,,0,0,False,False,停车,1,民生基础
5,grid_400_8448_1354,4,1,0,2,1,1,0,0,0,1,0,0,2,3,0,0,蔡家畈社区,0,5,False,True,住宅,2,民生基础
10,grid_400_8493_1319,7,3,4,1,1,1,0,2,1,0,0,0,7,3,0,0,夷陵路社区,10,10,True,True,噪声,4,民生基础
6,grid_400_8485_1331,4,2,2,0,1,1,0,2,0,0,0,0,5,1,0,0,,6,0,True,False,噪声,2,民生基础
12,grid_400_8479_1336,9,3,4,0,1,1,3,1,2,0,0,0,10,1,1,0,,12,0,True,False,噪声,4,民生基础
12,grid_400_8520_1339,11,1,1,2,1,7,0,1,0,0,0,0,12,0,0,0,,0,0,False,False,停车,7,民生基础
4,grid_400_8478_1344,3,1,2,0,1,0,0,0,1,0,0,0,2,2,0,0,花溪路社区,4,4,True,True,噪声,2,民生基础
3,grid_400_8447_1354,3,0,0,1,0,0,2,0,0,0,0,0,2,0,1,0,蔡家畈社区,0,3,False,True,出行,2,民生基础
24,grid_400_8492_1319,21,3,3,6,5,7,0,2,0,1,0,0,17,7,0,0,新隆康路社区,24,24,True,True,停车,7,民生基础
348,grid_400_8478_1336,322,26,134,46,56,67,19,18,3,5,0,0,319,22,7,0,八一路社区,348,1,True,True,噪声,134,民生基础
15,grid_400_8466_1343,13,2,1,7,5,0,0,0,2,0,0,0,14,1,0,0,磨盘社区,0,15,False,True,住宅,7,民生基础
1,grid_400_8483_1339,1,0,0,0,0,1,0,0,0,0,0,0,0,0,1,0,,1,0,True,True,停车,1,民生基础
1,grid_400_8512_1289,1,0,0,0,1,0,0,0,0,0,0,0,0,1,0,0,,0,0,False,False,物业,1,民生基础
26,grid_400_8491_1319,22,4,12,6,2,1,1,3,0,1,0,0,18,7,1,0,胜利四路社区,26,26,True,True,噪声,12,民生基础
1,grid_400_8404_1359,1,0,1,0,0,0,0,0,0,0,0,0,1,0,0,0,,0,0,False,False,噪声,1,民生基础
24,grid_400_8477_1336,23,1,6,8,5,3,1,1,0,0,0,0,23,1,0,0,八一路社区,24,19,True,False,住宅,8,民生基础
2,grid_400_8465_1343,2,0,1,0,1,0,0,0,0,0,0,0,2,0,0,0,磨盘社区,0,1,False,True,噪声,1,民生基础
1,grid_400_8488_1295,0,1,0,0,0,0,0,1,0,0,0,0,0,1,0,0,,0,0,False,False,管网安全,1,安全韧性
61,grid_400_8482_1339,52,9,5,6,5,8,28,6,3,0,0,0,44,12,4,1,花艳社区,61,61,True,True,出行,28,民生基础
6,grid_400_8476_1344,6,0,3,0,0,2,1,0,0,0,0,0,3,3,0,0,,6,0,True,False,噪声,3,民生基础
1,grid_400_8451_1360,0,1,0,0,0,0,0,1,0,0,0,0,0,1,0,0,石板冲社区,0,1,False,True,管网安全,1,安全韧性
1,grid_400_8432_1302,1,0,0,1,0,0,0,0,0,0,0,0,1,0,0,0,,0,0,False,False,住宅,1,民生基础
2,grid_400_8445_1354,2,0,0,0,1,1,0,0,0,0,0,0,1,0,1,0,桐岭新村社区,0,2,False,True,物业,1,民生基础
15,grid_400_8476_1336,14,1,1,7,2,1,3,0,0,1,0,0,9,6,0,0,沈家店社区,15,15,True,True,住宅,7,民生基础
1,grid_400_8435_1276,1,0,1,0,0,0,0,0,0,0,0,0,1,0,0,0,,0,0,False,False,噪声,1,民生基础
11,grid_400_8481_1339,10,1,6,2,0,1,1,1,0,0,0,0,9,1,1,0,花艳社区,11,11,True,True,噪声,6,民生基础
4,grid_400_8475_1344,4,0,3,0,0,1,0,0,0,0,0,0,4,0,0,0,,4,0,True,False,噪声,3,民生基础
4,grid_400_8523_1446,2,2,2,0,0,0,0,2,0,0,0,0,4,0,0,0,,0,0,False,False,噪声,2,民生基础
1,grid_400_8431_1302,1,0,0,0,0,0,1,0,0,0,0,0,1,0,0,0,,0,0,False,False,出行,1,民生基础
36,grid_400_8475_1336,30,6,7,12,4,3,4,4,2,0,0,0,29,5,2,0,临江溪社区,36,36,True,True,住宅,12,民生基础
4,grid_400_8480_1339,4,0,2,1,0,1,0,0,0,0,0,0,4,0,0,0,花艳社区,4,4,True,True,噪声,2,民生基础
1,grid_400_8474_1344,0,1,0,0,0,0,0,1,0,0,0,0,0,1,0,0,,1,0,True,False,管网安全,1,安全韧性
3,grid_400_8481_1277,3,0,0,1,0,0,2,0,0,0,0,0,2,1,0,0,,0,0,False,False,出行,2,民生基础
2,grid_400_8502_1317,1,1,0,0,1,0,0,1,0,0,0,0,0,2,0,0,石子岭社区,2,1,True,False,物业,1,民生基础
1,grid_400_8480_1300,1,0,1,0,0,0,0,0,0,0,0,0,0,1,0,0,,0,0,False,False,噪声,1,民生基础
1,grid_400_8507_1320,1,0,0,0,0,0,1,0,0,0,0,0,1,0,0,0,上导堤社区,1,1,True,True,出行,1,民生基础
1,grid_400_8437_1359,1,0,0,0,0,0,1,0,0,0,0,0,1,0,0,0,下马槽社区,0,1,False,True,出行,1,民生基础
1,grid_400_8485_1295,1,0,1,0,0,0,0,0,0,0,0,0,1,0,0,0,,0,0,False,False,噪声,1,民生基础
6,grid_400_8535_1444,6,0,0,2,4,0,0,0,0,0,0,0,6,0,0,0,,0,0,False,False,物业,4,民生基础
5,grid_400_8501_1317,4,1,2,2,0,0,0,1,0,0,0,0,2,3,0,0,,5,0,True,True,噪声,2,民生基础
6,grid_400_8490_1301,5,1,0,4,0,1,0,1,0,0,0,0,0,6,0,0,,0,0,False,False,住宅,4,民生基础
15,grid_400_8486_1342,11,4,7,0,0,3,1,1,3,0,0,0,11,3,1,0,,12,0,False,False,噪声,7,民生基础
3,grid_400_8431_1299,2,1,0,1,0,0,1,0,1,0,0,0,2,0,1,0,,0,0,False,False,住宅,1,民生基础
2,grid_400_8484_1295,2,0,0,0,0,0,2,0,0,0,0,0,1,1,0,0,,0,0,False,False,出行,2,民生基础
22,grid_400_8500_1317,10,12,0,2,3,3,2,10,1,1,0,0,1,20,1,0,东湖社区,22,22,True,True,管网安全,10,安全韧性
5,grid_400_8485_1342,3,2,2,0,0,1,0,1,1,0,0,0,3,1,1,0,,5,0,True,False,噪声,2,民生基础
3,grid_400_8392_1387,3,0,0,0,3,0,0,0,0,0,0,0,3,0,0,0,,0,0,False,False,物业,3,民生基础
6,grid_400_8499_1317,4,2,2,0,1,0,1,0,2,0,0,0,3,1,2,0,锦绣社区,6,6,True,True,噪声,2,民生基础
3,grid_400_8504_1320,2,1,0,0,1,1,0,0,1,0,0,0,3,0,0,0,望洲社区,3,3,True,True,物业,1,民生基础
3,grid_400_8498_1325,1,2,1,0,0,0,0,2,0,0,0,0,1,2,0,0,东山花园社区,3,3,True,True,管网安全,2,安全韧性
1,grid_400_8526_1337,0,1,0,0,0,0,0,1,0,0,0,0,1,0,0,0,,0,0,False,False,管网安全,1,安全韧性
2,grid_400_8498_1317,1,1,0,0,1,0,0,1,0,0,0,0,1,1,0,0,石板溪社区,2,2,True,True,物业,1,民生基础
1,grid_400_8503_1320,1,0,1,0,0,0,0,0,0,0,0,0,1,0,0,0,英雄山社区,1,1,True,True,噪声,1,民生基础
9,grid_400_8497_1325,9,0,3,3,3,0,0,0,0,0,0,0,9,0,0,0,东山花园社区,9,9,True,True,噪声,3,民生基础
1,grid_400_8509_1318,1,0,0,0,0,0,1,0,0,0,0,0,0,1,0,0,,0,0,True,True,出行,1,民生基础
1,grid_400_8483_1342,1,0,0,0,0,1,0,0,0,0,0,0,1,0,0,0,花艳社区,1,1,True,True,停车,1,民生基础
4,grid_400_8557_1254,3,1,0,3,0,0,0,1,0,0,0,0,3,1,0,0,,0,0,False,False,住宅,3,民生基础
8,grid_400_8531_1444,7,1,2,1,2,2,0,1,0,0,0,0,5,2,1,0,,0,0,False,False,噪声,2,民生基础
46,grid_400_8497_1317,33,13,8,14,7,4,0,10,2,1,0,0,28,18,0,0,石板溪社区,46,46,True,True,住宅,14,民生基础
20,grid_400_8502_1320,11,9,0,5,6,0,0,5,4,0,0,0,7,13,0,0,金安岭社区,20,20,True,True,物业,6,民生基础
6,grid_400_8496_1325,5,1,2,0,1,1,1,1,0,0,0,0,5,1,0,0,珠海路社区,6,6,True,True,噪声,2,民生基础
1,grid_400_8513_1321,1,0,0,0,0,1,0,0,0,0,0,0,1,0,0,0,峡江社区,0,1,False,True,停车,1,民生基础
7,grid_400_8518_1451,6,1,4,0,0,0,2,1,0,0,0,0,5,2,0,0,,0,0,False,False,噪声,4,民生基础
9,grid_400_8496_1317,7,2,2,3,2,0,0,2,0,0,0,0,7,2,0,0,气象台社区,9,9,True,True,住宅,3,民生基础
1,grid_400_8576_1468,0,1,0,0,0,0,0,1,0,0,0,0,1,0,0,0,,0,0,False,False,管网安全,1,安全韧性
2,grid_400_8501_1320,2,0,0,1,1,0,0,0,0,0,0,0,1,1,0,0,望洲社区,2,2,True,True,住宅,1,民生基础
25,grid_400_8495_1325,24,1,10,4,2,8,0,1,0,0,0,0,22,2,1,0,珠海路社区,25,25,True,True,噪声,10,民生基础
26,grid_400_8481_1342,20,6,10,3,0,7,0,2,4,0,0,0,21,5,0,0,花艳社区,26,1,True,True,噪声,10,民生基础
3,grid_400_8492_1343,2,1,0,0,0,1,1,1,0,0,0,0,2,1,0,0,,0,0,False,False,停车,1,民生基础
35,grid_400_8488_1345,24,11,3,2,6,0,13,2,8,0,1,0,22,9,4,0,,0,0,False,False,出行,13,民生基础
7,grid_400_8500_1320,6,1,1,3,2,0,0,1,0,0,0,0,5,2,0,0,常刘路社区,7,7,True,True,住宅,3,民生基础
1,grid_400_8494_1325,1,0,0,1,0,0,0,0,0,0,0,0,1,0,0,0,学堂湾社区,1,1,True,True,住宅,1,民生基础
7,grid_400_8496_1322,6,1,1,0,2,3,0,0,1,0,0,0,4,3,0,0,香锦社区,7,7,True,True,停车,3,民生基础
1,grid_400_8413_1306,1,0,1,0,0,0,0,0,0,0,0,0,1,0,0,0,,0,0,False,False,噪声,1,民生基础
5,grid_400_8501_1367,5,0,2,1,1,0,1,0,0,0,0,0,4,1,0,0,,0,0,False,False,噪声,2,民生基础
2,grid_400_8487_1345,2,0,0,0,0,2,0,0,0,0,0,0,2,0,0,0,,0,0,False,False,停车,2,民生基础
7,grid_400_8468_1341,3,4,0,1,1,1,0,2,2,0,0,0,4,2,1,0,龙盘湖社区,7,7,True,True,管网安全,2,安全韧性
7,grid_400_8495_1322,6,1,0,2,4,0,0,0,1,0,0,0,4,3,0,0,东山社区,7,7,True,True,物业,4,民生基础
2,grid_400_8453_1366,2,0,0,0,0,0,2,0,0,0,0,0,2,0,0,0,黄龙寺社区,0,2,False,True,出行,2,民生基础
3,grid_400_8500_1367,3,0,1,0,1,0,1,0,0,0,0,0,3,0,0,0,,0,0,False,False,噪声,1,民生基础
2,grid_400_8486_1345,2,0,2,0,0,0,0,0,0,0,0,0,2,0,0,0,,0,0,False,False,噪声,2,民生基础
2,grid_400_8449_1353,2,0,0,0,2,0,0,0,0,0,0,0,1,0,1,0,蔡家畈社区,0,2,False,True,物业,2,民生基础
3,grid_400_8492_1325,3,0,2,0,0,1,0,0,0,0,0,0,3,0,0,0,学堂湾社区,3,3,True,True,噪声,2,民生基础
4,grid_400_8494_1322,3,1,1,1,1,0,0,0,1,0,0,0,2,2,0,0,赵家湾社区,4,4,True,True,噪声,1,民生基础
1,grid_400_8452_1366,0,1,0,0,0,0,0,1,0,0,0,0,0,1,0,0,黄龙寺社区,0,1,False,True,管网安全,1,安全韧性
1,grid_400_8510_1259,1,0,0,0,0,0,1,0,0,0,0,0,0,1,0,0,,0,0,False,False,出行,1,民生基础
7,grid_400_8479_1347,1,6,0,0,1,0,0,3,3,0,0,0,1,5,1,0,,0,0,False,False,管网安全,3,安全韧性
1,grid_400_8371_1347,1,0,1,0,0,0,0,0,0,0,0,0,1,0,0,0,,0,0,False,False,噪声,1,民生基础
2,grid_400_8448_1353,2,0,2,0,0,0,0,0,0,0,0,0,2,0,0,0,桐岭社区,0,2,False,True,噪声,2,民生基础
3,grid_400_8491_1325,3,0,2,0,1,0,0,0,0,0,0,0,3,0,0,0,王家坝社区,3,3,True,True,噪声,2,民生基础
7,grid_400_8493_1322,5,2,0,5,0,0,0,2,0,0,0,0,5,2,0,0,体育场路社区,7,7,True,True,住宅,5,民生基础
4,grid_400_8504_1323,2,2,1,1,0,0,0,2,0,0,0,0,3,1,0,0,黄河路社区,4,4,True,True,管网安全,2,民生基础
2,grid_400_8515_1324,2,0,0,0,0,0,2,0,0,0,0,0,2,0,0,0,丁家坝社区,0,2,False,True,出行,2,民生基础
1,grid_400_8537_1341,1,0,0,0,0,0,1,0,0,0,0,0,1,0,0,0,,0,0,False,False,出行,1,民生基础
6,grid_400_8447_1353,5,1,2,0,1,2,0,1,0,0,0,0,4,2,0,0,桐岭社区,0,6,False,True,噪声,2,民生基础
16,grid_400_8492_1322,14,2,5,3,5,1,0,2,0,0,0,0,8,8,0,0,体育场路社区,16,16,True,True,噪声,5,民生基础
60,grid_400_8486_1327,51,9,16,10,8,12,5,7,2,0,0,0,53,5,2,0,东星社区,60,57,True,True,噪声,16,民生基础
1,grid_400_8491_1387,1,0,1,0,0,0,0,0,0,0,0,0,1,0,0,0,,0,0,False,False,噪声,1,民生基础
1,grid_400_8481_1306,0,1,0,0,0,0,0,0,1,0,0,0,1,0,0,0,,0,0,False,False,出行安全,1,安全韧性
25,grid_400_8503_1323,11,14,5,2,0,2,2,5,9,0,0,0,12,12,1,0,黄河路社区,25,25,True,True,出行安全,9,安全韧性
42,grid_400_8491_1330,42,0,12,9,12,9,0,0,0,0,0,0,37,4,1,0,岳湾路社区,42,20,True,False,噪声,12,民生基础
11,grid_400_8497_1328,11,0,1,5,5,0,0,0,0,0,0,0,10,1,0,0,汕头路社区,11,11,True,True,住宅,5,民生基础
2,grid_400_8420_1431,1,1,0,0,1,0,0,1,0,0,0,0,2,0,0,0,,0,0,False,False,物业,1,民生基础
1,grid_400_8348_1268,1,0,0,0,0,0,1,0,0,0,0,0,0,1,0,0,,0,0,False,False,出行,1,民生基础
17,grid_400_8488_1348,16,1,11,1,1,0,3,1,0,0,0,0,15,2,0,0,,0,0,False,False,噪声,11,民生基础
4,grid_400_8446_1353,4,0,1,1,1,0,1,0,0,0,0,0,3,1,0,0,桐岭社区,0,4,False,True,噪声,1,民生基础
1,grid_400_8474_1365,1,0,0,0,0,0,1,0,0,0,0,0,1,0,0,0,,0,0,False,False,出行,1,民生基础
1,grid_400_8483_1288,1,0,0,0,1,0,0,0,0,0,0,0,1,0,0,0,,0,0,False,False,物业,1,民生基础
96,grid_400_8491_1322,83,13,38,16,18,4,7,4,3,6,0,0,79,15,2,0,体育场路社区,96,96,True,True,噪声,38,民生基础
36,grid_400_8485_1327,33,3,18,4,4,4,3,3,0,0,0,0,35,1,0,0,韩家坝社区,36,36,True,True,噪声,18,民生基础
24,grid_400_8490_1330,19,5,3,3,4,4,5,4,1,0,0,0,21,1,2,0,岳湾路社区,24,17,True,False,出行,5,民生基础
28,grid_400_8502_1323,26,2,12,4,6,4,0,2,0,0,0,0,25,3,0,0,大学路社区,28,28,True,True,噪声,12,民生基础
1,grid_400_8482_1345,0,1,0,0,0,0,0,0,1,0,0,0,1,0,0,0,,0,0,False,False,出行安全,1,安全韧性
1,grid_400_8409_1353,1,0,1,0,0,0,0,0,0,0,0,0,1,0,0,0,,0,0,False,False,噪声,1,民生基础
1,grid_400_8447_1350,1,0,0,1,0,0,0,0,0,0,0,0,1,0,0,0,桐岭社区,0,1,False,True,住宅,1,民生基础
247,grid_400_8490_1322,220,27,106,58,30,16,10,13,8,6,0,0,228,13,6,0,建设社区,247,247,True,True,噪声,106,民生基础
1,grid_400_8509_1311,0,1,0,0,0,0,0,1,0,0,0,0,0,1,0,0,,0,0,False,False,管网安全,1,安全韧性
33,grid_400_8489_1330,28,5,8,7,9,1,3,0,3,2,0,0,31,2,0,0,中南路社区,33,33,True,False,物业,9,民生基础
21,grid_400_8501_1323,17,4,4,5,4,2,2,3,1,0,0,0,14,6,1,0,大学路社区,21,21,True,True,住宅,5,民生基础
1,grid_400_8482_1280,1,0,0,0,0,0,1,0,0,0,0,0,1,0,0,0,,0,0,False,False,出行,1,民生基础
22,grid_400_8512_1324,20,2,5,9,4,2,0,0,0,2,0,0,22,0,0,0,兴安社区,0,22,False,True,住宅,9,民生基础
1,grid_400_8444_1353,1,0,1,0,0,0,0,0,0,0,0,0,1,0,0,0,新金岭社区,0,1,False,True,噪声,1,民生基础
1,grid_400_8480_1353,0,1,0,0,0,0,0,0,1,0,0,0,1,0,0,0,,1,0,True,False,出行安全,1,安全韧性
15,grid_400_8489_1322,13,2,10,0,2,1,0,2,0,0,0,0,12,1,2,0,万达社区,15,15,True,True,噪声,10,民生基础
19,grid_400_8488_1330,16,3,5,3,3,4,1,0,0,3,0,0,18,1,0,0,白家冲社区,19,16,True,True,噪声,5,民生基础
1,grid_400_8443_1368,1,0,0,1,0,0,0,0,0,0,0,0,1,0,0,0,,0,0,False,False,住宅,1,民生基础
3,grid_400_8480_1345,3,0,0,0,1,2,0,0,0,0,0,0,2,1,0,0,,3,0,False,False,停车,2,民生基础
2,grid_400_8485_1309,1,1,0,0,1,0,0,0,1,0,0,0,1,1,0,0,,0,0,False,False,物业,1,民生基础
4,grid_400_8541_1453,3,1,0,0,1,0,2,1,0,0,0,0,3,0,1,0,,0,0,False,False,出行,2,民生基础
2,grid_400_8507_1326,2,0,0,0,1,1,0,0,0,0,0,0,2,0,0,0,金斗山社区,2,2,True,True,物业,1,民生基础
12,grid_400_8512_1329,12,0,10,0,0,2,0,0,0,0,0,0,12,0,0,0,东城社区,0,12,False,True,噪声,10,民生基础
23,grid_400_8487_1330,22,1,3,9,4,5,1,1,0,0,0,0,21,1,1,0,白家冲社区,23,23,True,True,住宅,9,民生基础
12,grid_400_8481_1335,12,0,2,8,0,2,0,0,0,0,0,0,12,0,0,0,福久源社区,12,12,True,True,住宅,8,民生基础
3,grid_400_8493_1328,3,0,0,3,0,0,0,0,0,0,0,0,3,0,0,0,长江社区,3,3,True,True,住宅,3,民生基础
3,grid_400_8529_1437,3,0,0,2,1,0,0,0,0,0,0,0,0,3,0,0,,0,0,False,False,住宅,2,民生基础
1,grid_400_8407_1358,1,0,1,0,0,0,0,0,0,0,0,0,1,0,0,0,,0,0,False,False,噪声,1,民生基础
44,grid_400_8486_1330,42,2,11,16,5,8,2,2,0,0,0,0,41,3,0,0,合益路社区,44,27,True,True,住宅,16,民生基础
2,grid_400_8570_1323,2,0,1,0,1,0,0,0,0,0,0,0,2,0,0,0,,0,0,False,False,噪声,1,民生基础
16,grid_400_8480_1335,12,4,1,3,5,0,3,1,0,1,2,0,16,0,0,0,,16,0,True,True,物业,5,民生基础
4,grid_400_8483_1309,4,0,0,4,0,0,0,0,0,0,0,0,3,1,0,0,,0,0,False,False,住宅,4,民生基础
2,grid_400_8494_1310,0,2,0,0,0,0,0,2,0,0,0,0,0,2,0,0,朱市街社区,0,2,False,True,管网安全,2,安全韧性
39,grid_400_8485_1330,39,0,20,1,6,12,0,0,0,0,0,0,37,2,0,0,徐家坝社区,39,2,True,True,噪声,20,民生基础
43,grid_400_8479_1335,41,2,14,14,11,2,0,2,0,0,0,0,41,2,0,0,伍临路社区,43,43,True,True,噪声,14,民生基础
5,grid_400_8478_1350,2,3,1,1,0,0,0,0,1,2,0,0,4,1,0,0,,5,0,True,False,消防安全,2,安全韧性
8,grid_400_8493_1310,4,4,0,1,1,0,2,4,0,0,0,0,2,5,1,0,朱市街社区,0,8,False,True,管网安全,4,民生基础
1,grid_400_8437_1290,0,1,0,0,0,0,0,0,1,0,0,0,0,0,1,0,,0,0,False,False,出行安全,1,安全韧性
1,grid_400_8405_1358,1,0,0,1,0,0,0,0,0,0,0,0,1,0,0,0,,0,0,False,False,住宅,1,民生基础
26,grid_400_8484_1330,19,7,10,1,2,6,0,1,0,6,0,0,21,4,1,0,徐家坝社区,26,10,True,False,噪声,10,民生基础
19,grid_400_8478_1335,17,2,4,1,3,6,3,0,2,0,0,0,14,2,3,0,八一路社区,19,19,True,True,停车,6,民生基础
1,grid_400_8503_1326,1,0,0,0,0,1,0,0,0,0,0,0,1,0,0,0,黄河路社区,1,1,True,True,停车,1,民生基础
1,grid_400_8486_1312,1,0,0,0,0,0,1,0,0,0,0,0,0,1,0,0,五龙社区,0,1,False,True,出行,1,民生基础
1,grid_400_8492_1310,0,1,0,0,0,0,0,0,1,0,0,0,1,0,0,0,,0,0,False,False,出行安全,1,安全韧性
1,grid_400_8514_1327,1,0,0,0,1,0,0,0,0,0,0,0,1,0,0,0,营盘社区,0,1,False,True,物业,1,民生基础
4,grid_400_8503_1311,3,1,0,0,0,1,2,0,1,0,0,0,3,1,0,0,至喜社区,0,4,False,False,出行,2,民生基础
9,grid_400_8483_1330,9,0,3,2,2,1,1,0,0,0,0,0,6,2,1,0,,9,0,True,True,噪声,3,民生基础
51,grid_400_8477_1335,48,3,20,7,9,6,6,2,1,0,0,0,46,4,1,0,鑫鼎社区,51,34,True,False,噪声,20,民生基础
9,grid_400_8479_1332,9,0,2,0,3,1,3,0,0,0,0,0,5,3,1,0,白沙路社区,9,9,True,True,物业,3,民生基础
23,grid_400_8502_1326,19,4,4,2,4,5,4,3,1,0,0,0,16,5,2,0,黄河路社区,23,23,True,True,停车,5,民生基础
98,grid_400_8513_1327,82,16,33,32,8,6,3,9,2,5,0,0,92,5,1,0,东城社区,0,80,False,True,噪声,33,民生基础
6,grid_400_8518_1330,6,0,3,1,0,1,1,0,0,0,0,0,6,0,0,0,黄金卡社区,0,6,False,True,噪声,3,民生基础
48,grid_400_8512_1335,42,6,10,23,8,0,1,4,1,1,0,0,46,2,0,0,锦云社区,0,48,False,True,住宅,23,民生基础
3,grid_400_8476_1335,3,0,0,3,0,0,0,0,0,0,0,0,3,0,0,0,,3,0,True,True,住宅,3,民生基础
2,grid_400_8489_1333,0,2,0,0,0,0,0,0,2,0,0,0,1,1,0,0,枫香树社区,2,2,True,True,出行安全,2,安全韧性
2,grid_400_8501_1326,2,0,0,2,0,0,0,0,0,0,0,0,1,1,0,0,叶家坝社区,2,2,True,True,住宅,2,民生基础
7,grid_400_8506_1329,7,0,0,3,2,0,2,0,0,0,0,0,5,2,0,0,石板社区,7,7,True,True,住宅,3,民生基础
4,grid_400_8517_1330,4,0,1,1,0,0,2,0,0,0,0,0,3,0,1,0,黄金卡社区,0,4,False,True,出行,2,民生基础
6,grid_400_8511_1335,3,3,1,1,1,0,0,3,0,0,0,0,6,0,0,0,锦云社区,0,6,False,True,管网安全,3,民生基础
2,grid_400_8513_1332,1,1,1,0,0,0,0,1,0,0,0,0,2,0,0,0,绿洲社区,0,2,False,False,噪声,1,民生基础
7,grid_400_8451_1356,5,2,0,0,3,2,0,0,1,0,1,0,4,3,0,0,六泉湖社区,0,7,False,True,物业,3,民生基础
4,grid_400_8488_1333,4,0,1,1,2,0,0,0,0,0,0,0,4,0,0,0,枫香树社区,4,4,True,True,物业,2,民生基础
1,grid_400_8505_1329,1,0,0,0,0,0,1,0,0,0,0,0,1,0,0,0,石板社区,1,1,True,True,出行,1,民生基础
1,grid_400_8403_1355,1,0,0,1,0,0,0,0,0,0,0,0,1,0,0,0,,0,0,False,False,住宅,1,民生基础
1,grid_400_8512_1332,1,0,0,0,0,1,0,0,0,0,0,0,1,0,0,0,绿洲社区,0,1,False,True,停车,1,民生基础
3,grid_400_8501_1316,1,2,0,1,0,0,0,2,0,0,0,0,1,2,0,0,幸福路社区,3,1,True,True,管网安全,2,安全韧性
15,grid_400_8487_1333,15,0,6,2,2,2,3,0,0,0,0,0,13,1,1,0,枫香树社区,15,12,True,True,噪声,6,民生基础
2,grid_400_8479_1415,2,0,0,0,0,0,2,0,0,0,0,0,0,2,0,0,,0,0,False,False,出行,2,民生基础
1,grid_400_8489_1315,1,0,0,0,0,1,0,0,0,0,0,0,1,0,0,0,红光社区,0,1,False,True,停车,1,民生基础
1,grid_400_8418_1377,1,0,1,0,0,0,0,0,0,0,0,0,1,0,0,0,,0,0,False,False,噪声,1,民生基础
1,grid_400_8449_1356,1,0,0,1,0,0,0,0,0,0,0,0,1,0,0,0,石板冲社区,0,1,False,True,住宅,1,民生基础
2,grid_400_8500_1316,2,0,0,2,0,0,0,0,0,0,0,0,1,1,0,0,,2,0,True,False,住宅,2,民生基础
70,grid_400_8486_1333,67,3,13,8,21,16,9,1,1,0,1,0,60,9,1,0,张家湾社区,70,57,True,True,物业,21,民生基础
2,grid_400_8430_1298,2,0,0,0,0,1,1,0,0,0,0,0,2,0,0,0,,0,0,False,False,停车,1,民生基础
1,grid_400_8488_1315,1,0,1,0,0,0,0,0,0,0,0,0,1,0,0,0,五龙社区,0,1,False,True,噪声,1,民生基础
9,grid_400_8499_1316,3,6,1,1,1,0,0,6,0,0,0,0,4,5,0,0,土街头社区,9,3,True,True,管网安全,6,安全韧性
7,grid_400_8485_1333,6,1,2,0,2,0,2,1,0,0,0,0,4,1,2,0,张家湾社区,7,3,True,True,噪声,2,民生基础
11,grid_400_8506_1373,8,3,6,0,1,0,1,3,0,0,0,0,11,0,0,0,,0,0,False,False,噪声,6,民生基础
1,grid_400_8332_1275,1,0,1,0,0,0,0,0,0,0,0,0,1,0,0,0,,0,0,False,False,噪声,1,民生基础
1,grid_400_8487_1315,0,1,0,0,0,0,0,1,0,0,0,0,0,1,0,0,梅子溪社区,0,1,False,True,管网安全,1,安全韧性
2,grid_400_8411_1356,2,0,0,0,0,2,0,0,0,0,0,0,2,0,0,0,,0,0,False,False,停车,2,民生基础
2,grid_400_8498_1316,2,0,0,0,0,0,2,0,0,0,0,0,0,1,1,0,樵湖岭社区,2,2,True,True,出行,2,民生基础
7,grid_400_8486_1315,5,2,1,0,3,0,1,1,0,0,1,0,6,0,1,0,梅子溪社区,0,7,False,True,物业,3,民生基础
6,grid_400_8497_1316,3,3,1,1,0,1,0,0,3,0,0,0,6,0,0,0,四方堰社区,6,6,True,True,出行安全,3,民生基础
6,grid_400_8533_1440,4,2,1,3,0,0,0,2,0,0,0,0,4,2,0,0,,0,0,False,False,住宅,3,民生基础
8,grid_400_8483_1333,8,0,2,5,0,1,0,0,0,0,0,0,8,0,0,0,,8,0,True,False,住宅,5,民生基础
4,grid_400_8496_1316,4,0,0,1,3,0,0,0,0,0,0,0,3,1,0,0,东门外正街社区,4,4,True,True,物业,3,民生基础
2,grid_400_8445_1356,2,0,0,0,1,0,1,0,0,0,0,0,1,0,1,0,新金岭社区,0,2,False,True,物业,1,民生基础
13,grid_400_8495_1331,13,0,2,0,2,0,9,0,0,0,0,0,7,4,2,0,大树湾社区,13,13,True,True,出行,9,民生基础
2,grid_400_8484_1315,2,0,2,0,0,0,0,0,0,0,0,0,1,1,0,0,,0,0,False,False,噪声,2,民生基础
9,grid_400_8495_1316,7,2,1,3,2,1,0,2,0,0,0,0,3,5,1,0,环城东路社区,9,9,True,True,住宅,3,民生基础
40,grid_400_8517_1333,32,8,7,9,4,10,2,4,2,2,0,0,37,2,1,0,黄金卡社区,0,40,False,False,停车,10,民生基础
91,grid_400_8482_1338,81,10,9,1,3,19,49,5,5,0,0,0,69,10,12,0,花艳社区,91,8,True,True,出行,49,民生基础
2,grid_400_8483_1315,2,0,2,0,0,0,0,0,0,0,0,0,2,0,0,0,,0,0,False,False,噪声,2,民生基础
1,grid_400_8505_1332,1,0,0,0,0,1,0,0,0,0,0,0,0,1,0,0,石板社区,1,1,True,True,停车,1,民生基础
8,grid_400_8494_1316,8,0,2,1,3,1,1,0,0,0,0,0,6,2,0,0,中书街社区,8,8,True,True,物业,3,民生基础
36,grid_400_8530_1440,32,4,10,3,10,6,3,1,3,0,0,0,33,3,0,0,,0,0,False,False,噪声,10,民生基础
1,grid_400_8437_1361,1,0,0,0,0,0,1,0,0,0,0,0,1,0,0,0,云池社区,0,1,False,True,出行,1,民生基础
1,grid_400_8524_1445,1,0,1,0,0,0,0,0,0,0,0,0,1,0,0,0,,0,0,False,False,噪声,1,民生基础
4,grid_400_8501_1319,3,1,1,0,1,0,1,1,0,0,0,0,3,0,1,0,常家湾社区,4,4,True,True,噪声,1,民生基础
20,grid_400_8481_1338,20,0,11,2,5,0,2,0,0,0,0,0,18,2,0,0,东站路社区,20,2,True,False,噪声,11,民生基础
1,grid_400_8487_1336,1,0,1,0,0,0,0,0,0,0,0,0,1,0,0,0,张家湾社区,1,1,True,False,噪声,1,民生基础
40,grid_400_8529_1440,32,8,13,4,12,1,2,4,4,0,0,0,33,6,1,0,,0,0,False,False,噪声,13,民生基础
4,grid_400_8447_1362,3,1,0,0,1,0,2,0,1,0,0,0,1,1,2,0,黄龙寺社区,0,4,False,True,出行,2,民生基础
13,grid_400_8494_1321,13,0,3,8,1,0,1,0,0,0,0,0,11,1,1,0,白龙井社区,13,13,True,True,住宅,8,民生基础
14,grid_400_8500_1319,12,2,6,3,0,2,1,1,0,0,1,0,11,3,0,0,肖家岗社区,14,14,True,True,噪声,6,民生基础
1,grid_400_8474_1343,1,0,1,0,0,0,0,0,0,0,0,0,1,0,0,0,,1,0,True,False,噪声,1,民生基础
4,grid_400_8417_1427,4,0,0,3,1,0,0,0,0,0,0,0,3,1,0,0,,0,0,False,False,住宅,3,民生基础
1,grid_400_8528_1440,1,0,0,0,0,0,1,0,0,0,0,0,1,0,0,0,,0,0,False,False,出行,1,民生基础
19,grid_400_8493_1321,13,6,1,2,1,1,8,1,5,0,0,0,13,5,1,0,赵家湾社区,19,19,True,True,出行,8,民生基础
15,grid_400_8499_1319,8,7,0,3,2,1,2,5,2,0,0,0,8,7,0,0,肖家岗社区,15,15,True,True,管网安全,5,民生基础
1,grid_400_8485_1336,0,1,0,0,0,0,0,0,1,0,0,0,1,0,0,0,,1,0,True,False,出行安全,1,安全韧性
1,grid_400_8416_1427,0,1,0,0,0,0,0,0,0,1,0,0,1,0,0,0,,0,0,False,False,消防安全,1,安全韧性
8,grid_400_8493_1313,5,3,0,0,0,0,5,2,1,0,0,0,3,5,0,0,朱市街社区,0,6,False,True,出行,5,民生基础
66,grid_400_8492_1321,60,6,17,35,6,2,0,4,2,0,0,0,58,6,2,0,金家台社区,66,66,True,True,住宅,35,民生基础
35,grid_400_8498_1319,34,1,12,8,5,6,3,0,1,0,0,0,26,8,1,0,刘家大堰社区,35,35,True,True,噪声,12,民生基础
1,grid_400_8548_1465,1,0,0,0,0,0,1,0,0,0,0,0,0,1,0,0,,0,0,False,False,出行,1,民生基础
2,grid_400_8447_1359,2,0,1,0,1,0,0,0,0,0,0,0,1,0,1,0,石板冲社区,0,2,False,True,噪声,1,民生基础
8,grid_400_8483_1344,8,0,0,1,3,4,0,0,0,0,0,0,6,2,0,0,,0,0,False,False,停车,4,民生基础
1,grid_400_8417_1424,1,0,0,0,0,0,1,0,0,0,0,0,0,0,1,0,,0,0,False,False,出行,1,民生基础
2,grid_400_8492_1313,1,1,0,0,0,1,0,0,1,0,0,0,1,1,0,0,,0,0,False,True,停车,1,民生基础
1,grid_400_8507_1397,1,0,0,0,1,0,0,0,0,0,0,0,1,0,0,0,,0,0,False,False,物业,1,民生基础
1,grid_400_8486_1318,0,1,0,0,0,0,0,1,0,0,0,0,0,1,0,0,五龙社区,0,1,False,True,管网安全,1,安全韧性
40,grid_400_8491_1321,34,6,13,11,7,2,1,2,2,2,0,0,35,5,0,0,张家店社区,40,40,True,True,噪声,13,民生基础
105,grid_400_8497_1319,98,7,32,33,17,9,7,4,2,1,0,0,101,2,2,0,营盘路社区,105,105,True,True,住宅,33,民生基础
1,grid_400_8488_1339,0,1,0,0,0,0,0,1,0,0,0,0,1,0,0,0,金巴岭社区,1,1,True,True,管网安全,1,安全韧性
34,grid_400_8484_1341,25,9,5,3,3,10,4,4,5,0,0,0,23,9,2,0,三峡物流园社区,34,34,True,True,停车,10,民生基础
2,grid_400_8473_1325,2,0,0,0,0,0,2,0,0,0,0,0,2,0,0,0,,0,0,False,False,出行,2,民生基础
73,grid_400_8490_1321,68,5,43,6,11,3,5,3,2,0,0,0,71,1,1,0,张家店社区,73,73,True,True,噪声,43,民生基础
7,grid_400_8496_1319,7,0,1,5,0,0,1,0,0,0,0,0,7,0,0,0,香锦社区,7,7,True,True,住宅,5,民生基础
16,grid_400_8476_1338,13,3,6,1,3,3,0,2,1,0,0,0,11,4,1,0,柏临河路社区,16,10,True,True,噪声,6,民生基础
1,grid_400_8532_1443,1,0,0,0,1,0,0,0,0,0,0,0,1,0,0,0,,0,0,False,False,物业,1,民生基础
3,grid_400_8456_1360,0,3,0,0,0,0,0,1,2,0,0,0,1,1,1,0,六泉湖社区,0,3,False,True,出行安全,2,安全韧性
38,grid_400_8483_1341,32,6,8,4,13,4,3,4,2,0,0,0,22,16,0,0,三峡物流园社区,38,1,True,True,物业,13,民生基础
9,grid_400_8519_1380,7,2,2,2,1,0,2,2,0,0,0,0,9,0,0,0,,0,0,False,False,噪声,2,民生基础
2,grid_400_8489_1321,2,0,1,1,0,0,0,0,0,0,0,0,2,0,0,0,万达社区,2,2,True,False,噪声,1,民生基础
13,grid_400_8495_1319,11,2,3,1,4,3,0,2,0,0,0,0,5,7,1,0,山庄路社区,13,13,True,True,物业,4,民生基础
1,grid_400_8445_1279,0,1,0,0,0,0,0,1,0,0,0,0,1,0,0,0,,0,0,False,False,管网安全,1,安全韧性
1,grid_400_8480_1344,0,1,0,0,0,0,0,1,0,0,0,0,0,1,0,0,,1,0,True,False,管网安全,1,安全韧性
50,grid_400_8494_1319,40,10,18,14,4,3,1,6,2,2,0,0,32,15,3,0,果园路社区,50,50,True,True,噪声,18,民生基础
6,grid_400_8525_1383,6,0,0,0,0,3,3,0,0,0,0,0,6,0,0,0,,0,0,False,False,停车,3,民生基础
1,grid_400_8468_1343,0,1,0,0,0,0,0,1,0,0,0,0,1,0,0,0,龙盘湖社区,1,1,True,True,管网安全,1,安全韧性
4,grid_400_8479_1344,3,1,0,0,1,1,1,0,1,0,0,0,4,0,0,0,花溪路社区,4,3,True,True,物业,1,民生基础
1,grid_400_8481_1341,0,1,0,0,0,0,0,1,0,0,0,0,0,1,0,0,,1,0,True,False,管网安全,1,安全韧性
15,grid_400_8506_1325,13,2,7,1,3,2,0,0,2,0,0,0,11,4,0,0,沙河社区,15,15,True,True,噪声,7,民生基础
1,grid_400_8556_1354,1,0,1,0,0,0,0,0,0,0,0,0,1,0,0,0,,0,0,False,False,噪声,1,民生基础
4,grid_400_8529_1443,4,0,1,1,0,0,2,0,0,0,0,0,2,0,2,0,,0,0,False,False,出行,2,民生基础
7,grid_400_8490_1295,5,2,0,3,0,0,2,2,0,0,0,0,1,6,0,0,,0,0,False,False,住宅,3,民生基础
1,grid_400_8494_1324,1,0,0,0,1,0,0,0,0,0,0,0,0,1,0,0,南苑社区,1,1,True,True,物业,1,民生基础
12,grid_400_8480_1341,12,0,2,0,5,2,3,0,0,0,0,0,8,4,0,0,,12,0,True,False,物业,5,民生基础
1,grid_400_8495_1301,0,1,0,0,0,0,0,1,0,0,0,0,0,1,0,0,,0,0,False,False,管网安全,1,安全韧性
14,grid_400_8505_1325,8,6,1,1,2,2,2,2,4,0,0,0,5,9,0,0,沙河社区,14,14,True,True,出行安全,4,民生基础
1,grid_400_8487_1259,1,0,0,1,0,0,0,0,0,0,0,0,1,0,0,0,,0,0,False,False,住宅,1,民生基础
5,grid_400_8525_1295,4,1,0,0,1,0,3,0,1,0,0,0,4,1,0,0,,0,0,False,False,出行,3,民生基础
1,grid_400_8462_1345,1,0,0,0,0,0,1,0,0,0,0,0,1,0,0,0,磨盘社区,0,1,False,True,出行,1,民生基础
4,grid_400_8479_1341,2,2,0,0,0,2,0,1,1,0,0,0,3,0,1,0,,4,0,True,False,停车,2,民生基础
4,grid_400_8527_1443,4,0,2,0,0,2,0,0,0,0,0,0,4,0,0,0,,0,0,False,False,噪声,2,民生基础
6,grid_400_8492_1324,5,1,1,1,1,2,0,1,0,0,0,0,5,1,0,0,南苑社区,6,6,True,True,停车,2,民生基础
5,grid_400_8503_1325,5,0,2,0,0,1,2,0,0,0,0,0,3,1,1,0,大学路社区,5,5,True,True,噪声,2,民生基础
1,grid_400_8452_1365,1,0,0,0,0,0,1,0,0,0,0,0,1,0,0,0,黄龙寺社区,0,1,False,True,出行,1,民生基础
1,grid_400_8491_1324,1,0,0,0,0,1,0,0,0,0,0,0,1,0,0,0,苏家榜社区,1,1,True,True,停车,1,民生基础
6,grid_400_8502_1325,6,0,1,1,0,2,2,0,0,0,0,0,4,1,1,0,大学路社区,6,6,True,True,停车,2,民生基础
1,grid_400_8451_1365,1,0,0,0,0,0,1,0,0,0,0,0,1,0,0,0,黄龙寺社区,0,1,False,True,出行,1,民生基础
7,grid_400_8442_1346,3,4,2,0,0,0,1,0,4,0,0,0,6,0,1,0,,0,0,False,False,出行安全,4,安全韧性
23,grid_400_8490_1324,17,6,9,3,1,0,4,5,1,0,0,0,17,5,1,0,山河园路社区,23,23,True,True,噪声,9,民生基础
1,grid_400_8501_1325,1,0,0,0,0,0,1,0,0,0,0,0,0,1,0,0,大学路社区,1,1,True,True,出行,1,民生基础
2,grid_400_8503_1322,2,0,0,2,0,0,0,0,0,0,0,0,2,0,0,0,大堰湾社区,2,2,True,True,住宅,2,民生基础
44,grid_400_8489_1324,33,11,15,5,4,5,4,4,2,5,0,0,33,10,1,0,建设社区,44,32,True,True,噪声,15,民生基础
17,grid_400_8500_1325,17,0,5,0,2,4,6,0,0,0,0,0,14,3,0,0,大学路社区,17,17,True,True,出行,6,民生基础
41,grid_400_8502_1322,33,8,8,22,3,0,0,7,1,0,0,0,35,4,2,0,大堰湾社区,41,41,True,True,住宅,22,民生基础
6,grid_400_8513_1323,6,0,1,5,0,0,0,0,0,0,0,0,6,0,0,0,兴安社区,0,6,False,True,住宅,5,民生基础
15,grid_400_8507_1328,10,5,0,0,7,2,1,2,3,0,0,0,3,12,0,0,金斗山社区,15,15,True,True,物业,7,民生基础
6,grid_400_8409_1352,6,0,0,0,0,1,5,0,0,0,0,0,5,1,0,0,,0,0,False,False,出行,5,民生基础
45,grid_400_8488_1324,41,4,11,15,5,6,4,3,0,1,0,0,36,9,0,0,张家坡社区,45,45,True,True,住宅,15,民生基础
5,grid_400_8510_1341,4,1,0,0,1,0,3,0,1,0,0,0,5,0,0,0,,0,0,False,False,出行,3,民生基础
1,grid_400_8456_1353,1,0,0,0,0,0,1,0,0,0,0,0,1,0,0,0,鸡山社区,0,1,False,True,出行,1,民生基础
5,grid_400_8501_1322,5,0,2,2,1,0,0,0,0,0,0,0,5,0,0,0,大学路社区,5,5,True,True,噪声,2,民生基础
1,grid_400_8495_1327,1,0,1,0,0,0,0,0,0,0,0,0,1,0,0,0,青岛路社区,1,1,True,True,噪声,1,民生基础
36,grid_400_8512_1323,33,3,9,4,2,11,7,2,1,0,0,0,34,0,2,0,冯家湾社区,0,36,False,True,停车,11,民生基础
6,grid_400_8506_1328,2,4,1,0,0,1,0,3,1,0,0,0,4,1,1,0,金斗山社区,6,6,True,True,管网安全,3,安全韧性
1,grid_400_8494_1327,0,1,0,0,0,0,0,0,1,0,0,0,0,0,1,0,长江社区,1,1,True,True,出行安全,1,安全韧性
1,grid_400_8550_1471,1,0,1,0,0,0,0,0,0,0,0,0,1,0,0,0,,0,0,False,False,噪声,1,民生基础
2,grid_400_8505_1328,1,1,1,0,0,0,0,0,1,0,0,0,1,0,1,0,唐家湾社区,2,2,True,True,噪声,1,民生基础
7,grid_400_8499_1322,6,1,1,3,2,0,0,1,0,0,0,0,6,1,0,0,船柴社区,7,7,True,True,住宅,3,民生基础
20,grid_400_8487_1329,16,4,3,3,3,5,2,3,0,1,0,0,17,2,1,0,白家冲社区,20,4,True,False,停车,5,民生基础
8,grid_400_8493_1327,6,2,1,1,1,1,2,1,0,1,0,0,8,0,0,0,长江社区,8,8,True,True,出行,2,民生基础
27,grid_400_8504_1328,18,9,8,3,4,3,0,8,1,0,0,0,19,8,0,0,唐家湾社区,27,27,True,True,噪声,8,民生基础
12,grid_400_8486_1329,11,1,3,3,4,1,0,0,0,1,0,0,11,1,0,0,,12,0,True,False,物业,4,民生基础
4,grid_400_8548_1471,4,0,1,2,1,0,0,0,0,0,0,0,4,0,0,0,,0,0,False,False,住宅,2,民生基础
5,grid_400_8492_1327,5,0,3,2,0,0,0,0,0,0,0,0,5,0,0,0,长江社区,5,5,True,True,噪声,3,民生基础
10,grid_400_8489_1345,10,0,3,0,2,2,3,0,0,0,0,0,7,2,1,0,,0,0,False,False,噪声,3,民生基础
1,grid_400_8441_1352,1,0,0,0,0,0,1,0,0,0,0,0,0,0,1,0,新金岭社区,0,1,False,True,出行,1,民生基础
1,grid_400_8474_1370,0,1,0,0,0,0,0,0,1,0,0,0,0,1,0,0,,0,0,False,False,出行安全,1,安全韧性
49,grid_400_8485_1329,46,3,18,9,1,13,5,0,3,0,0,0,47,2,0,0,徐家坝社区,49,23,True,True,噪声,18,民生基础
5,grid_400_8497_1322,5,0,2,1,2,0,0,0,0,0,0,0,5,0,0,0,香锦社区,5,5,True,True,噪声,2,民生基础
9,grid_400_8491_1327,8,1,4,2,1,0,1,0,0,1,0,0,8,1,0,0,王家坝社区,9,9,True,True,噪声,4,民生基础
3,grid_400_8471_1346,3,0,0,2,0,0,1,0,0,0,0,0,3,0,0,0,,3,0,True,False,住宅,2,民生基础
6,grid_400_8502_1328,5,1,0,0,4,0,1,0,1,0,0,0,1,4,1,0,叶家坝社区,6,6,True,True,物业,4,民生基础
3,grid_400_8482_1347,3,0,0,0,0,1,2,0,0,0,0,0,1,2,0,0,,0,0,False,False,出行,2,民生基础
1,grid_400_8515_1326,1,0,1,0,0,0,0,0,0,0,0,0,1,0,0,0,,0,0,False,True,噪声,1,民生基础
3,grid_400_8498_1312,2,1,0,0,0,0,2,0,1,0,0,0,2,0,1,0,,0,0,False,False,出行,2,民生基础
1,grid_400_8380_1373,1,0,0,1,0,0,0,0,0,0,0,0,1,0,0,0,,0,0,False,False,住宅,1,民生基础
22,grid_400_8484_1329,22,0,13,5,3,1,0,0,0,0,0,0,20,2,0,0,艾家嘴社区,22,14,True,False,噪声,13,民生基础
128,grid_400_8478_1334,113,15,33,43,23,8,6,6,6,3,0,0,112,10,6,0,伍临路社区,128,128,True,True,住宅,43,民生基础
1,grid_400_8481_1347,0,1,0,0,0,0,0,0,1,0,0,0,1,0,0,0,,0,0,False,False,出行安全,1,安全韧性
1,grid_400_8503_1310,1,0,0,0,0,0,1,0,0,0,0,0,1,0,0,0,,0,0,False,False,出行,1,民生基础
2,grid_400_8483_1329,1,1,0,1,0,0,0,0,1,0,0,0,1,1,0,0,艾家嘴社区,2,2,True,True,住宅,1,民生基础
74,grid_400_8477_1334,71,3,48,11,8,3,1,2,1,0,0,0,68,4,2,0,沈家店社区,74,74,True,True,噪声,48,民生基础
5,grid_400_8489_1327,4,1,0,1,1,0,2,1,0,0,0,0,2,2,1,0,竹涛山社区,5,5,True,True,出行,2,民生基础
1,grid_400_8494_1330,0,1,0,0,0,0,0,0,1,0,0,0,0,0,1,0,大树湾社区,1,1,True,True,出行安全,1,安全韧性
4,grid_400_8488_1335,4,0,1,0,0,0,3,0,0,0,0,0,1,1,2,0,,4,0,True,False,出行,3,民生基础
1,grid_400_8500_1328,1,0,0,1,0,0,0,0,0,0,0,0,1,0,0,0,汕头路社区,1,1,True,True,住宅,1,民生基础
3,grid_400_8485_1353,2,1,0,0,1,1,0,0,1,0,0,0,1,0,2,0,东锦苑社区,0,1,False,False,物业,1,民生基础
30,grid_400_8513_1326,25,5,6,10,3,2,4,2,3,0,0,0,29,1,0,0,兴安社区,0,30,False,False,住宅,10,民生基础
5,grid_400_8518_1329,5,0,0,4,0,1,0,0,0,0,0,0,5,0,0,0,黄金卡社区,0,5,False,True,住宅,4,民生基础
20,grid_400_8488_1327,18,2,3,9,4,1,1,1,0,1,0,0,19,0,1,0,魏家湾社区,20,20,True,True,住宅,9,民生基础
1,grid_400_8476_1334,1,0,1,0,0,0,0,0,0,0,0,0,1,0,0,0,临江溪社区,1,1,True,True,噪声,1,民生基础
1,grid_400_8493_1330,1,0,1,0,0,0,0,0,0,0,0,0,1,0,0,0,大树湾社区,1,1,True,True,噪声,1,民生基础
27,grid_400_8509_1352,24,3,7,14,0,1,2,2,1,0,0,0,25,2,0,0,,0,0,False,False,住宅,14,民生基础
1,grid_400_8496_1304,1,0,1,0,0,0,0,0,0,0,0,0,1,0,0,0,,0,0,False,False,噪声,1,民生基础
1,grid_400_8484_1353,1,0,0,1,0,0,0,0,0,0,0,0,1,0,0,0,,0,0,False,False,住宅,1,民生基础
1,grid_400_8512_1326,1,0,1,0,0,0,0,0,0,0,0,0,1,0,0,0,东城社区,0,1,False,True,噪声,1,民生基础
1,grid_400_8495_1312,0,1,0,0,0,0,0,1,0,0,0,0,0,1,0,0,朱市街社区,0,1,False,True,管网安全,1,安全韧性
37,grid_400_8517_1329,36,1,12,15,4,2,3,1,0,0,0,0,33,1,3,0,平云社区,0,37,False,True,住宅,15,民生基础
23,grid_400_8487_1327,20,3,14,0,5,0,1,2,1,0,0,0,22,1,0,0,东星社区,23,23,True,True,噪声,14,民生基础
21,grid_400_8492_1330,20,1,10,3,3,4,0,0,1,0,0,0,20,1,0,0,宝联社区,21,1,True,True,噪声,10,民生基础
2,grid_400_8495_1304,2,0,0,2,0,0,0,0,0,0,0,0,1,0,0,1,,0,0,False,False,住宅,2,民生基础
3,grid_400_8494_1312,2,1,0,0,1,1,0,0,1,0,0,0,2,0,1,0,朱市街社区,0,3,False,True,物业,1,民生基础
4,grid_400_8516_1329,4,0,0,1,0,1,2,0,0,0,0,0,2,1,1,0,营盘社区,0,4,False,True,出行,2,民生基础
13,grid_400_8487_1332,10,3,4,0,0,3,3,2,1,0,0,0,10,2,1,0,枫香树社区,13,13,True,True,噪声,4,民生基础
7,grid_400_8493_1312,7,0,1,0,0,1,5,0,0,0,0,0,3,3,1,0,朱市街社区,0,7,False,True,出行,5,民生基础
23,grid_400_8499_1310,21,2,0,18,1,2,0,2,0,0,0,0,2,21,0,0,,0,0,False,False,住宅,18,民生基础
7,grid_400_8515_1329,5,2,1,3,0,1,0,0,0,2,0,0,7,0,0,0,黄金卡社区,0,7,False,True,住宅,3,民生基础
1,grid_400_8520_1335,1,0,0,0,0,0,1,0,0,0,0,0,1,0,0,0,,0,0,False,False,出行,1,民生基础
51,grid_400_8486_1332,45,6,10,5,11,11,8,2,3,1,0,0,41,4,6,0,枫香树社区,51,51,True,True,物业,11,民生基础
1,grid_400_8498_1310,1,0,0,0,0,0,1,0,0,0,0,0,0,1,0,0,,0,0,False,False,出行,1,民生基础
4,grid_400_8514_1329,2,2,0,0,2,0,0,2,0,0,0,0,0,4,0,0,,0,0,False,False,物业,2,民生基础
1,grid_400_8472_1334,1,0,0,0,0,0,1,0,0,0,0,0,1,0,0,0,,0,0,False,False,出行,1,民生基础
28,grid_400_8519_1335,18,10,10,4,0,2,2,4,6,0,0,0,25,3,0,0,,0,0,False,False,噪声,10,民生基础
2,grid_400_8485_1332,1,1,1,0,0,0,0,1,0,0,0,0,1,1,0,0,张家湾社区,2,2,True,True,噪声,1,民生基础
1,grid_400_8486_1309,0,1,0,0,0,0,0,1,0,0,0,0,0,1,0,0,,0,0,False,False,管网安全,1,安全韧性
2,grid_400_8547_1293,2,0,0,0,1,1,0,0,0,0,0,0,1,1,0,0,,0,0,False,False,物业,1,民生基础
3,grid_400_8491_1312,3,0,2,0,0,1,0,0,0,0,0,0,2,1,0,0,朱市街社区,0,3,False,True,噪声,2,民生基础
1,grid_400_8429_1297,1,0,1,0,0,0,0,0,0,0,0,0,1,0,0,0,,0,0,False,False,噪声,1,民生基础
1,grid_400_8498_1315,1,0,0,1,0,0,0,0,0,0,0,0,1,0,0,0,土街头社区,1,1,True,False,住宅,1,民生基础
1,grid_400_8484_1332,0,1,0,0,0,0,0,0,0,1,0,0,1,0,0,0,,1,0,True,False,消防安全,1,安全韧性
1,grid_400_8477_1391,1,0,1,0,0,0,0,0,0,0,0,0,1,0,0,0,,0,0,False,False,噪声,1,民生基础
1,grid_400_8508_1331,1,0,0,0,1,0,0,0,0,0,0,0,0,1,0,0,润城社区,0,1,False,True,物业,1,民生基础
11,grid_400_8483_1332,9,2,1,3,2,1,2,2,0,0,0,0,11,0,0,0,东艳路社区,11,6,True,True,住宅,3,民生基础
5,grid_400_8518_1332,5,0,2,0,2,1,0,0,0,0,0,0,5,0,0,0,黄金卡社区,0,5,False,True,噪声,2,民生基础
1,grid_400_8456_1356,1,0,0,0,1,0,0,0,0,0,0,0,1,0,0,0,鸡山社区,0,1,False,True,物业,1,民生基础
1,grid_400_8492_1333,1,0,1,0,0,0,0,0,0,0,0,0,1,0,0,0,松林路社区,1,1,True,True,噪声,1,民生基础
2,grid_400_8541_1331,1,1,0,0,1,0,0,1,0,0,0,0,1,1,0,0,,0,0,False,False,物业,1,民生基础
1,grid_400_8407_1355,0,1,0,0,0,0,0,0,1,0,0,0,0,1,0,0,,0,0,False,False,出行安全,1,安全韧性
4,grid_400_8437_1360,4,0,1,3,0,0,0,0,0,0,0,0,2,2,0,0,下马槽社区,0,4,False,True,住宅,3,民生基础
1,grid_400_8516_1332,1,0,0,1,0,0,0,0,0,0,0,0,1,0,0,0,黄金卡社区,0,1,False,False,住宅,1,民生基础
3,grid_400_8530_1439,3,0,1,2,0,0,0,0,0,0,0,0,2,1,0,0,,0,0,False,False,住宅,2,民生基础
2,grid_400_8480_1332,1,1,0,0,1,0,0,1,0,0,0,0,2,0,0,0,白沙路社区,2,2,True,True,物业,1,民生基础
5,grid_400_8534_1266,5,0,2,0,0,0,3,0,0,0,0,0,5,0,0,0,,0,0,False,False,出行,3,民生基础
1,grid_400_8523_1250,1,0,0,0,0,1,0,0,0,0,0,0,1,0,0,0,,0,0,False,False,停车,1,民生基础
2,grid_400_8504_1331,2,0,0,0,1,0,1,0,0,0,0,0,2,0,0,0,石板社区,2,2,True,True,物业,1,民生基础
25,grid_400_8529_1439,24,1,13,4,3,3,1,0,1,0,0,0,25,0,0,0,,0,0,False,False,噪声,13,民生基础
32,grid_400_8480_1337,31,1,18,4,3,4,2,0,0,1,0,0,31,1,0,0,东站路社区,32,32,True,True,噪声,18,民生基础
4,grid_400_8528_1439,3,1,1,0,1,1,0,1,0,0,0,0,4,0,0,0,,0,0,False,False,噪声,1,民生基础
1,grid_400_8479_1337,1,0,0,1,0,0,0,0,0,0,0,0,1,0,0,0,,1,0,True,False,住宅,1,民生基础
1,grid_400_8493_1486,1,0,0,0,0,0,1,0,0,0,0,0,1,0,0,0,,0,0,False,False,出行,1,民生基础
2,grid_400_8457_1362,1,1,0,0,1,0,0,0,1,0,0,0,0,2,0,0,黄龙寺社区,0,2,False,True,物业,1,民生基础
7,grid_400_8496_1336,7,0,2,4,0,0,1,0,0,0,0,0,6,1,0,0,黑虎山社区,7,7,True,True,住宅,4,民生基础
1,grid_400_8527_1439,1,0,0,0,0,1,0,0,0,0,0,0,1,0,0,0,,0,0,False,False,停车,1,民生基础
10,grid_400_8498_1318,5,5,1,0,4,0,0,2,3,0,0,0,6,1,2,1,锦绣社区,10,10,True,True,物业,4,民生基础
2,grid_400_8478_1337,2,0,1,0,0,1,0,0,0,0,0,0,2,0,0,0,,2,0,True,False,噪声,1,民生基础
4,grid_400_8503_1321,1,3,0,1,0,0,0,3,0,0,0,0,1,3,0,0,镇境山社区,4,4,True,True,管网安全,3,安全韧性
5,grid_400_8483_1343,4,1,0,0,1,1,2,1,0,0,0,0,3,1,1,0,花艳社区,5,5,True,True,出行,2,民生基础
1,grid_400_8490_1276,0,1,0,0,0,0,0,0,1,0,0,0,0,1,0,0,,0,0,False,False,出行安全,1,安全韧性
6,grid_400_8433_1360,4,2,0,1,1,0,2,1,1,0,0,0,1,2,3,0,云池社区,0,6,False,True,出行,2,民生基础
1,grid_400_8487_1294,1,0,0,0,0,0,1,0,0,0,0,0,0,0,1,0,,0,0,False,False,出行,1,民生基础
60,grid_400_8497_1318,49,11,14,10,17,7,1,6,5,0,0,0,43,14,3,0,翁家堰社区,60,60,True,True,物业,17,民生基础
40,grid_400_8477_1337,36,4,22,4,3,5,2,0,4,0,0,0,36,4,0,0,柏临河路社区,40,16,True,True,噪声,22,民生基础
22,grid_400_8502_1321,16,6,8,3,2,3,0,5,1,0,0,0,11,11,0,0,大堰湾社区,22,22,True,True,噪声,8,民生基础
3,grid_400_8485_1317,0,3,0,0,0,0,0,3,0,0,0,0,0,3,0,0,五龙社区,0,3,False,True,管网安全,3,安全韧性
6,grid_400_8490_1320,6,0,2,0,0,2,2,0,0,0,0,0,6,0,0,0,胜利二路社区,6,6,True,True,噪声,2,民生基础
3,grid_400_8496_1318,3,0,1,0,0,1,1,0,0,0,0,0,2,1,0,0,铁路坝社区,3,3,True,True,噪声,1,民生基础
34,grid_400_8476_1337,32,2,12,11,4,4,1,2,0,0,0,0,31,3,0,0,柏临河路社区,34,3,True,False,噪声,12,民生基础
4,grid_400_8501_1321,1,3,1,0,0,0,0,1,2,0,0,0,1,3,0,0,望洲社区,4,4,True,True,出行安全,2,安全韧性
3,grid_400_8456_1359,0,3,0,0,0,0,0,0,3,0,0,0,3,0,0,0,六泉湖社区,0,3,False,True,出行安全,3,安全韧性
1,grid_400_8481_1343,1,0,0,0,1,0,0,0,0,0,0,0,1,0,0,0,,1,0,True,False,物业,1,民生基础
1,grid_400_8470_1451,1,0,0,0,1,0,0,0,0,0,0,0,0,1,0,0,,0,0,False,False,物业,1,民生基础
96,grid_400_8489_1320,80,16,26,0,1,1,52,3,13,0,0,0,63,17,16,0,,96,0,True,False,出行,52,民生基础
27,grid_400_8495_1318,20,7,4,7,8,0,1,6,1,0,0,0,17,10,0,0,气象台社区,27,27,True,True,物业,8,民生基础
15,grid_400_8475_1337,12,3,4,1,2,4,1,2,1,0,0,0,13,2,0,0,鑫鼎社区,15,15,True,True,噪声,4,民生基础
6,grid_400_8500_1321,3,3,0,3,0,0,0,1,2,0,0,0,4,2,0,0,船柴社区,6,6,True,True,住宅,3,民生基础
11,grid_400_8522_1338,11,0,6,2,0,0,3,0,0,0,0,0,10,1,0,0,,0,0,False,False,噪声,6,民生基础
9,grid_400_8480_1343,7,2,2,0,1,1,3,0,1,1,0,0,9,0,0,0,,9,0,True,False,出行,3,民生基础
1,grid_400_8493_1256,1,0,0,0,0,0,1,0,0,0,0,0,0,1,0,0,,0,0,False,False,出行,1,民生基础
11,grid_400_8488_1320,11,0,10,0,0,0,1,0,0,0,0,0,10,1,0,0,,0,0,False,False,噪声,10,民生基础
11,grid_400_8494_1318,7,4,3,0,1,3,0,0,3,1,0,0,6,5,0,0,夷陵路社区,11,11,True,True,噪声,3,民生基础
2,grid_400_8474_1337,2,0,0,2,0,0,0,0,0,0,0,0,2,0,0,0,临江坪社区,2,2,True,True,住宅,2,民生基础
4,grid_400_8530_1442,3,1,2,0,1,0,0,1,0,0,0,0,2,2,0,0,,0,0,False,False,噪声,2,民生基础
15,grid_400_8499_1321,11,4,4,2,5,0,0,2,1,1,0,0,10,5,0,0,营盘路社区,15,15,True,True,物业,5,民生基础
3,grid_400_8454_1359,3,0,2,0,0,1,0,0,0,0,0,0,2,1,0,0,六泉湖社区,0,3,False,True,噪声,2,民生基础
3,grid_400_8511_1275,2,1,0,0,1,0,1,1,0,0,0,0,2,1,0,0,,0,0,False,False,物业,1,民生基础
53,grid_400_8493_1318,44,9,16,8,9,11,0,6,2,1,0,0,40,12,1,0,小林园社区,53,53,True,True,噪声,16,民生基础
12,grid_400_8430_1365,12,0,9,2,1,0,0,0,0,0,0,0,12,0,0,0,,0,0,False,False,噪声,9,民生基础
3,grid_400_8467_1342,3,0,1,0,1,0,1,0,0,0,0,0,3,0,0,0,龙盘湖社区,3,3,True,True,噪声,1,民生基础
5,grid_400_8498_1321,4,1,0,0,4,0,0,1,0,0,0,0,5,0,0,0,土城路社区,5,5,True,True,物业,4,民生基础
19,grid_400_8478_1343,15,4,0,3,10,2,0,1,3,0,0,0,17,2,0,0,花溪路社区,19,19,True,True,物业,10,民生基础
7,grid_400_8480_1340,4,3,1,0,0,3,0,0,3,0,0,0,6,1,0,0,花艳社区,7,1,True,False,停车,3,民生基础
1,grid_400_8491_1341,0,1,0,0,0,0,0,0,1,0,0,0,0,0,1,0,东锦苑社区,0,1,False,True,出行安全,1,安全韧性
94,grid_400_8492_1318,82,12,13,24,16,14,15,2,9,1,0,0,64,26,4,0,新隆康路社区,94,94,True,True,住宅,24,民生基础
1,grid_400_8538_1342,1,0,1,0,0,0,0,0,0,0,0,0,0,1,0,0,,0,0,False,False,噪声,1,民生基础
24,grid_400_8497_1321,14,10,2,6,1,4,1,10,0,0,0,0,11,13,0,0,土城路社区,24,24,True,True,管网安全,10,民生基础
19,grid_400_8477_1343,16,3,7,1,6,0,2,0,3,0,0,0,15,3,1,0,花溪路社区,19,19,True,True,噪声,7,民生基础
1,grid_400_8489_1279,0,1,0,0,0,0,0,0,1,0,0,0,1,0,0,0,,0,0,False,False,出行安全,1,安全韧性
18,grid_400_8504_1363,17,0,14,0,0,0,3,0,0,0,0,1,18,0,0,0,,0,0,False,False,噪声,14,民生基础
6,grid_400_8519_1284,6,0,0,4,2,0,0,0,0,0,0,0,6,0,0,0,,0,0,False,False,住宅,4,民生基础
3,grid_400_8491_1318,2,1,2,0,0,0,0,1,0,0,0,0,3,0,0,0,新隆康路社区,3,3,True,False,噪声,2,民生基础
1,grid_400_8453_1349,0,1,0,0,0,0,0,1,0,0,0,0,1,0,0,0,长江新村社区,0,1,False,True,管网安全,1,安全韧性
9,grid_400_8496_1321,7,2,2,4,0,1,0,1,0,1,0,0,6,2,1,0,香锦社区,9,9,True,True,住宅,4,民生基础
2,grid_400_8476_1343,0,2,0,0,0,0,0,0,2,0,0,0,1,1,0,0,花溪路社区,2,1,True,True,出行安全,2,安全韧性
3,grid_400_8478_1340,2,1,1,0,0,1,0,0,0,1,0,0,3,0,0,0,柏临河路社区,3,3,True,True,噪声,1,民生基础
5,grid_400_8503_1324,4,1,2,1,0,0,1,0,1,0,0,0,4,1,0,0,黄河路社区,5,5,True,True,噪声,2,民生基础
25,grid_400_8514_1325,24,1,9,8,2,5,0,0,1,0,0,0,24,0,1,0,兴安社区,0,25,False,True,噪声,9,民生基础
26,grid_400_8495_1321,23,3,1,7,5,2,8,2,1,0,0,0,20,3,3,0,白龙井社区,26,26,True,True,出行,8,民生基础
32,grid_400_8475_1343,28,4,9,7,1,10,1,0,1,3,0,0,31,1,0,0,,32,0,True,False,停车,10,民生基础
5,grid_400_8491_1323,4,1,1,1,1,1,0,1,0,0,0,0,4,1,0,0,体育场路社区,5,5,True,True,噪声,1,民生基础
1,grid_400_8476_1278,0,1,0,0,0,0,0,0,0,0,1,0,1,0,0,0,,0,0,False,False,环境安全,1,安全韧性
15,grid_400_8477_1340,12,3,2,3,3,2,2,2,0,1,0,0,10,3,2,0,柏临河路社区,15,15,True,True,住宅,3,民生基础
2,grid_400_8507_1260,1,1,1,0,0,0,0,0,1,0,0,0,2,0,0,0,,0,0,False,False,噪声,1,民生基础
120,grid_400_8502_1324,86,34,34,17,16,10,9,14,20,0,0,0,93,23,4,0,大学路社区,120,120,True,True,噪声,34,民生基础
1,grid_400_8488_1341,0,1,0,0,0,0,0,0,1,0,0,0,0,0,1,0,金巴岭社区,1,1,True,True,出行安全,1,安全韧性
3,grid_400_8406_1387,3,0,3,0,0,0,0,0,0,0,0,0,3,0,0,0,,0,0,False,False,噪声,3,民生基础
1,grid_400_8473_1366,1,0,0,0,0,0,1,0,0,0,0,0,0,1,0,0,,0,0,False,False,出行,1,民生基础
93,grid_400_8490_1323,77,16,23,29,12,9,4,8,3,4,1,0,87,6,0,0,建设社区,93,93,True,True,住宅,29,民生基础
4,grid_400_8476_1340,4,0,2,0,1,0,1,0,0,0,0,0,4,0,0,0,柏临河路社区,4,4,True,True,噪声,2,民生基础
4,grid_400_8491_1300,3,1,0,3,0,0,0,1,0,0,0,0,1,3,0,0,,0,0,False,False,住宅,3,民生基础
6,grid_400_8501_1324,6,0,5,0,0,1,0,0,0,0,0,0,6,0,0,0,大学路社区,6,6,True,True,噪声,5,民生基础
1,grid_400_8418_1432,0,1,0,0,0,0,0,0,1,0,0,0,1,0,0,0,,0,0,False,False,出行安全,1,安全韧性
2,grid_400_8512_1325,1,1,0,1,0,0,0,0,1,0,0,0,2,0,0,0,兴安社区,0,2,False,True,住宅,1,民生基础
811,grid_400_8489_1323,691,120,231,148,138,113,61,71,36,13,0,0,666,117,28,0,万达社区,811,811,True,True,噪声,231,民生基础
14,grid_400_8475_1340,12,2,4,1,2,5,0,0,1,1,0,0,13,0,1,0,柏临河路社区,14,11,True,True,停车,5,民生基础
6,grid_400_8500_1324,6,0,6,0,0,0,0,0,0,0,0,0,5,1,0,0,大学路社区,6,6,True,True,噪声,6,民生基础
3,grid_400_8486_1341,2,1,2,0,0,0,0,0,1,0,0,0,3,0,0,0,,3,0,True,False,噪声,2,民生基础
19,grid_400_8488_1323,17,2,9,1,1,5,1,1,0,1,0,0,17,2,0,0,港务社区,19,19,True,True,噪声,9,民生基础
1,grid_400_8499_1324,0,1,0,0,0,0,0,0,0,0,1,0,1,0,0,0,大学路社区,1,1,True,True,环境安全,1,安全韧性
2,grid_400_8485_1341,2,0,0,2,0,0,0,0,0,0,0,0,2,0,0,0,,2,0,True,False,住宅,2,民生基础
5,grid_400_8375_1372,3,2,1,0,1,0,1,2,0,0,0,0,2,1,2,0,,0,0,False,False,管网安全,2,民生基础
5,grid_400_8510_1325,5,0,0,0,0,4,1,0,0,0,0,0,5,0,0,0,冯家湾社区,0,5,False,True,停车,4,民生基础
20,grid_400_8512_1322,20,0,11,3,0,4,2,0,0,0,0,0,20,0,0,0,冯家湾社区,0,20,False,True,噪声,11,民生基础
9,grid_400_8473_1340,8,1,3,1,2,0,2,0,1,0,0,0,8,1,0,0,,9,0,True,False,噪声,3,民生基础
2,grid_400_8498_1324,2,0,1,0,1,0,0,0,0,0,0,0,2,0,0,0,东山花园社区,2,2,True,True,噪声,1,民生基础
31,grid_400_8511_1322,27,4,5,10,5,5,2,2,2,0,0,0,30,0,1,0,冯家湾社区,0,31,False,True,住宅,10,民生基础
2,grid_400_8407_1351,2,0,0,0,1,1,0,0,0,0,0,0,0,2,0,0,,0,0,False,False,物业,1,民生基础
1,grid_400_8429_1368,1,0,1,0,0,0,0,0,0,0,0,0,1,0,0,0,,0,0,False,False,噪声,1,民生基础
19,grid_400_8497_1324,15,4,5,4,3,3,0,3,1,0,0,0,12,7,0,0,东山花园社区,19,19,True,True,噪声,5,民生基础
14,grid_400_8510_1322,11,3,3,2,0,1,5,0,1,0,2,0,11,3,0,0,冯家湾社区,0,14,False,True,出行,5,民生基础
28,grid_400_8515_1328,25,3,12,12,1,0,0,2,1,0,0,0,27,1,0,0,朝阳社区,0,28,False,True,噪声,12,民生基础
35,grid_400_8496_1324,25,10,4,9,8,3,1,7,2,1,0,0,20,14,0,1,珠海路社区,35,35,True,True,住宅,9,民生基础
1,grid_400_8507_1325,0,1,0,0,0,0,0,1,0,0,0,0,0,1,0,0,沙河社区,1,1,True,True,管网安全,1,安全韧性
7,grid_400_8514_1328,7,0,2,4,0,1,0,0,0,0,0,0,7,0,0,0,营盘社区,0,7,False,False,住宅,4,民生基础
4,grid_400_8495_1324,4,0,0,3,0,1,0,0,0,0,0,0,4,0,0,0,深圳路社区,4,4,True,True,住宅,3,民生基础
22,grid_400_8491_1326,19,3,13,0,1,4,1,1,1,1,0,0,21,1,0,0,王家坝社区,22,22,True,True,噪声,13,民生基础
2,grid_400_8482_1346,1,1,0,0,0,0,1,0,1,0,0,0,1,1,0,0,,0,0,False,False,出行,1,民生基础
78,grid_400_8513_1328,75,3,27,10,11,12,15,1,1,1,0,0,64,6,8,0,东城社区,0,78,False,True,噪声,27,民生基础
5,grid_400_8457_1347,5,0,4,0,0,1,0,0,0,0,0,0,2,3,0,0,虎牙社区,0,5,False,True,噪声,4,民生基础
1,grid_400_8487_1352,0,1,0,0,0,0,0,0,1,0,0,0,1,0,0,0,,0,0,False,False,出行安全,1,安全韧性
6,grid_400_8490_1326,6,0,4,1,0,0,1,0,0,0,0,0,5,0,1,0,王家坝社区,6,6,True,True,噪声,4,民生基础
2,grid_400_8491_1303,1,1,0,0,1,0,0,1,0,0,0,0,1,1,0,0,,0,0,False,False,物业,1,民生基础
6,grid_400_8495_1329,4,2,2,2,0,0,0,2,0,0,0,0,6,0,0,0,汕头路社区,6,6,True,True,噪声,2,民生基础
1,grid_400_8496_1306,1,0,0,0,0,0,1,0,0,0,0,0,0,0,1,0,,0,0,False,False,出行,1,民生基础
7,grid_400_8512_1328,5,2,0,0,2,0,3,2,0,0,0,0,5,1,1,0,东城社区,0,7,False,True,出行,3,民生基础
1,grid_400_8486_1352,1,0,0,0,0,0,1,0,0,0,0,0,1,0,0,0,,0,0,False,False,出行,1,民生基础
1,grid_400_8373_1292,1,0,0,0,1,0,0,0,0,0,0,0,1,0,0,0,,0,0,False,False,物业,1,民生基础
7,grid_400_8489_1326,6,1,2,0,2,0,2,1,0,0,0,0,6,0,1,0,东星社区,7,6,True,True,噪声,2,民生基础
4,grid_400_8490_1303,0,4,0,0,0,0,0,4,0,0,0,0,2,2,0,0,,0,0,False,False,管网安全,4,安全韧性
1,grid_400_8494_1329,0,1,0,0,0,0,0,0,1,0,0,0,0,0,1,0,大树湾社区,1,1,True,True,出行安全,1,安全韧性
2,grid_400_8500_1327,2,0,1,0,0,1,0,0,0,0,0,0,1,0,1,0,廖家湾社区,2,2,True,True,噪声,1,民生基础
5,grid_400_8568_1283,5,0,0,4,1,0,0,0,0,0,0,0,5,0,0,0,,0,0,False,False,住宅,4,民生基础
99,grid_400_8525_1435,85,14,27,26,12,15,5,8,5,1,0,0,87,10,2,0,,0,0,False,False,噪声,27,民生基础
11,grid_400_8505_1330,9,2,0,4,2,0,3,1,1,0,0,0,7,3,1,0,朝阳路社区,11,11,True,True,住宅,4,民生基础
72,grid_400_8499_1327,70,2,2,53,4,0,11,2,0,0,0,0,64,5,3,0,汕头路社区,72,72,True,True,住宅,53,民生基础
7,grid_400_8479_1346,2,5,0,0,1,1,0,2,3,0,0,0,1,6,0,0,,0,0,False,False,出行安全,3,安全韧性
10,grid_400_8504_1330,2,8,0,0,2,0,0,8,0,0,0,0,7,3,0,0,朝阳路社区,10,10,True,True,管网安全,8,安全韧性
2,grid_400_8448_1352,1,1,0,0,0,1,0,1,0,0,0,0,1,1,0,0,桐岭社区,0,2,False,True,停车,1,民生基础
307,grid_400_8487_1326,226,80,62,63,56,31,14,44,29,7,0,1,210,88,9,0,宝联社区,307,15,True,False,住宅,63,民生基础
107,grid_400_8486_1334,87,20,28,6,16,25,12,9,9,2,0,0,87,12,8,0,张家湾社区,107,107,True,True,噪声,28,民生基础
2,grid_400_8498_1327,2,0,2,0,0,0,0,0,0,0,0,0,2,0,0,0,汕头路社区,2,2,True,True,噪声,2,民生基础
2,grid_400_8487_1311,1,1,0,0,0,0,1,0,1,0,0,0,2,0,0,0,五龙社区,0,2,False,True,出行,1,民生基础
5,grid_400_8447_1352,4,1,0,2,1,1,0,1,0,0,0,0,4,1,0,0,桐岭社区,0,5,False,True,住宅,2,民生基础
119,grid_400_8486_1326,95,24,30,21,8,22,14,16,7,1,0,0,102,10,7,0,宝联社区,119,116,True,True,噪声,30,民生基础
2,grid_400_8491_1329,2,0,1,1,0,0,0,0,0,0,0,0,2,0,0,0,岳湾路社区,2,2,True,True,噪声,1,民生基础
31,grid_400_8485_1334,27,4,4,7,13,1,2,1,3,0,0,0,25,3,2,1,,31,0,True,False,物业,13,民生基础
1,grid_400_8497_1327,1,0,0,1,0,0,0,0,0,0,0,0,1,0,0,0,青岛路社区,1,1,True,True,住宅,1,民生基础
2,grid_400_8505_1478,2,0,0,0,0,0,2,0,0,0,0,0,2,0,0,0,,0,0,False,False,出行,2,民生基础
3,grid_400_8502_1330,3,0,0,1,1,0,1,0,0,0,0,0,2,1,0,0,石板社区,3,3,True,True,住宅,1,民生基础
1,grid_400_8532_1335,0,1,0,0,0,0,0,0,0,0,1,0,0,1,0,0,,0,0,False,False,环境安全,1,安全韧性
1,grid_400_8486_1311,0,1,0,0,0,0,0,1,0,0,0,0,0,1,0,0,五龙社区,0,1,False,True,管网安全,1,安全韧性
1,grid_400_8533_1436,1,0,0,0,0,0,1,0,0,0,0,0,1,0,0,0,,0,0,False,False,出行,1,民生基础
4,grid_400_8488_1293,3,1,1,1,0,0,1,1,0,0,0,0,2,2,0,0,,0,0,False,False,噪声,1,民生基础
3,grid_400_8504_1312,2,1,0,0,0,0,2,1,0,0,0,0,1,2,0,0,至喜社区,0,3,False,True,出行,2,民生基础
1,grid_400_8485_1326,0,1,0,0,0,0,0,0,1,0,0,0,0,1,0,0,古塔社区,1,1,True,True,出行安全,1,安全韧性
6,grid_400_8490_1329,3,3,0,0,0,1,2,1,2,0,0,0,4,0,2,0,岳湾路社区,6,3,True,True,出行,2,民生基础
77,grid_400_8484_1334,67,10,34,3,17,4,9,4,6,0,0,0,55,16,6,0,,77,0,True,False,噪声,34,民生基础
2,grid_400_8458_1358,0,2,0,0,0,0,0,0,2,0,0,0,0,2,0,0,鸡山社区,0,2,False,True,出行安全,2,安全韧性
1,grid_400_8485_1311,0,1,0,0,0,0,0,1,0,0,0,0,1,0,0,0,五龙社区,0,1,False,True,管网安全,1,安全韧性
1,grid_400_8488_1285,1,0,1,0,0,0,0,0,0,0,0,0,1,0,0,0,,0,0,False,False,噪声,1,民生基础
80,grid_400_8508_1333,69,11,25,20,14,7,3,6,3,2,0,0,71,7,2,0,,0,0,False,False,噪声,25,民生基础
240,grid_400_8489_1329,213,27,85,32,45,35,16,13,9,4,1,0,193,34,12,1,中南路社区,240,44,True,True,噪声,85,民生基础
1,grid_400_8457_1358,0,1,0,0,0,0,0,0,1,0,0,0,1,0,0,0,鸡山社区,0,1,False,True,出行安全,1,安全韧性
547,grid_400_8500_1330,506,40,186,150,80,55,35,23,7,9,1,1,501,34,12,0,朝阳路社区,547,547,True,True,噪声,186,民生基础
1,grid_400_8531_1436,1,0,0,0,0,1,0,0,0,0,0,0,1,0,0,0,,0,0,False,False,停车,1,民生基础
29,grid_400_8507_1333,17,12,11,2,1,1,2,4,8,0,0,0,17,9,3,0,,0,0,False,False,噪声,11,民生基础
156,grid_400_8488_1329,146,10,71,23,14,27,11,4,5,1,0,0,140,9,7,0,岳湾路社区,156,156,True,True,噪声,71,民生基础
10,grid_400_8482_1334,9,1,0,3,2,4,0,0,1,0,0,0,8,1,1,0,桔城路社区,10,8,True,True,停车,4,民生基础
2,grid_400_8425_1379,2,0,1,0,0,0,1,0,0,0,0,0,2,0,0,0,,0,0,False,False,噪声,1,民生基础
31,grid_400_8484_1331,31,0,5,5,13,4,4,0,0,0,0,0,26,1,4,0,艾家嘴社区,31,31,True,True,物业,13,民生基础
1,grid_400_8493_1459,1,0,0,0,0,0,1,0,0,0,0,0,1,0,0,0,,0,0,False,False,出行,1,民生基础
3,grid_400_8484_1316,2,1,0,0,2,0,0,1,0,0,0,0,1,2,0,0,,0,0,False,True,物业,2,民生基础
12,grid_400_8532_1433,9,3,5,1,1,0,2,1,2,0,0,0,9,1,2,0,,0,0,False,False,噪声,5,民生基础
16,grid_400_8481_1334,12,4,1,1,4,3,3,2,2,0,0,0,11,3,2,0,桔城路社区,16,15,True,True,物业,4,民生基础
34,grid_400_8483_1331,30,4,10,4,8,4,4,3,0,1,0,0,27,6,1,0,,34,0,True,False,噪声,10,民生基础
25,grid_400_8492_1335,22,3,2,0,6,5,9,0,1,2,0,0,19,5,1,0,,25,0,True,False,出行,9,民生基础
3,grid_400_8525_1438,1,2,0,0,1,0,0,1,1,0,0,0,2,0,1,0,,0,0,False,False,物业,1,安全韧性
3,grid_400_8443_1357,3,0,0,1,0,1,1,0,0,0,0,0,1,0,2,0,新金岭社区,0,3,False,True,住宅,1,民生基础
11,grid_400_8522_1329,11,0,7,1,1,0,2,0,0,0,0,0,10,1,0,0,,0,0,False,False,噪声,7,民生基础
16,grid_400_8480_1334,15,1,4,3,2,5,1,0,1,0,0,0,14,2,0,0,白马山社区,16,16,True,True,停车,5,民生基础
5,grid_400_8482_1331,4,1,0,3,0,0,1,0,0,1,0,0,3,2,0,0,东艳路社区,5,5,True,True,住宅,3,民生基础
1,grid_400_8438_1289,0,1,0,0,0,0,0,1,0,0,0,0,0,1,0,0,,0,0,False,False,管网安全,1,安全韧性
1,grid_400_8504_1333,0,1,0,0,0,0,0,0,1,0,0,0,0,1,0,0,石板社区,1,1,True,True,出行安全,1,安全韧性
3,grid_400_8499_1312,2,1,0,0,1,1,0,0,1,0,0,0,2,1,0,0,,0,0,False,False,物业,1,民生基础
12,grid_400_8529_1441,12,0,5,4,2,1,0,0,0,0,0,0,11,1,0,0,,0,0,False,False,噪声,5,民生基础
58,grid_400_8479_1334,53,5,20,17,10,4,2,3,2,0,0,0,47,9,2,0,伍临路社区,58,58,True,True,噪声,20,民生基础
25,grid_400_8481_1331,24,1,4,4,10,4,2,0,1,0,0,0,24,1,0,0,白沙脑社区,25,12,True,True,物业,10,民生基础
1,grid_400_8492_1332,0,1,0,0,0,0,0,1,0,0,0,0,0,1,0,0,大树湾社区,1,1,True,False,管网安全,1,安全韧性
46,grid_400_8416_1373,39,7,27,7,2,0,3,1,6,0,0,0,43,1,2,0,,0,0,False,False,噪声,27,民生基础
1,grid_400_8503_1333,1,0,0,1,0,0,0,0,0,0,0,0,1,0,0,0,石板社区,1,1,True,True,住宅,1,民生基础
2,grid_400_8528_1441,2,0,1,1,0,0,0,0,0,0,0,0,1,1,0,0,,0,0,False,False,噪声,1,民生基础
4,grid_400_8452_1358,4,0,1,1,0,2,0,0,0,0,0,0,2,1,0,1,六泉湖社区,0,4,False,True,停车,2,民生基础
6,grid_400_8480_1331,6,0,1,4,0,1,0,0,0,0,0,0,6,0,0,0,白沙脑社区,6,6,True,True,住宅,4,民生基础
2,grid_400_8488_1358,2,0,0,0,0,0,2,0,0,0,0,0,2,0,0,0,,0,0,False,False,出行,2,民生基础
1,grid_400_8474_1336,0,1,0,0,0,0,0,1,0,0,0,0,1,0,0,0,临江溪社区,1,1,True,True,管网安全,1,安全韧性
10,grid_400_8479_1339,7,3,1,1,3,2,0,1,1,1,0,0,5,5,0,0,,10,0,True,False,物业,3,民生基础
8,grid_400_8527_1441,7,1,3,0,4,0,0,1,0,0,0,0,8,0,0,0,,0,0,False,False,物业,4,民生基础
10,grid_400_8515_1331,7,3,4,1,0,1,1,0,0,0,3,0,10,0,0,0,黄金卡社区,0,10,False,True,噪声,4,民生基础
11,grid_400_8490_1332,11,0,5,0,3,2,1,0,0,0,0,0,8,2,1,0,,11,0,True,False,噪声,5,民生基础
2,grid_400_8478_1339,1,1,1,0,0,0,0,0,0,1,0,0,2,0,0,0,柏临河路社区,2,2,True,False,噪声,1,民生基础
4,grid_400_8458_1361,2,2,0,0,0,1,1,1,1,0,0,0,2,2,0,0,,0,0,False,False,停车,1,民生基础
3,grid_400_8501_1333,0,3,0,0,0,0,0,2,1,0,0,0,0,3,0,0,石板社区,3,3,True,True,管网安全,2,安全韧性
1,grid_400_8526_1441,1,0,1,0,0,0,0,0,0,0,0,0,1,0,0,0,,0,0,False,False,噪声,1,民生基础
11,grid_400_8492_1314,9,2,1,2,1,0,5,0,2,0,0,0,4,5,2,0,朱市街社区,0,1,False,False,出行,5,民生基础
1,grid_400_8514_1331,1,0,0,0,1,0,0,0,0,0,0,0,0,1,0,0,黄金卡社区,0,1,False,True,物业,1,民生基础
4,grid_400_8410_1360,4,0,3,0,1,0,0,0,0,0,0,0,4,0,0,0,,0,0,False,False,噪声,3,民生基础
2,grid_400_8489_1332,2,0,1,0,0,1,0,0,0,0,0,0,2,0,0,0,枫香树社区,2,2,True,True,噪声,1,民生基础
22,grid_400_8477_1339,20,2,3,4,5,3,5,1,1,0,0,0,16,4,2,0,柏临河路社区,22,22,True,True,物业,5,民生基础
3,grid_400_8491_1314,3,0,1,0,0,1,1,0,0,0,0,0,1,1,1,0,,0,0,False,True,噪声,1,民生基础
2,grid_400_8485_1319,2,0,1,0,1,0,0,0,0,0,0,0,2,0,0,0,谭家河社区,0,2,False,True,噪声,1,民生基础
2,grid_400_8404_1354,1,1,0,0,1,0,0,0,1,0,0,0,1,1,0,0,,0,0,False,False,物业,1,民生基础
31,grid_400_8488_1332,28,3,5,1,6,12,4,1,2,0,0,0,26,4,1,0,白家冲社区,31,31,True,True,停车,12,民生基础
2,grid_400_8476_1339,1,1,0,0,1,0,0,1,0,0,0,0,2,0,0,0,柏临河路社区,2,2,True,True,物业,1,民生基础
1,grid_400_8546_1334,1,0,0,0,0,0,1,0,0,0,0,0,1,0,0,0,,0,0,False,False,出行,1,民生基础
6,grid_400_8479_1298,1,5,0,0,0,0,1,1,4,0,0,0,1,2,3,0,,0,0,False,False,出行安全,4,安全韧性
1,grid_400_8501_1315,1,0,0,0,1,0,0,0,0,0,0,0,1,0,0,0,甲街社区,1,1,True,True,物业,1,民生基础
2,grid_400_8444_1360,0,2,0,0,0,0,0,0,2,0,0,0,0,2,0,0,新金岭社区,0,2,False,True,出行安全,2,安全韧性
1,grid_400_8408_1360,1,0,0,1,0,0,0,0,0,0,0,0,0,1,0,0,,0,0,False,False,住宅,1,民生基础
8,grid_400_8450_1355,7,1,2,1,4,0,0,1,0,0,0,0,4,4,0,0,蔡家畈社区,0,8,False,True,物业,4,民生基础
1,grid_400_8488_1379,0,1,0,0,0,0,0,0,1,0,0,0,1,0,0,0,,0,0,False,False,出行安全,1,安全韧性
1,grid_400_8406_1383,0,1,0,0,0,0,0,0,1,0,0,0,1,0,0,0,,0,0,False,False,出行安全,1,安全韧性
1,grid_400_8457_1343,0,1,0,0,0,0,0,0,1,0,0,0,0,1,0,0,,0,0,False,False,出行安全,1,安全韧性
1,grid_400_8474_1339,1,0,0,0,0,1,0,0,0,0,0,0,1,0,0,0,,1,0,True,False,停车,1,民生基础
26,grid_400_8510_1339,21,5,5,4,2,5,5,1,4,0,0,0,22,1,3,0,,0,0,False,False,噪声,5,民生基础
1,grid_400_8487_1337,0,1,0,0,0,0,0,1,0,0,0,0,1,0,0,0,金巴岭社区,1,1,True,False,管网安全,1,安全韧性
20,grid_400_8495_1317,13,7,4,2,5,1,1,6,1,0,0,0,13,7,0,0,气象台社区,20,20,True,True,管网安全,6,民生基础
1,grid_400_8495_1302,1,0,0,0,0,0,1,0,0,0,0,0,0,1,0,0,,0,0,False,False,出行,1,民生基础
32,grid_400_8511_1321,30,2,9,5,2,13,1,0,1,1,0,0,29,2,1,0,港虹社区,0,32,False,True,停车,13,民生基础
5,grid_400_8474_1386,4,1,1,1,2,0,0,0,1,0,0,0,5,0,0,0,,0,0,False,False,物业,2,民生基础
8,grid_400_8487_1314,6,2,0,2,2,0,2,2,0,0,0,0,4,4,0,0,五龙社区,0,8,False,True,住宅,2,民生基础
51,grid_400_8472_1339,38,13,9,11,8,8,2,8,4,0,1,0,46,4,1,0,,51,0,True,False,住宅,11,民生基础
12,grid_400_8494_1317,11,1,5,3,1,1,1,0,1,0,0,0,6,6,0,0,解放路社区,12,12,True,True,噪声,5,民生基础
18,grid_400_8499_1320,15,3,7,0,6,2,0,0,2,1,0,0,11,6,1,0,常刘路社区,18,18,True,True,噪声,7,民生基础
3,grid_400_8479_1342,3,0,1,0,0,2,0,0,0,0,0,0,3,0,0,0,,3,0,True,False,停车,2,民生基础
1,grid_400_8510_1321,1,0,0,0,1,0,0,0,0,0,0,0,1,0,0,0,港虹社区,0,1,False,True,物业,1,民生基础
3,grid_400_8533_1439,3,0,1,1,0,0,1,0,0,0,0,0,2,1,0,0,,0,0,False,False,噪声,1,民生基础
15,grid_400_8471_1339,8,7,3,0,0,0,5,3,4,0,0,0,10,2,3,0,,15,0,True,False,出行,5,民生基础
12,grid_400_8465_1344,12,0,1,8,3,0,0,0,0,0,0,0,12,0,0,0,磨盘社区,0,12,False,True,住宅,8,民生基础
12,grid_400_8493_1317,12,0,3,3,1,1,4,0,0,0,0,0,11,1,0,0,小林园社区,12,12,True,True,出行,4,民生基础
6,grid_400_8488_1296,6,0,2,0,0,1,3,0,0,0,0,0,5,1,0,0,,0,0,False,False,出行,3,民生基础
7,grid_400_8498_1320,7,0,2,0,3,2,0,0,0,0,0,0,5,2,0,0,营盘路社区,7,7,True,True,物业,3,民生基础
1,grid_400_8483_1402,0,1,0,0,0,0,0,0,1,0,0,0,0,1,0,0,,0,0,False,False,出行安全,1,安全韧性
2,grid_400_8492_1317,0,2,0,0,0,0,0,0,2,0,0,0,0,2,0,0,二马路社区,2,2,True,True,出行安全,2,安全韧性
54,grid_400_8497_1320,36,18,7,4,7,3,15,9,8,1,0,0,39,8,7,0,绿萝路社区,54,54,True,True,出行,15,民生基础
1,grid_400_8519_1337,1,0,0,0,1,0,0,0,0,0,0,0,1,0,0,0,,0,0,False,False,物业,1,民生基础
3,grid_400_8528_1302,3,0,1,1,1,0,0,0,0,0,0,0,3,0,0,0,,0,0,False,False,噪声,1,民生基础
5,grid_400_8496_1320,3,2,0,0,0,1,2,0,2,0,0,0,3,1,1,0,香锦社区,5,5,True,True,出行,2,民生基础
8,grid_400_8490_1325,6,2,3,0,1,1,1,0,0,2,0,0,8,0,0,0,苏家榜社区,8,8,True,True,噪声,3,民生基础
5,grid_400_8482_1337,4,1,0,0,2,0,2,0,1,0,0,0,5,0,0,0,东站路社区,5,5,True,True,物业,2,民生基础
1,grid_400_8392_1349,1,0,1,0,0,0,0,0,0,0,0,0,1,0,0,0,,0,0,False,False,噪声,1,民生基础
41,grid_400_8495_1320,31,10,5,2,4,14,6,2,7,1,0,0,31,6,4,0,山庄路社区,41,41,True,True,停车,14,民生基础
16,grid_400_8489_1325,15,1,4,6,3,1,1,1,0,0,0,0,15,1,0,0,山河园路社区,16,9,True,True,住宅,6,民生基础
9,grid_400_8481_1337,7,2,4,0,2,1,0,2,0,0,0,0,7,2,0,0,东站路社区,9,9,True,True,噪声,4,民生基础
2,grid_400_8475_1342,1,1,0,0,1,0,0,0,1,0,0,0,2,0,0,0,,2,0,True,True,物业,1,民生基础
3,grid_400_8506_1321,2,1,0,0,1,0,1,1,0,0,0,0,2,1,0,0,,3,0,True,False,物业,1,民生基础
1,grid_400_8501_1318,0,1,0,0,0,0,0,1,0,0,0,0,0,1,0,0,石子岭社区,1,1,True,True,管网安全,1,安全韧性
23,grid_400_8494_1320,15,8,3,9,1,1,1,6,2,0,0,0,14,9,0,0,山庄路社区,23,23,True,True,住宅,9,民生基础
13,grid_400_8488_1325,7,6,2,0,3,1,1,1,5,0,0,0,10,2,1,0,张家坡社区,13,9,True,False,出行安全,5,民生基础
1,grid_400_8500_1318,0,1,0,0,0,0,0,0,1,0,0,0,1,0,0,0,长樵溪社区,1,1,True,True,出行安全,1,安全韧性
3,grid_400_8346_1268,1,2,1,0,0,0,0,1,0,1,0,0,2,1,0,0,,0,0,False,False,噪声,1,安全韧性
4,grid_400_8488_1317,4,0,1,0,3,0,0,0,0,0,0,0,3,1,0,0,红光社区,0,4,False,True,物业,3,民生基础
10,grid_400_8493_1320,5,5,2,0,2,0,1,4,0,1,0,0,6,4,0,0,赵家湾社区,10,10,True,True,管网安全,4,民生基础
20,grid_400_8499_1318,18,2,6,5,5,1,1,1,1,0,0,0,19,1,0,0,西峡社区,20,20,True,True,噪声,6,民生基础
26,grid_400_8487_1325,24,2,9,2,5,7,1,0,1,1,0,0,23,3,0,0,宝联社区,26,26,True,True,噪声,9,民生基础
8,grid_400_8473_1342,7,1,4,1,1,0,1,1,0,0,0,0,8,0,0,0,,8,0,True,False,噪声,4,民生基础
2,grid_400_8443_1283,0,2,0,0,0,0,0,2,0,0,0,0,2,0,0,0,,0,0,False,False,管网安全,2,安全韧性
5,grid_400_8511_1324,5,0,2,3,0,0,0,0,0,0,0,0,5,0,0,0,冯家湾社区,0,5,False,True,住宅,3,民生基础
1,grid_400_8487_1317,1,0,0,0,1,0,0,0,0,0,0,0,1,0,0,0,五龙社区,0,1,False,True,物业,1,民生基础
88,grid_400_8492_1320,69,19,19,22,20,6,2,8,8,3,0,0,57,28,3,0,胜利四路社区,88,88,True,True,住宅,22,民生基础
1,grid_400_8354_1346,1,0,0,0,1,0,0,0,0,0,0,0,1,0,0,0,,0,0,False,False,物业,1,民生基础
21,grid_400_8485_1340,21,0,5,6,2,7,1,0,0,0,0,0,21,0,0,0,,21,0,True,True,停车,7,民生基础
13,grid_400_8479_1345,11,2,3,0,1,4,3,1,1,0,0,0,12,1,0,0,花溪路社区,13,13,True,True,停车,4,民生基础
1,grid_400_8510_1324,0,1,0,0,0,0,0,1,0,0,0,0,1,0,0,0,冯家湾社区,0,1,False,True,管网安全,1,安全韧性
108,grid_400_8491_1320,97,10,32,31,21,10,3,7,2,1,0,1,95,11,2,0,胜利二路社区,108,108,True,True,噪声,32,民生基础
12,grid_400_8533_1442,11,1,1,5,2,1,2,0,1,0,0,0,11,0,1,0,,0,0,False,False,住宅,5,民生基础
9,grid_400_8484_1340,5,4,1,2,2,0,0,1,1,2,0,0,8,1,0,0,三峡物流园社区,9,3,True,True,住宅,2,民生基础
1,grid_400_8478_1345,0,1,0,0,0,0,0,1,0,0,0,0,0,1,0,0,花溪路社区,1,1,True,True,管网安全,1,安全韧性
13,grid_400_8494_1364,12,1,7,3,1,1,0,0,1,0,0,0,12,1,0,0,,0,0,False,False,噪声,7,民生基础
1,grid_400_8533_1253,1,0,0,1,0,0,0,0,0,0,0,0,0,1,0,0,,0,0,False,False,住宅,1,民生基础
3,grid_400_8497_1323,3,0,0,1,1,0,1,0,0,0,0,0,2,1,0,0,城东社区,3,3,True,True,住宅,1,民生基础
8,grid_400_8483_1340,4,4,2,0,0,2,0,4,0,0,0,0,8,0,0,0,,8,0,True,False,管网安全,4,民生基础
12,grid_400_8477_1345,9,3,4,0,1,3,1,2,1,0,0,0,9,1,2,0,花溪路社区,12,12,True,False,噪声,4,民生基础
1,grid_400_8508_1324,1,0,0,0,0,0,1,0,0,0,0,0,1,0,0,0,沙河社区,1,1,True,True,出行,1,民生基础
4,grid_400_8519_1325,4,0,0,4,0,0,0,0,0,0,0,0,4,0,0,0,丁家坝社区,0,4,False,True,住宅,4,民生基础
2,grid_400_8496_1323,2,0,0,1,0,0,1,0,0,0,0,0,1,1,0,0,深圳路社区,2,2,True,True,住宅,1,民生基础
2,grid_400_8490_1328,2,0,1,0,1,0,0,0,0,0,0,0,2,0,0,0,胡家冲社区,2,2,True,True,噪声,1,民生基础
2,grid_400_8482_1340,2,0,1,1,0,0,0,0,0,0,0,0,2,0,0,0,,2,0,True,False,噪声,1,民生基础
10,grid_400_8507_1324,9,1,2,4,0,2,1,1,0,0,0,0,7,3,0,0,沙河社区,10,10,True,True,住宅,4,民生基础
2,grid_400_8466_1264,2,0,0,0,0,0,2,0,0,0,0,0,0,2,0,0,,0,0,False,False,出行,2,民生基础
5,grid_400_8532_1432,4,1,0,4,0,0,0,1,0,0,0,0,3,2,0,0,,0,0,False,False,住宅,4,民生基础
1,grid_400_8495_1323,0,1,0,0,0,0,0,1,0,0,0,0,0,1,0,0,东山社区,1,1,True,True,管网安全,1,安全韧性
1,grid_400_8489_1328,1,0,1,0,0,0,0,0,0,0,0,0,1,0,0,0,胡家冲社区,1,1,True,True,噪声,1,民生基础
10,grid_400_8481_1340,9,1,1,0,1,4,3,1,0,0,0,0,4,5,1,0,花艳社区,10,9,True,True,停车,4,民生基础
6,grid_400_8475_1345,6,0,1,1,1,2,1,0,0,0,0,0,5,0,1,0,,6,0,True,False,停车,2,民生基础
6,grid_400_8506_1324,5,1,4,0,0,0,1,1,0,0,0,0,6,0,0,0,沙河社区,6,6,True,True,噪声,4,民生基础
1,grid_400_8480_1348,1,0,0,1,0,0,0,0,0,0,0,0,0,1,0,0,,0,0,False,False,住宅,1,民生基础
2,grid_400_8476_1389,2,0,1,0,1,0,0,0,0,0,0,0,2,0,0,0,,0,0,False,False,噪声,1,民生基础
6,grid_400_8494_1323,5,1,0,0,0,1,4,1,0,0,0,0,4,2,0,0,东山社区,6,6,True,True,出行,4,民生基础
20,grid_400_8482_1330,19,1,10,4,5,0,0,1,0,0,0,0,18,2,0,0,艾家嘴社区,20,20,True,True,噪声,10,民生基础
121,grid_400_8488_1328,100,21,34,28,10,19,9,2,13,6,0,0,107,8,6,0,胡家冲社区,121,121,True,True,噪声,34,民生基础
3,grid_400_8339_1268,3,0,0,0,3,0,0,0,0,0,0,0,2,1,0,0,,0,0,False,False,物业,3,民生基础
1,grid_400_8505_1324,0,1,0,0,0,0,0,0,1,0,0,0,0,1,0,0,沙河社区,1,1,True,True,出行安全,1,安全韧性
1,grid_400_8496_1305,1,0,0,0,0,1,0,0,0,0,0,0,0,1,0,0,,0,0,False,False,停车,1,民生基础
2,grid_400_8512_1327,0,2,0,0,0,0,0,0,2,0,0,0,0,2,0,0,东城社区,0,2,False,True,出行安全,2,安全韧性
6,grid_400_8481_1330,5,1,1,0,0,1,3,1,0,0,0,0,5,1,0,0,王家河社区,6,6,True,True,出行,3,民生基础
12,grid_400_8487_1328,9,3,0,2,2,4,1,2,1,0,0,0,11,1,0,0,魏家湾社区,12,11,True,True,停车,4,民生基础
1,grid_400_8442_1348,1,0,0,1,0,0,0,0,0,0,0,0,1,0,0,0,,0,0,False,False,住宅,1,民生基础
4,grid_400_8495_1305,4,0,1,1,0,1,1,0,0,0,0,0,2,2,0,0,,0,0,False,False,噪声,1,民生基础
25,grid_400_8492_1323,16,9,6,2,3,4,1,2,4,0,3,0,12,13,0,0,体育场路社区,25,25,True,True,噪声,6,民生基础
4,grid_400_8516_1330,3,1,3,0,0,0,0,1,0,0,0,0,3,1,0,0,黄金卡社区,0,4,False,True,噪声,3,民生基础
26,grid_400_8486_1328,26,0,13,7,2,3,1,0,0,0,0,0,25,0,1,0,合益路社区,26,26,True,False,噪声,13,民生基础
2,grid_400_8445_1392,1,1,0,1,0,0,0,0,1,0,0,0,2,0,0,0,,0,0,False,False,住宅,1,民生基础
7,grid_400_8435_1353,2,5,0,0,2,0,0,5,0,0,0,0,0,7,0,0,,0,0,False,False,管网安全,5,安全韧性
30,grid_400_8504_1329,20,10,3,4,3,5,5,1,9,0,0,0,19,4,7,0,朝阳路社区,30,30,True,True,出行安全,9,民生基础
3,grid_400_8469_1430,1,2,0,0,1,0,0,1,1,0,0,0,3,0,0,0,,0,0,False,False,物业,1,安全韧性
1,grid_400_8448_1351,1,0,1,0,0,0,0,0,0,0,0,0,1,0,0,0,双桥社区,0,1,False,True,噪声,1,民生基础
54,grid_400_8485_1328,42,12,11,4,5,20,2,2,7,3,0,0,45,4,5,0,韩家坝社区,54,18,True,True,停车,20,民生基础
16,grid_400_8498_1326,16,0,12,1,0,1,2,0,0,0,0,0,12,3,1,0,青岛路社区,16,16,True,True,噪声,12,民生基础
11,grid_400_8509_1327,9,2,2,0,0,0,7,0,1,1,0,0,11,0,0,0,沙河社区,11,11,True,True,出行,7,民生基础
4,grid_400_8447_1351,3,1,0,0,0,2,1,1,0,0,0,0,1,3,0,0,桐岭社区,0,4,False,True,停车,2,民生基础
6,grid_400_8514_1330,6,0,2,0,1,3,0,0,0,0,0,0,5,0,1,0,东城社区,0,6,False,False,停车,3,民生基础
18,grid_400_8484_1328,14,4,5,2,1,5,1,2,2,0,0,0,14,3,1,0,艾家嘴社区,18,13,True,False,噪声,5,民生基础
2,grid_400_8479_1392,2,0,1,0,1,0,0,0,0,0,0,0,2,0,0,0,,0,0,False,False,噪声,1,民生基础
5,grid_400_8497_1326,5,0,2,1,1,1,0,0,0,0,0,0,4,1,0,0,青岛路社区,5,5,True,True,噪声,2,民生基础
2,grid_400_8486_1310,1,1,0,0,1,0,0,1,0,0,0,0,1,0,1,0,五龙社区,0,2,False,True,物业,1,民生基础
3,grid_400_8533_1435,1,2,1,0,0,0,0,1,1,0,0,0,2,0,1,0,,0,0,False,False,噪声,1,安全韧性
27,grid_400_8483_1328,21,6,11,4,4,2,0,6,0,0,0,0,24,2,1,0,古塔社区,27,27,True,True,噪声,11,民生基础
2,grid_400_8478_1392,1,1,1,0,0,0,0,1,0,0,0,0,1,1,0,0,,0,0,False,False,噪声,1,民生基础
2,grid_400_8438_1433,2,0,2,0,0,0,0,0,0,0,0,0,2,0,0,0,,0,0,False,False,噪声,2,民生基础
8,grid_400_8496_1326,7,1,7,0,0,0,0,0,1,0,0,0,7,0,1,0,珠海路社区,8,8,True,True,噪声,7,民生基础
18,grid_400_8513_1322,15,3,2,0,7,5,1,2,0,1,0,0,17,1,0,0,港虹社区,0,18,False,True,物业,7,民生基础
7,grid_400_8557_1473,5,2,2,0,2,0,1,1,1,0,0,0,6,0,1,0,,0,0,False,False,噪声,2,民生基础
1,grid_400_8507_1327,1,0,0,0,1,0,0,0,0,0,0,0,1,0,0,0,金斗山社区,1,1,True,True,物业,1,民生基础
1,grid_400_8496_1311,1,0,0,0,0,0,1,0,0,0,0,0,1,0,0,0,朱市街社区,0,1,False,True,出行,1,民生基础
2,grid_400_8477_1392,1,1,0,1,0,0,0,1,0,0,0,0,2,0,0,0,,0,0,False,False,住宅,1,民生基础
12,grid_400_8545_1348,12,0,5,3,2,0,2,0,0,0,0,0,11,1,0,0,,0,0,False,False,噪声,5,民生基础
5,grid_400_8495_1326,5,0,3,0,0,2,0,0,0,0,0,0,5,0,0,0,学堂湾社区,5,5,True,True,噪声,3,民生基础
2,grid_400_8500_1329,2,0,0,0,1,1,0,0,0,0,0,0,1,1,0,0,汕头路社区,2,2,True,True,物业,1,民生基础
1,grid_400_8506_1327,1,0,0,0,0,0,1,0,0,0,0,0,1,0,0,0,金斗山社区,1,1,True,True,出行,1,民生基础
1,grid_400_8494_1334,1,0,0,0,0,1,0,0,0,0,0,0,1,0,0,0,黑虎山社区,1,1,True,True,停车,1,民生基础
33,grid_400_8494_1326,24,9,9,2,4,3,6,3,6,0,0,0,26,3,4,0,学堂湾社区,33,33,True,True,噪声,9,民生基础
44,grid_400_8482_1333,42,2,11,18,9,4,0,0,0,2,0,0,42,2,0,0,,44,0,True,False,住宅,18,民生基础
5,grid_400_8505_1327,3,2,2,0,1,0,0,2,0,0,0,0,3,2,0,0,金斗山社区,5,5,True,True,噪声,2,民生基础
20,grid_400_8501_1368,19,1,3,1,15,0,0,0,1,0,0,0,19,1,0,0,,0,0,False,False,物业,15,民生基础
