board,project_type,中类_归,小类_归,件数
其他,公服设施,基层治理,井盖、灭火器等公共设施被盗窃,4
其他,公服设施,扩展事件,自然灾害-积水点,23
安全韧性底线,交通设施,交通设施问题,交通信号灯破损,919
安全韧性底线,交通设施,交通设施问题,交通护栏破损,147
安全韧性底线,交通设施,交通设施问题,交通标志牌、指路牌破损,118
安全韧性底线,交通设施,交通设施问题,交通标示线破损,59
安全韧性底线,交通设施,交通设施问题,停车告示牌破损,4
安全韧性底线,交通设施,交通设施问题,公交站台设施破损,139
安全韧性底线,交通设施,交通设施问题,公交站牌破损,5
安全韧性底线,交通设施,交通设施问题,公共自行车租赁点及附属设施破损,2
安全韧性底线,交通设施,交通设施问题,减速带破损,67
安全韧性底线,交通设施,交通设施问题,出租车站牌（临时停靠站）破损,5
安全韧性底线,交通设施,交通设施问题,地下通道设施破损,32
安全韧性底线,交通设施,交通设施问题,工程规划告示牌破损,4
安全韧性底线,交通设施,交通设施问题,旅游标志牌破损,2
安全韧性底线,交通设施,交通设施问题,无障碍设施破损,2
安全韧性底线,交通设施,交通设施问题,河道护栏破损,12
安全韧性底线,交通设施,交通设施问题,游步道、骑行道破损,4
安全韧性底线,交通设施,交通设施问题,监控探头破损,23
安全韧性底线,交通设施,交通设施问题,跨河（江、湖）桥设施破损,50
安全韧性底线,交通设施,交通设施问题,路名牌破损,6
安全韧性底线,交通设施,交通设施问题,过街天桥设施破损,59
安全韧性底线,交通设施,交通设施问题,道路隔音屏破损,3
安全韧性底线,交通设施,交通设施问题,门牌破损,18
安全韧性底线,交通设施,交通设施问题,防洪防汛附属设施破损,7
安全韧性底线,交通设施,交通设施问题,高架、立交桥设施破损,18
安全韧性底线,交通设施,道路设施问题,人行道破损,451
安全韧性底线,交通设施,道路设施问题,侧石、止车石破损,225
安全韧性底线,交通设施,道路设施问题,路面塌陷,181
安全韧性底线,交通设施,道路设施问题,车行道破损,186
安全韧性底线,交通设施,道路设施问题,道路积水,136
安全韧性底线,交通设施,道路问题,毁坏桥梁,11
安全韧性底线,安全消防,交通秩序,占用消防通道问题,442
安全韧性底线,安全消防,消防安全,消火栓埋压、圈占或遮挡,4
安全韧性底线,安全消防,消防安全,消防器材问题,84
安全韧性底线,安全消防,消防安全,消防车通道网格线、标牌,1
安全韧性底线,安全消防,消防安全,消防车道占用、堵塞,83
安全韧性底线,安全消防,消防安全,消防通道、应急照明、疏散标志牌等设施问题,35
安全韧性底线,安全消防,消防安全,火灾报警器损坏、拆除,5
安全韧性底线,安全消防,消防安全,灭火器未配备或损坏等,32
安全韧性底线,安全消防,消防安全,社区微型消防站,1
安全韧性底线,市政管网,井盖问题,其它井盖破损、缺失、移位,359
安全韧性底线,市政管网,井盖问题,污水井盖,297
安全韧性底线,市政管网,井盖问题,燃气井盖,6
安全韧性底线,市政管网,井盖问题,电力井盖,137
安全韧性底线,市政管网,井盖问题,网络井盖,5
安全韧性底线,市政管网,井盖问题,自来水井盖,41
安全韧性底线,市政管网,井盖问题,路灯井盖,19
安全韧性底线,市政管网,井盖问题,通讯井盖,27
安全韧性底线,市政管网,井盖问题,雨水井盖,94
安全韧性底线,市政管网,井盖问题,雨水箅子,59
安全韧性底线,市政管网,供电服务,小区线路问题,88
安全韧性底线,市政管网,供电服务,电线杆问题,191
安全韧性底线,市政管网,供电服务,线路改造问题,49
安全韧性底线,市政管网,供电服务,铁塔问题,50
安全韧性底线,市政管网,供电服务,高空线缆问题,243
安全韧性底线,市政管网,市政公共设施问题,临河、临水标志、警示牌及防护设施破损,9
安全韧性底线,市政管网,市政公共设施问题,人防设施破损,6
安全韧性底线,市政管网,市政公共设施问题,健身设施破损,9
安全韧性底线,市政管网,市政公共设施问题,化粪池盖板缺失破裂,14
安全韧性底线,市政管网,市政公共设施问题,城市设施部件不洁,11
安全韧性底线,市政管网,市政公共设施问题,宣传栏破损,5
安全韧性底线,市政管网,市政公共设施问题,岗亭破损,1
安全韧性底线,市政管网,市政公共设施问题,慈善衣物捐赠箱破损,2
安全韧性底线,市政管网,市政公共设施问题,报刊、售货亭破损,7
安全韧性底线,市政管网,市政公共设施问题,景观灯（含地灯、射灯）破损,56
安全韧性底线,市政管网,市政公共设施问题,杆线下垂,45
安全韧性底线,市政管网,市政公共设施问题,桥梁隧道灯破损,43
安全韧性底线,市政管网,市政公共设施问题,水渠破损,22
安全韧性底线,市政管网,市政公共设施问题,消防设施漏水、破损,240
安全韧性底线,市政管网,市政公共设施问题,电力设施（变压器、输电塔、电力交接箱）破损,93
安全韧性底线,市政管网,市政公共设施问题,直饮水机破损,9
安全韧性底线,市政管网,市政公共设施问题,立杆杆体破损、倒伏,46
安全韧性底线,市政管网,市政公共设施问题,自动售货机（亭）破损,1
安全韧性底线,市政管网,市政公共设施问题,路灯破损,782
安全韧性底线,市政管网,市政公共设施问题,通讯交接箱破损,27
安全韧性底线,市政管网,市政公共设施问题,隧道设施破损,25
安全韧性底线,市政管网,管道设施破裂堵塞,化粪池满溢,452
安全韧性底线,市政管网,管道设施破裂堵塞,排水设施堵塞,184
安全韧性底线,市政管网,管道设施破裂堵塞,污水压力管道破裂,126
安全韧性底线,市政管网,管道设施破裂堵塞,燃气管道破裂,34
安全韧性底线,市政管网,管道设施破裂堵塞,自来水管破裂,335
安全韧性底线,环境治理,堡坎、山体问题,堡坎存在安全隐患,49
安全韧性底线,环境治理,堡坎、山体问题,堡坎渗水,15
安全韧性底线,环境治理,堡坎、山体问题,山体滑坡、堡坎坍塌,151
民生基础需求,交通设施,交通秩序,交通堵塞问题,702
民生基础需求,交通设施,公交服务,公交站牌问题,181
民生基础需求,交通设施,公交服务,公交线路问题,1214
民生基础需求,交通设施,城市客运,共享单车管理问题,36
民生基础需求,交通设施,城市客运,共享汽车、电动车问题,15
民生基础需求,交通设施,民航,机场服务问题,209
民生基础需求,交通设施,民航,机场秩序问题,8
民生基础需求,交通设施,道路运输,加气站问题,126
民生基础需求,交通设施,道路运输,加油站问题,206
民生基础需求,交通设施,道路运输,城际公交车问题,207
民生基础需求,交通设施,道路运输,客运汽车站投诉,257
民生基础需求,交通设施,道路问题,城市道路命名,18
民生基础需求,交通设施,道路问题,道路规划问题,430
民生基础需求,交通设施,道路问题,道路通行问题,2634
民生基础需求,交通设施,铁路,火车站停车管理,34
民生基础需求,住房,住房房产,城镇房屋质量问题,1264
民生基础需求,住房,住房房产,安置房问题,178
民生基础需求,住房,住房房产,房屋防水问题,2539
民生基础需求,住房,住房房产,装修破坏房屋结构问题,313
民生基础需求,住房,住房房产,装修质量问题,85
民生基础需求,住房,小区建设,加装电梯问题 ,728
民生基础需求,住房,小区建设,地下停车场设施缺失,122
民生基础需求,住房,小区建设,小区公共设施问题,650
民生基础需求,住房,小区建设,电动车充电问题,1064
民生基础需求,停车设施,交通设施问题,停车场设施破损,518
民生基础需求,停车设施,停车管理,电动车充电桩安装问题,876
民生基础需求,停车设施,停车管理,立体车库缺失、移位或破损,1
民生基础需求,停车设施,停车管理问题,互联网租赁自行车不规范投（停）放,5
民生基础需求,停车设施,停车管理问题,停车场收费问题,1346
民生基础需求,停车设施,停车管理问题,废弃车辆、僵尸车,66
民生基础需求,停车设施,停车管理问题,机动车乱停放,184
民生基础需求,停车设施,停车管理问题,私设停车场、停车位,848
民生基础需求,停车设施,停车管理问题,非机动车乱停放,66
民生基础需求,停车设施,车辆乱停放,违章占道,436
民生基础需求,停车设施,车辆乱停放,违规停车,3013
民生基础需求,公服设施,学区学籍,初中入学问题,247
民生基础需求,公服设施,学区学籍,小学入学问题,478
民生基础需求,公服设施,学区学籍,幼儿园入园问题,98
民生基础需求,公服设施,学区学籍,配套幼儿园,26
民生基础需求,公服设施,就医,医疗环境投诉,772
民生基础需求,公服设施,就医,突发公共事件医疗紧急救援问题,1
民生基础需求,噪声治理,交通噪声,交通设施噪声,55
民生基础需求,噪声治理,交通噪声,公交噪声问题,1
民生基础需求,噪声治理,交通噪声,机动车噪声,295
民生基础需求,噪声治理,交通噪声,高架桥行车噪声,38
民生基础需求,噪声治理,交通噪声,高速路噪声,13
民生基础需求,噪声治理,公共设施异响噪声,无线电发射装置、基站噪声,14
民生基础需求,噪声治理,公共设施异响噪声,物业设备噪声,99
民生基础需求,噪声治理,公共设施异响噪声,电梯噪声,32
民生基础需求,噪声治理,公共设施异响噪声,空调、冷却塔等设备噪声,195
民生基础需求,噪声治理,公共设施异响噪声,管道噪声,15
民生基础需求,噪声治理,公共设施异响噪声,设备噪声,255
民生基础需求,噪声治理,商业噪声,商业经营噪声,1430
民生基础需求,噪声治理,商业噪声,商业设备噪声,240
民生基础需求,噪声治理,工业噪声,工业生产设施、设备噪声,373
民生基础需求,噪声治理,建筑施工噪声,施工噪声扰民,3950
民生基础需求,噪声治理,建筑施工噪声,施工车辆噪声,104
民生基础需求,噪声治理,建筑施工噪声,爆破噪声,13
民生基础需求,噪声治理,生活噪声,宠物噪声,132
民生基础需求,噪声治理,生活噪声,室内噪声,58
民生基础需求,噪声治理,生活噪声,家禽噪声扰民,72
民生基础需求,噪声治理,生活噪声,广场舞噪声,589
民生基础需求,噪声治理,生活噪声,装修噪声,1067
民生基础需求,噪声治理,生活噪声,邻里噪声,545
民生基础需求,噪声治理,生活噪声,高音喇叭噪声,1739
民生基础需求,城市更新,住房房产,危房改造问题,389
民生基础需求,城市更新,住房房产,老旧小区改造问题,1911
民生基础需求,城市更新,违规建（构）筑物,改变地下房屋用途,14
民生基础需求,城市更新,违规建（构）筑物,改变房屋结构,59
民生基础需求,城市更新,违规建（构）筑物,违法搭建（已建成）,1706
民生基础需求,城市更新,违规建（构）筑物,违法搭建（正在或即将进行）,428
民生基础需求,城市更新,违规建（构）筑物,违章道路接坡,2
民生基础需求,市政管网,供气服务,燃气气压问题投诉,104
民生基础需求,市政管网,供水服务,水压问题投诉,285
民生基础需求,市政管网,供水服务,水质问题投诉,315
民生基础需求,施工管理,施工管理问题,不文明施工（无围挡、物料乱堆、工地扬尘、存在安全隐患）,1418
民生基础需求,施工管理,施工管理问题,工地出入口不洁,2
民生基础需求,施工管理,施工管理问题,施工造成道路破损,145
民生基础需求,施工管理,施工管理问题,未审批占道城市道路施工,19
民生基础需求,施工管理,施工管理问题,渣土车道路遗撒,109
民生基础需求,施工管理,施工管理问题,道路施工遗留障碍,103
民生基础需求,物业管理,小区管理,下水道破损问题,250
民生基础需求,物业管理,小区管理,小区停车,1924
民生基础需求,物业管理,小区管理,小区垃圾清运问题,991
民生基础需求,物业管理,小区管理,小区绿化问题,451
民生基础需求,环境治理,公厕管理问题,公共厕所、流动厕所不洁,55
民生基础需求,环境治理,公厕管理问题,公共厕所设施破损,198
民生基础需求,环境治理,公厕管理问题,公厕指示牌破损,9
民生基础需求,环境治理,公厕管理问题,移动公厕设施破损,7
民生基础需求,环境治理,园林绿化设施问题,供水器破损,3
民生基础需求,环境治理,园林绿化设施问题,古树(维护设施)破损,17
民生基础需求,环境治理,园林绿化设施问题,护树设施破损,21
民生基础需求,环境治理,园林绿化设施问题,景观小品破损,10
民生基础需求,环境治理,园林绿化设施问题,绿化护栏破损,46
民生基础需求,环境治理,园林绿化设施问题,绿地枯死、杂草丛生、黄土裸露,188
民生基础需求,环境治理,园林绿化设施问题,花架、花钵缺株、破损,27
民生基础需求,环境治理,园林绿化设施问题,行道树死株、倒伏、断枝,588
民生基础需求,环境治理,园林绿化设施问题,街头坐椅破损,14
民生基础需求,环境治理,园林绿化设施问题,雕塑破损,2
民生基础需求,环境治理,园林绿化设施问题,非法占用绿地、损毁植被,44
民生基础需求,环境治理,垃圾清理及环卫设施问题,动物尸体清理,46
民生基础需求,环境治理,垃圾清理及环卫设施问题,动物粪便清理,28
民生基础需求,环境治理,垃圾清理及环卫设施问题,垃圾中转站破损、脏污、异味,46
民生基础需求,环境治理,垃圾清理及环卫设施问题,垃圾收集设施满溢,41
民生基础需求,环境治理,垃圾清理及环卫设施问题,垃圾间（房）破损、脏污、异味,80
民生基础需求,环境治理,垃圾清理及环卫设施问题,废弃家具杂物,254
民生基础需求,环境治理,垃圾清理及环卫设施问题,暴露生活垃圾,282
民生基础需求,环境治理,垃圾清理及环卫设施问题,果皮箱、分类垃圾桶破损、脏污、异味,158
民生基础需求,环境治理,垃圾清理及环卫设施问题,水域及周边不洁,3
民生基础需求,环境治理,垃圾清理及环卫设施问题,渣土乱倒,27
民生基础需求,环境治理,垃圾清理及环卫设施问题,生活垃圾清运车辆管理,367
民生基础需求,环境治理,垃圾清理及环卫设施问题,积存建筑垃圾渣土,208
民生基础需求,环境治理,垃圾清理及环卫设施问题,绿地不洁,11
民生基础需求,环境治理,垃圾清理及环卫设施问题,路面不洁、积灰、积油,286
民生基础需求,环境治理,垃圾清理及环卫设施问题,违法焚烧垃圾,39
民生基础需求,环境治理,垃圾清理及环卫设施问题,集贸市场环境卫生问题,10
民生基础需求,环境治理,环境污染纠纷,违规排放水污染物,250
民生基础需求,街面秩序,立面管理问题,沿街立面脏、缺、损,26
民生基础需求,街面秩序,立面管理问题,立面违规安装设施,7
民生基础需求,街面秩序,街面秩序管理问题,占道洗车、修车,3
民生基础需求,街面秩序,街面秩序管理问题,油烟污染,857
民生基础需求,街面秩序,街面秩序管理问题,电子显示屏、景观灯、施工场地灯光等光污染,198
民生基础需求,街面秩序,街面秩序管理问题,违法排放污水,177
民生基础需求,街面秩序,违规广告及广告牌破损,户外广告（含霓虹灯、电子显示屏、灯箱广告等）破损,50
民生基础需求,街面秩序,违规广告及广告牌破损,违规大型户外广告,36
民生基础需求,街面秩序,违规广告及广告牌破损,违规设置条幅、灯箱、牌匾等其他广告,55
民生基础需求,街面秩序,违规广告及广告牌破损,门头、招牌破损,164
民生基础需求,街面秩序,违规广告及广告牌破损,非法涂写张贴小广告,104
