事件3类,board,project_type,中类_归,小类_归,件数,事件占比%
建议,其他,公服设施,基层治理,井盖、灭火器等公共设施被盗窃,2,0.003496075655077176
建议,安全韧性底线,交通设施,交通设施问题,交通信号灯破损,280,0.48945059171080463
建议,安全韧性底线,交通设施,交通设施问题,交通护栏破损,19,0.03321271872323317
建议,安全韧性底线,交通设施,交通设施问题,交通标志牌、指路牌破损,34,0.059433286136311984
建议,安全韧性底线,交通设施,交通设施问题,交通标示线破损,20,0.03496075655077176
建议,安全韧性底线,交通设施,交通设施问题,公交站台设施破损,29,0.05069309699861905
建议,安全韧性底线,交通设施,交通设施问题,公交站牌破损,1,0.001748037827538588
建议,安全韧性底线,交通设施,交通设施问题,减速带破损,19,0.03321271872323317
建议,安全韧性底线,交通设施,交通设施问题,出租车站牌（临时停靠站）破损,1,0.001748037827538588
建议,安全韧性底线,交通设施,交通设施问题,地下通道设施破损,6,0.010488226965231528
建议,安全韧性底线,交通设施,交通设施问题,旅游标志牌破损,1,0.001748037827538588
建议,安全韧性底线,交通设施,交通设施问题,无障碍设施破损,2,0.003496075655077176
建议,安全韧性底线,交通设施,交通设施问题,监控探头破损,5,0.00874018913769294
建议,安全韧性底线,交通设施,交通设施问题,跨河（江、湖）桥设施破损,6,0.010488226965231528
建议,安全韧性底线,交通设施,交通设施问题,路名牌破损,1,0.001748037827538588
建议,安全韧性底线,交通设施,交通设施问题,过街天桥设施破损,13,0.022724491758001644
建议,安全韧性底线,交通设施,交通设施问题,门牌破损,2,0.003496075655077176
建议,安全韧性底线,交通设施,道路设施问题,人行道破损,12,0.020976453930463056
建议,安全韧性底线,交通设施,道路设施问题,侧石、止车石破损,7,0.012236264792770115
建议,安全韧性底线,交通设施,道路设施问题,路面塌陷,3,0.005244113482615764
建议,安全韧性底线,交通设施,道路设施问题,车行道破损,7,0.012236264792770115
建议,安全韧性底线,交通设施,道路设施问题,道路积水,3,0.005244113482615764
建议,安全韧性底线,交通设施,道路问题,毁坏桥梁,2,0.003496075655077176
建议,安全韧性底线,安全消防,交通秩序,占用消防通道问题,1,0.001748037827538588
建议,安全韧性底线,安全消防,消防安全,消防器材问题,3,0.005244113482615764
建议,安全韧性底线,市政管网,井盖问题,其它井盖破损、缺失、移位,14,0.02447252958554023
建议,安全韧性底线,市政管网,井盖问题,污水井盖,2,0.003496075655077176
建议,安全韧性底线,市政管网,井盖问题,雨水箅子,1,0.001748037827538588
建议,安全韧性底线,市政管网,供电服务,小区线路问题,2,0.003496075655077176
建议,安全韧性底线,市政管网,供电服务,电线杆问题,2,0.003496075655077176
建议,安全韧性底线,市政管网,供电服务,高空线缆问题,1,0.001748037827538588
建议,安全韧性底线,市政管网,市政公共设施问题,人防设施破损,1,0.001748037827538588
建议,安全韧性底线,市政管网,市政公共设施问题,健身设施破损,2,0.003496075655077176
建议,安全韧性底线,市政管网,市政公共设施问题,城市设施部件不洁,2,0.003496075655077176
建议,安全韧性底线,市政管网,市政公共设施问题,景观灯（含地灯、射灯）破损,14,0.02447252958554023
建议,安全韧性底线,市政管网,市政公共设施问题,桥梁隧道灯破损,5,0.00874018913769294
建议,安全韧性底线,市政管网,市政公共设施问题,电力设施（变压器、输电塔、电力交接箱）破损,1,0.001748037827538588
建议,安全韧性底线,市政管网,市政公共设施问题,路灯破损,79,0.13809498837554843
建议,安全韧性底线,市政管网,管道设施破裂堵塞,排水设施堵塞,3,0.005244113482615764
建议,安全韧性底线,环境治理,堡坎、山体问题,堡坎存在安全隐患,1,0.001748037827538588
建议,安全韧性底线,环境治理,堡坎、山体问题,山体滑坡、堡坎坍塌,3,0.005244113482615764
建议,民生基础需求,交通设施,交通秩序,交通堵塞问题,37,0.06467739961892775
建议,民生基础需求,交通设施,公交服务,公交站牌问题,52,0.09089796703200657
建议,民生基础需求,交通设施,公交服务,公交线路问题,375,0.6555141853269705
建议,民生基础需求,交通设施,城市客运,共享单车管理问题,4,0.006992151310154352
建议,民生基础需求,交通设施,城市客运,共享汽车、电动车问题,4,0.006992151310154352
建议,民生基础需求,交通设施,民航,机场服务问题,11,0.01922841610292447
建议,民生基础需求,交通设施,民航,机场秩序问题,2,0.003496075655077176
建议,民生基础需求,交通设施,道路运输,加气站问题,1,0.001748037827538588
建议,民生基础需求,交通设施,道路运输,加油站问题,1,0.001748037827538588
建议,民生基础需求,交通设施,道路运输,城际公交车问题,13,0.022724491758001644
建议,民生基础需求,交通设施,道路运输,客运汽车站投诉,6,0.010488226965231528
建议,民生基础需求,交通设施,道路问题,道路规划问题,149,0.2604576363032496
建议,民生基础需求,交通设施,道路问题,道路通行问题,336,0.5873407100529655
建议,民生基础需求,交通设施,铁路,火车站停车管理,7,0.012236264792770115
建议,民生基础需求,住房,住房房产,城镇房屋质量问题,2,0.003496075655077176
建议,民生基础需求,住房,小区建设,加装电梯问题 ,6,0.010488226965231528
建议,民生基础需求,住房,小区建设,地下停车场设施缺失,2,0.003496075655077176
建议,民生基础需求,住房,小区建设,小区公共设施问题,14,0.02447252958554023
建议,民生基础需求,住房,小区建设,电动车充电问题,19,0.03321271872323317
建议,民生基础需求,停车设施,交通设施问题,停车场设施破损,17,0.029716643068155992
建议,民生基础需求,停车设施,停车管理,电动车充电桩安装问题,31,0.05418917265369623
建议,民生基础需求,停车设施,停车管理问题,停车场收费问题,30,0.052441134826157636
建议,民生基础需求,停车设施,停车管理问题,废弃车辆、僵尸车,1,0.001748037827538588
建议,民生基础需求,停车设施,停车管理问题,机动车乱停放,7,0.012236264792770115
建议,民生基础需求,停车设施,停车管理问题,私设停车场、停车位,48,0.08390581572185223
建议,民生基础需求,停车设施,停车管理问题,非机动车乱停放,8,0.013984302620308704
建议,民生基础需求,停车设施,车辆乱停放,违章占道,4,0.006992151310154352
建议,民生基础需求,停车设施,车辆乱停放,违规停车,48,0.08390581572185223
建议,民生基础需求,公服设施,学区学籍,初中入学问题,2,0.003496075655077176
建议,民生基础需求,公服设施,学区学籍,小学入学问题,16,0.02796860524061741
建议,民生基础需求,公服设施,学区学籍,配套幼儿园,1,0.001748037827538588
建议,民生基础需求,公服设施,就医,医疗环境投诉,20,0.03496075655077176
建议,民生基础需求,噪声治理,交通噪声,机动车噪声,9,0.01573234044784729
建议,民生基础需求,噪声治理,交通噪声,高架桥行车噪声,2,0.003496075655077176
建议,民生基础需求,噪声治理,交通噪声,高速路噪声,1,0.001748037827538588
建议,民生基础需求,噪声治理,商业噪声,商业经营噪声,2,0.003496075655077176
建议,民生基础需求,噪声治理,建筑施工噪声,施工噪声扰民,15,0.026220567413078818
建议,民生基础需求,噪声治理,生活噪声,家禽噪声扰民,1,0.001748037827538588
建议,民生基础需求,噪声治理,生活噪声,广场舞噪声,3,0.005244113482615764
建议,民生基础需求,噪声治理,生活噪声,邻里噪声,1,0.001748037827538588
建议,民生基础需求,噪声治理,生活噪声,高音喇叭噪声,4,0.006992151310154352
建议,民生基础需求,城市更新,住房房产,老旧小区改造问题,37,0.06467739961892775
建议,民生基础需求,施工管理,施工管理问题,不文明施工（无围挡、物料乱堆、工地扬尘、存在安全隐患）,9,0.01573234044784729
建议,民生基础需求,施工管理,施工管理问题,施工造成道路破损,1,0.001748037827538588
建议,民生基础需求,施工管理,施工管理问题,渣土车道路遗撒,1,0.001748037827538588
建议,民生基础需求,施工管理,施工管理问题,道路施工遗留障碍,1,0.001748037827538588
建议,民生基础需求,物业管理,小区管理,下水道破损问题,1,0.001748037827538588
建议,民生基础需求,物业管理,小区管理,小区停车,28,0.04894505917108046
建议,民生基础需求,物业管理,小区管理,小区垃圾清运问题,21,0.036708794378310344
建议,民生基础需求,物业管理,小区管理,小区绿化问题,10,0.01748037827538588
建议,民生基础需求,环境治理,公厕管理问题,公共厕所、流动厕所不洁,1,0.001748037827538588
建议,民生基础需求,环境治理,公厕管理问题,公共厕所设施破损,33,0.0576852483087734
建议,民生基础需求,环境治理,公厕管理问题,公厕指示牌破损,2,0.003496075655077176
建议,民生基础需求,环境治理,公厕管理问题,移动公厕设施破损,2,0.003496075655077176
建议,民生基础需求,环境治理,园林绿化设施问题,古树(维护设施)破损,2,0.003496075655077176
建议,民生基础需求,环境治理,园林绿化设施问题,绿化护栏破损,5,0.00874018913769294
建议,民生基础需求,环境治理,园林绿化设施问题,绿地枯死、杂草丛生、黄土裸露,9,0.01573234044784729
建议,民生基础需求,环境治理,园林绿化设施问题,花架、花钵缺株、破损,2,0.003496075655077176
建议,民生基础需求,环境治理,园林绿化设施问题,行道树死株、倒伏、断枝,46,0.08040974006677504
建议,民生基础需求,环境治理,园林绿化设施问题,街头坐椅破损,4,0.006992151310154352
建议,民生基础需求,环境治理,园林绿化设施问题,雕塑破损,1,0.001748037827538588
建议,民生基础需求,环境治理,园林绿化设施问题,非法占用绿地、损毁植被,1,0.001748037827538588
建议,民生基础需求,环境治理,垃圾清理及环卫设施问题,动物粪便清理,1,0.001748037827538588
建议,民生基础需求,环境治理,垃圾清理及环卫设施问题,垃圾间（房）破损、脏污、异味,1,0.001748037827538588
建议,民生基础需求,环境治理,垃圾清理及环卫设施问题,暴露生活垃圾,7,0.012236264792770115
建议,民生基础需求,环境治理,垃圾清理及环卫设施问题,果皮箱、分类垃圾桶破损、脏污、异味,15,0.026220567413078818
建议,民生基础需求,环境治理,垃圾清理及环卫设施问题,生活垃圾清运车辆管理,14,0.02447252958554023
建议,民生基础需求,环境治理,垃圾清理及环卫设施问题,积存建筑垃圾渣土,1,0.001748037827538588
建议,民生基础需求,环境治理,垃圾清理及环卫设施问题,路面不洁、积灰、积油,2,0.003496075655077176
建议,民生基础需求,环境治理,垃圾清理及环卫设施问题,集贸市场环境卫生问题,1,0.001748037827538588
建议,民生基础需求,街面秩序,立面管理问题,沿街立面脏、缺、损,2,0.003496075655077176
建议,民生基础需求,街面秩序,街面秩序管理问题,电子显示屏、景观灯、施工场地灯光等光污染,11,0.01922841610292447
建议,民生基础需求,街面秩序,违规广告及广告牌破损,户外广告（含霓虹灯、电子显示屏、灯箱广告等）破损,4,0.006992151310154352
建议,民生基础需求,街面秩序,违规广告及广告牌破损,违规设置条幅、灯箱、牌匾等其他广告,1,0.001748037827538588
建议,民生基础需求,街面秩序,违规广告及广告牌破损,门头、招牌破损,5,0.00874018913769294
投诉,其他,公服设施,扩展事件,自然灾害-积水点,14,0.02447252958554023
投诉,安全韧性底线,交通设施,交通设施问题,交通信号灯破损,565,0.9876413725593022
投诉,安全韧性底线,交通设施,交通设施问题,交通护栏破损,67,0.11711853444508538
投诉,安全韧性底线,交通设施,交通设施问题,交通标志牌、指路牌破损,50,0.0874018913769294
投诉,安全韧性底线,交通设施,交通设施问题,交通标示线破损,34,0.059433286136311984
投诉,安全韧性底线,交通设施,交通设施问题,停车告示牌破损,4,0.006992151310154352
投诉,安全韧性底线,交通设施,交通设施问题,公交站台设施破损,75,0.1311028370653941
投诉,安全韧性底线,交通设施,交通设施问题,公交站牌破损,2,0.003496075655077176
投诉,安全韧性底线,交通设施,交通设施问题,公共自行车租赁点及附属设施破损,2,0.003496075655077176
投诉,安全韧性底线,交通设施,交通设施问题,减速带破损,42,0.07341758875662069
投诉,安全韧性底线,交通设施,交通设施问题,出租车站牌（临时停靠站）破损,4,0.006992151310154352
投诉,安全韧性底线,交通设施,交通设施问题,地下通道设施破损,22,0.03845683220584894
投诉,安全韧性底线,交通设施,交通设施问题,工程规划告示牌破损,2,0.003496075655077176
投诉,安全韧性底线,交通设施,交通设施问题,河道护栏破损,9,0.01573234044784729
投诉,安全韧性底线,交通设施,交通设施问题,监控探头破损,10,0.01748037827538588
投诉,安全韧性底线,交通设施,交通设施问题,跨河（江、湖）桥设施破损,38,0.06642543744646634
投诉,安全韧性底线,交通设施,交通设施问题,路名牌破损,4,0.006992151310154352
投诉,安全韧性底线,交通设施,交通设施问题,过街天桥设施破损,38,0.06642543744646634
投诉,安全韧性底线,交通设施,交通设施问题,道路隔音屏破损,3,0.005244113482615764
投诉,安全韧性底线,交通设施,交通设施问题,门牌破损,8,0.013984302620308704
投诉,安全韧性底线,交通设施,交通设施问题,防洪防汛附属设施破损,6,0.010488226965231528
投诉,安全韧性底线,交通设施,交通设施问题,高架、立交桥设施破损,13,0.022724491758001644
投诉,安全韧性底线,交通设施,道路设施问题,人行道破损,118,0.20626846364955337
投诉,安全韧性底线,交通设施,道路设施问题,侧石、止车石破损,38,0.06642543744646634
投诉,安全韧性底线,交通设施,道路设施问题,路面塌陷,108,0.1887880853741675
投诉,安全韧性底线,交通设施,道路设施问题,车行道破损,136,0.23773314454524794
投诉,安全韧性底线,交通设施,道路设施问题,道路积水,113,0.19752827451186045
投诉,安全韧性底线,交通设施,道路问题,毁坏桥梁,7,0.012236264792770115
投诉,安全韧性底线,安全消防,交通秩序,占用消防通道问题,429,0.7499082280140542
投诉,安全韧性底线,安全消防,消防安全,消火栓埋压、圈占或遮挡,4,0.006992151310154352
投诉,安全韧性底线,安全消防,消防安全,消防器材问题,62,0.10837834530739246
投诉,安全韧性底线,安全消防,消防安全,消防车通道网格线、标牌,1,0.001748037827538588
投诉,安全韧性底线,安全消防,消防安全,消防车道占用、堵塞,75,0.1311028370653941
投诉,安全韧性底线,安全消防,消防安全,消防通道、应急照明、疏散标志牌等设施问题,29,0.05069309699861905
投诉,安全韧性底线,安全消防,消防安全,火灾报警器损坏、拆除,3,0.005244113482615764
投诉,安全韧性底线,安全消防,消防安全,灭火器未配备或损坏等,27,0.047197021343541874
投诉,安全韧性底线,安全消防,消防安全,社区微型消防站,1,0.001748037827538588
投诉,安全韧性底线,市政管网,井盖问题,其它井盖破损、缺失、移位,213,0.3723320572657193
投诉,安全韧性底线,市政管网,井盖问题,污水井盖,118,0.20626846364955337
投诉,安全韧性底线,市政管网,井盖问题,燃气井盖,1,0.001748037827538588
投诉,安全韧性底线,市政管网,井盖问题,电力井盖,12,0.020976453930463056
投诉,安全韧性底线,市政管网,井盖问题,自来水井盖,9,0.01573234044784729
投诉,安全韧性底线,市政管网,井盖问题,路灯井盖,2,0.003496075655077176
投诉,安全韧性底线,市政管网,井盖问题,通讯井盖,5,0.00874018913769294
投诉,安全韧性底线,市政管网,井盖问题,雨水井盖,11,0.01922841610292447
投诉,安全韧性底线,市政管网,井盖问题,雨水箅子,10,0.01748037827538588
投诉,安全韧性底线,市政管网,供电服务,小区线路问题,51,0.08914992920446799
投诉,安全韧性底线,市政管网,供电服务,电线杆问题,116,0.2027723879944762
投诉,安全韧性底线,市政管网,供电服务,线路改造问题,37,0.06467739961892775
投诉,安全韧性底线,市政管网,供电服务,铁塔问题,44,0.07691366441169788
投诉,安全韧性底线,市政管网,供电服务,高空线缆问题,170,0.29716643068155996
投诉,安全韧性底线,市政管网,市政公共设施问题,临河、临水标志、警示牌及防护设施破损,3,0.005244113482615764
投诉,安全韧性底线,市政管网,市政公共设施问题,人防设施破损,1,0.001748037827538588
投诉,安全韧性底线,市政管网,市政公共设施问题,健身设施破损,6,0.010488226965231528
投诉,安全韧性底线,市政管网,市政公共设施问题,化粪池盖板缺失破裂,7,0.012236264792770115
投诉,安全韧性底线,市政管网,市政公共设施问题,城市设施部件不洁,2,0.003496075655077176
投诉,安全韧性底线,市政管网,市政公共设施问题,宣传栏破损,1,0.001748037827538588
投诉,安全韧性底线,市政管网,市政公共设施问题,慈善衣物捐赠箱破损,1,0.001748037827538588
投诉,安全韧性底线,市政管网,市政公共设施问题,报刊、售货亭破损,6,0.010488226965231528
投诉,安全韧性底线,市政管网,市政公共设施问题,景观灯（含地灯、射灯）破损,31,0.05418917265369623
投诉,安全韧性底线,市政管网,市政公共设施问题,杆线下垂,10,0.01748037827538588
投诉,安全韧性底线,市政管网,市政公共设施问题,桥梁隧道灯破损,29,0.05069309699861905
投诉,安全韧性底线,市政管网,市政公共设施问题,水渠破损,15,0.026220567413078818
投诉,安全韧性底线,市政管网,市政公共设施问题,消防设施漏水、破损,155,0.27094586326848114
投诉,安全韧性底线,市政管网,市政公共设施问题,电力设施（变压器、输电塔、电力交接箱）破损,38,0.06642543744646634
投诉,安全韧性底线,市政管网,市政公共设施问题,直饮水机破损,8,0.013984302620308704
投诉,安全韧性底线,市政管网,市政公共设施问题,路灯破损,538,0.9404443512157603
投诉,安全韧性底线,市政管网,市政公共设施问题,通讯交接箱破损,1,0.001748037827538588
投诉,安全韧性底线,市政管网,市政公共设施问题,隧道设施破损,16,0.02796860524061741
投诉,安全韧性底线,市政管网,管道设施破裂堵塞,化粪池满溢,171,0.29891446850909853
投诉,安全韧性底线,市政管网,管道设施破裂堵塞,排水设施堵塞,100,0.1748037827538588
投诉,安全韧性底线,市政管网,管道设施破裂堵塞,污水压力管道破裂,102,0.17829985840893597
投诉,安全韧性底线,市政管网,管道设施破裂堵塞,燃气管道破裂,26,0.04544898351600329
投诉,安全韧性底线,市政管网,管道设施破裂堵塞,自来水管破裂,226,0.3950565490237209
投诉,安全韧性底线,环境治理,堡坎、山体问题,堡坎存在安全隐患,35,0.06118132396385058
投诉,安全韧性底线,环境治理,堡坎、山体问题,堡坎渗水,8,0.013984302620308704
投诉,安全韧性底线,环境治理,堡坎、山体问题,山体滑坡、堡坎坍塌,117,0.2045204258220148
投诉,民生基础需求,交通设施,交通秩序,交通堵塞问题,633,1.1065079448319262
投诉,民生基础需求,交通设施,公交服务,公交站牌问题,88,0.15382732882339575
投诉,民生基础需求,交通设施,公交服务,公交线路问题,572,0.9998776373520722
投诉,民生基础需求,交通设施,城市客运,共享单车管理问题,30,0.052441134826157636
投诉,民生基础需求,交通设施,城市客运,共享汽车、电动车问题,8,0.013984302620308704
投诉,民生基础需求,交通设施,民航,机场服务问题,184,0.32163896026710015
投诉,民生基础需求,交通设施,民航,机场秩序问题,5,0.00874018913769294
投诉,民生基础需求,交通设施,道路运输,加气站问题,108,0.1887880853741675
投诉,民生基础需求,交通设施,道路运输,加油站问题,193,0.3373713007149475
投诉,民生基础需求,交通设施,道路运输,城际公交车问题,156,0.2726939010960197
投诉,民生基础需求,交通设施,道路运输,客运汽车站投诉,242,0.42302515426433823
投诉,民生基础需求,交通设施,道路问题,城市道路命名,6,0.010488226965231528
投诉,民生基础需求,交通设施,道路问题,道路规划问题,209,0.36533990595556487
投诉,民生基础需求,交通设施,道路问题,道路通行问题,1743,3.0468299333997586
投诉,民生基础需求,交通设施,铁路,火车站停车管理,21,0.036708794378310344
投诉,民生基础需求,住房,住房房产,城镇房屋质量问题,1158,2.024227804289685
投诉,民生基础需求,住房,住房房产,安置房问题,96,0.16781163144370445
投诉,民生基础需求,住房,住房房产,房屋防水问题,2412,4.2162672400230745
投诉,民生基础需求,住房,住房房产,装修破坏房屋结构问题,283,0.49469470519342035
投诉,民生基础需求,住房,住房房产,装修质量问题,80,0.13984302620308703
投诉,民生基础需求,住房,小区建设,加装电梯问题 ,599,1.0470746586956141
投诉,民生基础需求,住房,小区建设,地下停车场设施缺失,114,0.19927631233939902
投诉,民生基础需求,住房,小区建设,小区公共设施问题,515,0.9002394811823728
投诉,民生基础需求,住房,小区建设,电动车充电问题,974,1.7025888440225845
投诉,民生基础需求,停车设施,交通设施问题,停车场设施破损,437,0.763892530634363
投诉,民生基础需求,停车设施,停车管理,电动车充电桩安装问题,686,1.1991539496914714
投诉,民生基础需求,停车设施,停车管理,立体车库缺失、移位或破损,1,0.001748037827538588
投诉,民生基础需求,停车设施,停车管理问题,互联网租赁自行车不规范投（停）放,1,0.001748037827538588
投诉,民生基础需求,停车设施,停车管理问题,停车场收费问题,1187,2.074920901288304
投诉,民生基础需求,停车设施,停车管理问题,废弃车辆、僵尸车,55,0.09614208051462234
投诉,民生基础需求,停车设施,停车管理问题,机动车乱停放,144,0.25171744716555666
投诉,民生基础需求,停车设施,停车管理问题,私设停车场、停车位,722,1.2620833114828605
投诉,民生基础需求,停车设施,停车管理问题,非机动车乱停放,42,0.07341758875662069
投诉,民生基础需求,停车设施,车辆乱停放,违章占道,391,0.6834827905675879
投诉,民生基础需求,停车设施,车辆乱停放,违规停车,2802,4.898001992763124
投诉,民生基础需求,公服设施,学区学籍,初中入学问题,77,0.13459891272047128
投诉,民生基础需求,公服设施,学区学籍,小学入学问题,138,0.24122922020032514
投诉,民生基础需求,公服设施,学区学籍,幼儿园入园问题,32,0.05593721048123482
投诉,民生基础需求,公服设施,学区学籍,配套幼儿园,6,0.010488226965231528
投诉,民生基础需求,公服设施,就医,医疗环境投诉,725,1.2673274249654762
投诉,民生基础需求,公服设施,就医,突发公共事件医疗紧急救援问题,1,0.001748037827538588
投诉,民生基础需求,噪声治理,交通噪声,交通设施噪声,52,0.09089796703200657
投诉,民生基础需求,噪声治理,交通噪声,公交噪声问题,1,0.001748037827538588
投诉,民生基础需求,噪声治理,交通噪声,机动车噪声,272,0.4754662890904959
投诉,民生基础需求,噪声治理,交通噪声,高架桥行车噪声,31,0.05418917265369623
投诉,民生基础需求,噪声治理,交通噪声,高速路噪声,11,0.01922841610292447
投诉,民生基础需求,噪声治理,公共设施异响噪声,无线电发射装置、基站噪声,14,0.02447252958554023
投诉,民生基础需求,噪声治理,公共设施异响噪声,物业设备噪声,97,0.16955966927124302
投诉,民生基础需求,噪声治理,公共设施异响噪声,电梯噪声,29,0.05069309699861905
投诉,民生基础需求,噪声治理,公共设施异响噪声,空调、冷却塔等设备噪声,181,0.31639484678448443
投诉,民生基础需求,噪声治理,公共设施异响噪声,管道噪声,8,0.013984302620308704
投诉,民生基础需求,噪声治理,公共设施异响噪声,设备噪声,244,0.4265212299194155
投诉,民生基础需求,噪声治理,商业噪声,商业经营噪声,1393,2.435016693761253
投诉,民生基础需求,噪声治理,商业噪声,商业设备噪声,233,0.407292813816491
投诉,民生基础需求,噪声治理,工业噪声,工业生产设施、设备噪声,368,0.6432779205342003
投诉,民生基础需求,噪声治理,建筑施工噪声,施工噪声扰民,3877,6.777142657367105
投诉,民生基础需求,噪声治理,建筑施工噪声,施工车辆噪声,102,0.17829985840893597
投诉,民生基础需求,噪声治理,建筑施工噪声,爆破噪声,11,0.01922841610292447
投诉,民生基础需求,噪声治理,生活噪声,宠物噪声,126,0.2202527662698621
投诉,民生基础需求,噪声治理,生活噪声,室内噪声,53,0.09264600485954516
投诉,民生基础需求,噪声治理,生活噪声,家禽噪声扰民,68,0.11886657227262397
投诉,民生基础需求,噪声治理,生活噪声,广场舞噪声,573,1.0016256751796109
投诉,民生基础需求,噪声治理,生活噪声,装修噪声,1050,1.8354397189155172
投诉,民生基础需求,噪声治理,生活噪声,邻里噪声,522,0.9124757459751429
投诉,民生基础需求,噪声治理,生活噪声,高音喇叭噪声,1712,2.9926407607460623
投诉,民生基础需求,城市更新,住房房产,危房改造问题,284,0.496442743020959
投诉,民生基础需求,城市更新,住房房产,老旧小区改造问题,1693,2.959428042022829
投诉,民生基础需求,城市更新,违规建（构）筑物,改变地下房屋用途,13,0.022724491758001644
投诉,民生基础需求,城市更新,违规建（构）筑物,改变房屋结构,53,0.09264600485954516
投诉,民生基础需求,城市更新,违规建（构）筑物,违法搭建（已建成）,1609,2.812592864509588
投诉,民生基础需求,城市更新,违规建（构）筑物,违法搭建（正在或即将进行）,410,0.716695509290821
投诉,民生基础需求,城市更新,违规建（构）筑物,违章道路接坡,2,0.003496075655077176
投诉,民生基础需求,市政管网,供气服务,燃气气压问题投诉,101,0.17655182058139737
投诉,民生基础需求,市政管网,供水服务,水压问题投诉,264,0.4614819864701872
投诉,民生基础需求,市政管网,供水服务,水质问题投诉,295,0.5156711591238834
投诉,民生基础需求,施工管理,施工管理问题,不文明施工（无围挡、物料乱堆、工地扬尘、存在安全隐患）,1310,2.28992955407555
投诉,民生基础需求,施工管理,施工管理问题,工地出入口不洁,2,0.003496075655077176
投诉,民生基础需求,施工管理,施工管理问题,施工造成道路破损,130,0.22724491758001644
投诉,民生基础需求,施工管理,施工管理问题,未审批占道城市道路施工,19,0.03321271872323317
投诉,民生基础需求,施工管理,施工管理问题,渣土车道路遗撒,102,0.17829985840893597
投诉,民生基础需求,施工管理,施工管理问题,道路施工遗留障碍,87,0.15207929099585715
投诉,民生基础需求,物业管理,小区管理,下水道破损问题,216,0.377576170748335
投诉,民生基础需求,物业管理,小区管理,小区停车,1739,3.039837782089604
投诉,民生基础需求,物业管理,小区管理,小区垃圾清运问题,883,1.5435174017165731
投诉,民生基础需求,物业管理,小区管理,小区绿化问题,398,0.6957190553603579
投诉,民生基础需求,环境治理,公厕管理问题,公共厕所、流动厕所不洁,52,0.09089796703200657
投诉,民生基础需求,环境治理,公厕管理问题,公共厕所设施破损,138,0.24122922020032514
投诉,民生基础需求,环境治理,公厕管理问题,公厕指示牌破损,5,0.00874018913769294
投诉,民生基础需求,环境治理,公厕管理问题,移动公厕设施破损,5,0.00874018913769294
投诉,民生基础需求,环境治理,园林绿化设施问题,供水器破损,2,0.003496075655077176
投诉,民生基础需求,环境治理,园林绿化设施问题,古树(维护设施)破损,10,0.01748037827538588
投诉,民生基础需求,环境治理,园林绿化设施问题,护树设施破损,6,0.010488226965231528
投诉,民生基础需求,环境治理,园林绿化设施问题,绿化护栏破损,22,0.03845683220584894
投诉,民生基础需求,环境治理,园林绿化设施问题,绿地枯死、杂草丛生、黄土裸露,107,0.1870400475466289
投诉,民生基础需求,环境治理,园林绿化设施问题,花架、花钵缺株、破损,15,0.026220567413078818
投诉,民生基础需求,环境治理,园林绿化设施问题,行道树死株、倒伏、断枝,298,0.5209152726064992
投诉,民生基础需求,环境治理,园林绿化设施问题,街头坐椅破损,1,0.001748037827538588
投诉,民生基础需求,环境治理,园林绿化设施问题,非法占用绿地、损毁植被,31,0.05418917265369623
投诉,民生基础需求,环境治理,垃圾清理及环卫设施问题,动物尸体清理,33,0.0576852483087734
投诉,民生基础需求,环境治理,垃圾清理及环卫设施问题,动物粪便清理,22,0.03845683220584894
投诉,民生基础需求,环境治理,垃圾清理及环卫设施问题,垃圾中转站破损、脏污、异味,42,0.07341758875662069
投诉,民生基础需求,环境治理,垃圾清理及环卫设施问题,垃圾收集设施满溢,29,0.05069309699861905
投诉,民生基础需求,环境治理,垃圾清理及环卫设施问题,垃圾间（房）破损、脏污、异味,70,0.12236264792770116
投诉,民生基础需求,环境治理,垃圾清理及环卫设施问题,废弃家具杂物,4,0.006992151310154352
投诉,民生基础需求,环境治理,垃圾清理及环卫设施问题,暴露生活垃圾,168,0.29367035502648275
投诉,民生基础需求,环境治理,垃圾清理及环卫设施问题,果皮箱、分类垃圾桶破损、脏污、异味,105,0.18354397189155172
投诉,民生基础需求,环境治理,垃圾清理及环卫设施问题,渣土乱倒,27,0.047197021343541874
投诉,民生基础需求,环境治理,垃圾清理及环卫设施问题,生活垃圾清运车辆管理,336,0.5873407100529655
投诉,民生基础需求,环境治理,垃圾清理及环卫设施问题,积存建筑垃圾渣土,147,0.25696156064817244
投诉,民生基础需求,环境治理,垃圾清理及环卫设施问题,绿地不洁,4,0.006992151310154352
投诉,民生基础需求,环境治理,垃圾清理及环卫设施问题,路面不洁、积灰、积油,248,0.43351338122956984
投诉,民生基础需求,环境治理,垃圾清理及环卫设施问题,违法焚烧垃圾,39,0.06817347527400493
投诉,民生基础需求,环境治理,垃圾清理及环卫设施问题,集贸市场环境卫生问题,7,0.012236264792770115
投诉,民生基础需求,环境治理,环境污染纠纷,违规排放水污染物,247,0.4317653434020312
投诉,民生基础需求,街面秩序,立面管理问题,沿街立面脏、缺、损,6,0.010488226965231528
投诉,民生基础需求,街面秩序,立面管理问题,立面违规安装设施,4,0.006992151310154352
投诉,民生基础需求,街面秩序,街面秩序管理问题,占道洗车、修车,3,0.005244113482615764
投诉,民生基础需求,街面秩序,街面秩序管理问题,油烟污染,832,1.4543674725121052
投诉,民生基础需求,街面秩序,街面秩序管理问题,电子显示屏、景观灯、施工场地灯光等光污染,175,0.3059066198192529
投诉,民生基础需求,街面秩序,街面秩序管理问题,违法排放污水,168,0.29367035502648275
投诉,民生基础需求,街面秩序,违规广告及广告牌破损,户外广告（含霓虹灯、电子显示屏、灯箱广告等）破损,34,0.059433286136311984
投诉,民生基础需求,街面秩序,违规广告及广告牌破损,违规大型户外广告,30,0.052441134826157636
投诉,民生基础需求,街面秩序,违规广告及广告牌破损,违规设置条幅、灯箱、牌匾等其他广告,48,0.08390581572185223
投诉,民生基础需求,街面秩序,违规广告及广告牌破损,门头、招牌破损,122,0.21326061495970774
投诉,民生基础需求,街面秩序,违规广告及广告牌破损,非法涂写张贴小广告,99,0.17305574492632023
求助+咨询,其他,公服设施,基层治理,井盖、灭火器等公共设施被盗窃,2,0.003496075655077176
求助+咨询,其他,公服设施,扩展事件,自然灾害-积水点,9,0.01573234044784729
求助+咨询,安全韧性底线,交通设施,交通设施问题,交通信号灯破损,74,0.1293547992378555
求助+咨询,安全韧性底线,交通设施,交通设施问题,交通护栏破损,61,0.10663030747985387
求助+咨询,安全韧性底线,交通设施,交通设施问题,交通标志牌、指路牌破损,34,0.059433286136311984
求助+咨询,安全韧性底线,交通设施,交通设施问题,交通标示线破损,5,0.00874018913769294
求助+咨询,安全韧性底线,交通设施,交通设施问题,公交站台设施破损,35,0.06118132396385058
求助+咨询,安全韧性底线,交通设施,交通设施问题,公交站牌破损,2,0.003496075655077176
求助+咨询,安全韧性底线,交通设施,交通设施问题,减速带破损,6,0.010488226965231528
求助+咨询,安全韧性底线,交通设施,交通设施问题,地下通道设施破损,4,0.006992151310154352
求助+咨询,安全韧性底线,交通设施,交通设施问题,工程规划告示牌破损,2,0.003496075655077176
求助+咨询,安全韧性底线,交通设施,交通设施问题,旅游标志牌破损,1,0.001748037827538588
求助+咨询,安全韧性底线,交通设施,交通设施问题,河道护栏破损,3,0.005244113482615764
求助+咨询,安全韧性底线,交通设施,交通设施问题,游步道、骑行道破损,4,0.006992151310154352
求助+咨询,安全韧性底线,交通设施,交通设施问题,监控探头破损,8,0.013984302620308704
求助+咨询,安全韧性底线,交通设施,交通设施问题,跨河（江、湖）桥设施破损,6,0.010488226965231528
求助+咨询,安全韧性底线,交通设施,交通设施问题,路名牌破损,1,0.001748037827538588
求助+咨询,安全韧性底线,交通设施,交通设施问题,过街天桥设施破损,8,0.013984302620308704
求助+咨询,安全韧性底线,交通设施,交通设施问题,门牌破损,8,0.013984302620308704
求助+咨询,安全韧性底线,交通设施,交通设施问题,防洪防汛附属设施破损,1,0.001748037827538588
求助+咨询,安全韧性底线,交通设施,交通设施问题,高架、立交桥设施破损,5,0.00874018913769294
求助+咨询,安全韧性底线,交通设施,道路设施问题,人行道破损,320,0.5593721048123481
求助+咨询,安全韧性底线,交通设施,道路设施问题,侧石、止车石破损,180,0.3146468089569458
求助+咨询,安全韧性底线,交通设施,道路设施问题,路面塌陷,70,0.12236264792770116
求助+咨询,安全韧性底线,交通设施,道路设施问题,车行道破损,43,0.07516562658415929
求助+咨询,安全韧性底线,交通设施,道路设施问题,道路积水,20,0.03496075655077176
求助+咨询,安全韧性底线,交通设施,道路问题,毁坏桥梁,2,0.003496075655077176
求助+咨询,安全韧性底线,安全消防,交通秩序,占用消防通道问题,12,0.020976453930463056
求助+咨询,安全韧性底线,安全消防,消防安全,消防器材问题,19,0.03321271872323317
求助+咨询,安全韧性底线,安全消防,消防安全,消防车道占用、堵塞,8,0.013984302620308704
求助+咨询,安全韧性底线,安全消防,消防安全,消防通道、应急照明、疏散标志牌等设施问题,6,0.010488226965231528
求助+咨询,安全韧性底线,安全消防,消防安全,火灾报警器损坏、拆除,2,0.003496075655077176
求助+咨询,安全韧性底线,安全消防,消防安全,灭火器未配备或损坏等,5,0.00874018913769294
求助+咨询,安全韧性底线,市政管网,井盖问题,其它井盖破损、缺失、移位,132,0.2307409932350936
求助+咨询,安全韧性底线,市政管网,井盖问题,污水井盖,177,0.3094026954743301
求助+咨询,安全韧性底线,市政管网,井盖问题,燃气井盖,5,0.00874018913769294
求助+咨询,安全韧性底线,市政管网,井盖问题,电力井盖,125,0.2185047284423235
求助+咨询,安全韧性底线,市政管网,井盖问题,网络井盖,5,0.00874018913769294
求助+咨询,安全韧性底线,市政管网,井盖问题,自来水井盖,32,0.05593721048123482
求助+咨询,安全韧性底线,市政管网,井盖问题,路灯井盖,17,0.029716643068155992
求助+咨询,安全韧性底线,市政管网,井盖问题,通讯井盖,22,0.03845683220584894
求助+咨询,安全韧性底线,市政管网,井盖问题,雨水井盖,83,0.1450871396857028
求助+咨询,安全韧性底线,市政管网,井盖问题,雨水箅子,48,0.08390581572185223
求助+咨询,安全韧性底线,市政管网,供电服务,小区线路问题,35,0.06118132396385058
求助+咨询,安全韧性底线,市政管网,供电服务,电线杆问题,73,0.12760676141031693
求助+咨询,安全韧性底线,市政管网,供电服务,线路改造问题,12,0.020976453930463056
求助+咨询,安全韧性底线,市政管网,供电服务,铁塔问题,6,0.010488226965231528
求助+咨询,安全韧性底线,市政管网,供电服务,高空线缆问题,72,0.12585872358277833
求助+咨询,安全韧性底线,市政管网,市政公共设施问题,临河、临水标志、警示牌及防护设施破损,6,0.010488226965231528
求助+咨询,安全韧性底线,市政管网,市政公共设施问题,人防设施破损,4,0.006992151310154352
求助+咨询,安全韧性底线,市政管网,市政公共设施问题,健身设施破损,1,0.001748037827538588
求助+咨询,安全韧性底线,市政管网,市政公共设施问题,化粪池盖板缺失破裂,7,0.012236264792770115
求助+咨询,安全韧性底线,市政管网,市政公共设施问题,城市设施部件不洁,7,0.012236264792770115
求助+咨询,安全韧性底线,市政管网,市政公共设施问题,宣传栏破损,4,0.006992151310154352
求助+咨询,安全韧性底线,市政管网,市政公共设施问题,岗亭破损,1,0.001748037827538588
求助+咨询,安全韧性底线,市政管网,市政公共设施问题,慈善衣物捐赠箱破损,1,0.001748037827538588
求助+咨询,安全韧性底线,市政管网,市政公共设施问题,报刊、售货亭破损,1,0.001748037827538588
求助+咨询,安全韧性底线,市政管网,市政公共设施问题,景观灯（含地灯、射灯）破损,10,0.01748037827538588
求助+咨询,安全韧性底线,市政管网,市政公共设施问题,杆线下垂,35,0.06118132396385058
求助+咨询,安全韧性底线,市政管网,市政公共设施问题,桥梁隧道灯破损,9,0.01573234044784729
求助+咨询,安全韧性底线,市政管网,市政公共设施问题,水渠破损,7,0.012236264792770115
求助+咨询,安全韧性底线,市政管网,市政公共设施问题,消防设施漏水、破损,85,0.14858321534077998
求助+咨询,安全韧性底线,市政管网,市政公共设施问题,电力设施（变压器、输电塔、电力交接箱）破损,53,0.09264600485954516
求助+咨询,安全韧性底线,市政管网,市政公共设施问题,直饮水机破损,1,0.001748037827538588
求助+咨询,安全韧性底线,市政管网,市政公共设施问题,立杆杆体破损、倒伏,46,0.08040974006677504
求助+咨询,安全韧性底线,市政管网,市政公共设施问题,路灯破损,163,0.28493016588878983
求助+咨询,安全韧性底线,市政管网,市政公共设施问题,通讯交接箱破损,26,0.04544898351600329
求助+咨询,安全韧性底线,市政管网,市政公共设施问题,隧道设施破损,9,0.01573234044784729
求助+咨询,安全韧性底线,市政管网,管道设施破裂堵塞,化粪池满溢,281,0.4911986295383432
求助+咨询,安全韧性底线,市政管网,管道设施破裂堵塞,排水设施堵塞,81,0.14159106403062563
求助+咨询,安全韧性底线,市政管网,管道设施破裂堵塞,污水压力管道破裂,24,0.04195290786092611
求助+咨询,安全韧性底线,市政管网,管道设施破裂堵塞,燃气管道破裂,8,0.013984302620308704
求助+咨询,安全韧性底线,市政管网,管道设施破裂堵塞,自来水管破裂,108,0.1887880853741675
求助+咨询,安全韧性底线,环境治理,堡坎、山体问题,堡坎存在安全隐患,13,0.022724491758001644
求助+咨询,安全韧性底线,环境治理,堡坎、山体问题,堡坎渗水,7,0.012236264792770115
求助+咨询,安全韧性底线,环境治理,堡坎、山体问题,山体滑坡、堡坎坍塌,30,0.052441134826157636
求助+咨询,民生基础需求,交通设施,交通秩序,交通堵塞问题,31,0.05418917265369623
求助+咨询,民生基础需求,交通设施,公交服务,公交站牌问题,39,0.06817347527400493
求助+咨询,民生基础需求,交通设施,公交服务,公交线路问题,263,0.45973394864264866
求助+咨询,民生基础需求,交通设施,城市客运,共享单车管理问题,2,0.003496075655077176
求助+咨询,民生基础需求,交通设施,城市客运,共享汽车、电动车问题,3,0.005244113482615764
求助+咨询,民生基础需求,交通设施,民航,机场服务问题,7,0.012236264792770115
求助+咨询,民生基础需求,交通设施,民航,机场秩序问题,1,0.001748037827538588
求助+咨询,民生基础需求,交通设施,道路运输,加气站问题,13,0.022724491758001644
求助+咨询,民生基础需求,交通设施,道路运输,加油站问题,12,0.020976453930463056
求助+咨询,民生基础需求,交通设施,道路运输,城际公交车问题,34,0.059433286136311984
求助+咨询,民生基础需求,交通设施,道路运输,客运汽车站投诉,8,0.013984302620308704
求助+咨询,民生基础需求,交通设施,道路问题,城市道路命名,12,0.020976453930463056
求助+咨询,民生基础需求,交通设施,道路问题,道路规划问题,72,0.12585872358277833
求助+咨询,民生基础需求,交通设施,道路问题,道路通行问题,552,0.9649168808013006
求助+咨询,民生基础需求,交通设施,铁路,火车站停车管理,6,0.010488226965231528
求助+咨询,民生基础需求,住房,住房房产,城镇房屋质量问题,104,0.18179593406401315
求助+咨询,民生基础需求,住房,住房房产,安置房问题,82,0.1433391018581642
求助+咨询,民生基础需求,住房,住房房产,房屋防水问题,127,0.22200080409740067
求助+咨询,民生基础需求,住房,住房房产,装修破坏房屋结构问题,29,0.05069309699861905
求助+咨询,民生基础需求,住房,住房房产,装修质量问题,5,0.00874018913769294
求助+咨询,民生基础需求,住房,小区建设,加装电梯问题 ,123,0.2150086527872463
求助+咨询,民生基础需求,住房,小区建设,地下停车场设施缺失,5,0.00874018913769294
求助+咨询,民生基础需求,住房,小区建设,小区公共设施问题,121,0.21151257713216912
求助+咨询,民生基础需求,住房,小区建设,电动车充电问题,71,0.12411068575523974
求助+咨询,民生基础需求,停车设施,交通设施问题,停车场设施破损,64,0.11187442096246963
求助+咨询,民生基础需求,停车设施,停车管理,电动车充电桩安装问题,159,0.2779380145786355
求助+咨询,民生基础需求,停车设施,停车管理问题,互联网租赁自行车不规范投（停）放,4,0.006992151310154352
求助+咨询,民生基础需求,停车设施,停车管理问题,停车场收费问题,128,0.22374884192493927
求助+咨询,民生基础需求,停车设施,停车管理问题,废弃车辆、僵尸车,10,0.01748037827538588
求助+咨询,民生基础需求,停车设施,停车管理问题,机动车乱停放,33,0.0576852483087734
求助+咨询,民生基础需求,停车设施,停车管理问题,私设停车场、停车位,75,0.1311028370653941
求助+咨询,民生基础需求,停车设施,停车管理问题,非机动车乱停放,16,0.02796860524061741
求助+咨询,民生基础需求,停车设施,车辆乱停放,违章占道,41,0.0716695509290821
求助+咨询,民生基础需求,停车设施,车辆乱停放,违规停车,161,0.2814340902337127
求助+咨询,民生基础需求,公服设施,学区学籍,初中入学问题,168,0.29367035502648275
求助+咨询,民生基础需求,公服设施,学区学籍,小学入学问题,323,0.5646162182949639
求助+咨询,民生基础需求,公服设施,学区学籍,幼儿园入园问题,66,0.1153704966175468
求助+咨询,民生基础需求,公服设施,学区学籍,配套幼儿园,18,0.03146468089569458
求助+咨询,民生基础需求,公服设施,就医,医疗环境投诉,27,0.047197021343541874
求助+咨询,民生基础需求,噪声治理,交通噪声,交通设施噪声,3,0.005244113482615764
求助+咨询,民生基础需求,噪声治理,交通噪声,机动车噪声,14,0.02447252958554023
求助+咨询,民生基础需求,噪声治理,交通噪声,高架桥行车噪声,5,0.00874018913769294
求助+咨询,民生基础需求,噪声治理,交通噪声,高速路噪声,1,0.001748037827538588
求助+咨询,民生基础需求,噪声治理,公共设施异响噪声,物业设备噪声,2,0.003496075655077176
求助+咨询,民生基础需求,噪声治理,公共设施异响噪声,电梯噪声,3,0.005244113482615764
求助+咨询,民生基础需求,噪声治理,公共设施异响噪声,空调、冷却塔等设备噪声,14,0.02447252958554023
求助+咨询,民生基础需求,噪声治理,公共设施异响噪声,管道噪声,7,0.012236264792770115
求助+咨询,民生基础需求,噪声治理,公共设施异响噪声,设备噪声,11,0.01922841610292447
求助+咨询,民生基础需求,噪声治理,商业噪声,商业经营噪声,35,0.06118132396385058
求助+咨询,民生基础需求,噪声治理,商业噪声,商业设备噪声,7,0.012236264792770115
求助+咨询,民生基础需求,噪声治理,工业噪声,工业生产设施、设备噪声,5,0.00874018913769294
求助+咨询,民生基础需求,噪声治理,建筑施工噪声,施工噪声扰民,55,0.09614208051462234
求助+咨询,民生基础需求,噪声治理,建筑施工噪声,施工车辆噪声,2,0.003496075655077176
求助+咨询,民生基础需求,噪声治理,建筑施工噪声,爆破噪声,2,0.003496075655077176
求助+咨询,民生基础需求,噪声治理,生活噪声,宠物噪声,6,0.010488226965231528
求助+咨询,民生基础需求,噪声治理,生活噪声,室内噪声,5,0.00874018913769294
求助+咨询,民生基础需求,噪声治理,生活噪声,家禽噪声扰民,3,0.005244113482615764
求助+咨询,民生基础需求,噪声治理,生活噪声,广场舞噪声,13,0.022724491758001644
求助+咨询,民生基础需求,噪声治理,生活噪声,装修噪声,17,0.029716643068155992
求助+咨询,民生基础需求,噪声治理,生活噪声,邻里噪声,21,0.036708794378310344
求助+咨询,民生基础需求,噪声治理,生活噪声,高音喇叭噪声,22,0.03845683220584894
求助+咨询,民生基础需求,城市更新,住房房产,危房改造问题,105,0.18354397189155172
求助+咨询,民生基础需求,城市更新,住房房产,老旧小区改造问题,180,0.3146468089569458
求助+咨询,民生基础需求,城市更新,违规建（构）筑物,改变地下房屋用途,1,0.001748037827538588
求助+咨询,民生基础需求,城市更新,违规建（构）筑物,改变房屋结构,6,0.010488226965231528
求助+咨询,民生基础需求,城市更新,违规建（构）筑物,违法搭建（已建成）,96,0.16781163144370445
求助+咨询,民生基础需求,城市更新,违规建（构）筑物,违法搭建（正在或即将进行）,18,0.03146468089569458
求助+咨询,民生基础需求,市政管网,供气服务,燃气气压问题投诉,2,0.003496075655077176
求助+咨询,民生基础需求,市政管网,供水服务,水压问题投诉,21,0.036708794378310344
求助+咨询,民生基础需求,市政管网,供水服务,水质问题投诉,20,0.03496075655077176
求助+咨询,民生基础需求,施工管理,施工管理问题,不文明施工（无围挡、物料乱堆、工地扬尘、存在安全隐患）,99,0.17305574492632023
求助+咨询,民生基础需求,施工管理,施工管理问题,施工造成道路破损,14,0.02447252958554023
求助+咨询,民生基础需求,施工管理,施工管理问题,渣土车道路遗撒,6,0.010488226965231528
求助+咨询,民生基础需求,施工管理,施工管理问题,道路施工遗留障碍,15,0.026220567413078818
求助+咨询,民生基础需求,物业管理,小区管理,下水道破损问题,33,0.0576852483087734
求助+咨询,民生基础需求,物业管理,小区管理,小区停车,157,0.27444193892355834
求助+咨询,民生基础需求,物业管理,小区管理,小区垃圾清运问题,87,0.15207929099585715
求助+咨询,民生基础需求,物业管理,小区管理,小区绿化问题,43,0.07516562658415929
求助+咨询,民生基础需求,环境治理,公厕管理问题,公共厕所、流动厕所不洁,2,0.003496075655077176
求助+咨询,民生基础需求,环境治理,公厕管理问题,公共厕所设施破损,26,0.04544898351600329
求助+咨询,民生基础需求,环境治理,公厕管理问题,公厕指示牌破损,2,0.003496075655077176
求助+咨询,民生基础需求,环境治理,园林绿化设施问题,供水器破损,1,0.001748037827538588
求助+咨询,民生基础需求,环境治理,园林绿化设施问题,古树(维护设施)破损,5,0.00874018913769294
求助+咨询,民生基础需求,环境治理,园林绿化设施问题,护树设施破损,15,0.026220567413078818
求助+咨询,民生基础需求,环境治理,园林绿化设施问题,景观小品破损,10,0.01748037827538588
求助+咨询,民生基础需求,环境治理,园林绿化设施问题,绿化护栏破损,19,0.03321271872323317
求助+咨询,民生基础需求,环境治理,园林绿化设施问题,绿地枯死、杂草丛生、黄土裸露,72,0.12585872358277833
求助+咨询,民生基础需求,环境治理,园林绿化设施问题,花架、花钵缺株、破损,10,0.01748037827538588
求助+咨询,民生基础需求,环境治理,园林绿化设施问题,行道树死株、倒伏、断枝,243,0.42477319209187686
求助+咨询,民生基础需求,环境治理,园林绿化设施问题,街头坐椅破损,9,0.01573234044784729
求助+咨询,民生基础需求,环境治理,园林绿化设施问题,雕塑破损,1,0.001748037827538588
求助+咨询,民生基础需求,环境治理,园林绿化设施问题,非法占用绿地、损毁植被,12,0.020976453930463056
求助+咨询,民生基础需求,环境治理,垃圾清理及环卫设施问题,动物尸体清理,13,0.022724491758001644
求助+咨询,民生基础需求,环境治理,垃圾清理及环卫设施问题,动物粪便清理,5,0.00874018913769294
求助+咨询,民生基础需求,环境治理,垃圾清理及环卫设施问题,垃圾中转站破损、脏污、异味,4,0.006992151310154352
求助+咨询,民生基础需求,环境治理,垃圾清理及环卫设施问题,垃圾收集设施满溢,12,0.020976453930463056
求助+咨询,民生基础需求,环境治理,垃圾清理及环卫设施问题,垃圾间（房）破损、脏污、异味,9,0.01573234044784729
求助+咨询,民生基础需求,环境治理,垃圾清理及环卫设施问题,废弃家具杂物,250,0.437009456884647
求助+咨询,民生基础需求,环境治理,垃圾清理及环卫设施问题,暴露生活垃圾,106,0.18529200971909032
求助+咨询,民生基础需求,环境治理,垃圾清理及环卫设施问题,果皮箱、分类垃圾桶破损、脏污、异味,36,0.06292936179138917
求助+咨询,民生基础需求,环境治理,垃圾清理及环卫设施问题,水域及周边不洁,3,0.005244113482615764
求助+咨询,民生基础需求,环境治理,垃圾清理及环卫设施问题,生活垃圾清运车辆管理,17,0.029716643068155992
求助+咨询,民生基础需求,环境治理,垃圾清理及环卫设施问题,积存建筑垃圾渣土,60,0.10488226965231527
求助+咨询,民生基础需求,环境治理,垃圾清理及环卫设施问题,绿地不洁,7,0.012236264792770115
求助+咨询,民生基础需求,环境治理,垃圾清理及环卫设施问题,路面不洁、积灰、积油,35,0.06118132396385058
求助+咨询,民生基础需求,环境治理,垃圾清理及环卫设施问题,集贸市场环境卫生问题,2,0.003496075655077176
求助+咨询,民生基础需求,环境治理,环境污染纠纷,违规排放水污染物,3,0.005244113482615764
求助+咨询,民生基础需求,街面秩序,立面管理问题,沿街立面脏、缺、损,18,0.03146468089569458
求助+咨询,民生基础需求,街面秩序,立面管理问题,立面违规安装设施,3,0.005244113482615764
求助+咨询,民生基础需求,街面秩序,街面秩序管理问题,油烟污染,25,0.0437009456884647
求助+咨询,民生基础需求,街面秩序,街面秩序管理问题,电子显示屏、景观灯、施工场地灯光等光污染,12,0.020976453930463056
求助+咨询,民生基础需求,街面秩序,街面秩序管理问题,违法排放污水,9,0.01573234044784729
求助+咨询,民生基础需求,街面秩序,违规广告及广告牌破损,户外广告（含霓虹灯、电子显示屏、灯箱广告等）破损,12,0.020976453930463056
求助+咨询,民生基础需求,街面秩序,违规广告及广告牌破损,违规大型户外广告,6,0.010488226965231528
求助+咨询,民生基础需求,街面秩序,违规广告及广告牌破损,违规设置条幅、灯箱、牌匾等其他广告,6,0.010488226965231528
求助+咨询,民生基础需求,街面秩序,违规广告及广告牌破损,门头、招牌破损,37,0.06467739961892775
求助+咨询,民生基础需求,街面秩序,违规广告及广告牌破损,非法涂写张贴小广告,5,0.00874018913769294
