排序,社区,安全-市政管网,安全-安全消防,安全-住房,安全-交通,民生-公服设施,民生-住房,民生-环境治理,民生-停车设施,民生-交通设施,民生-城市更新,民生-物业街面,安全-市政管网%,安全-安全消防%,安全-住房%,安全-交通%,民生-公服设施%,民生-住房%,民生-环境治理%,民生-停车设施%,民生-交通设施%,民生-城市更新%,民生-物业街面%,总点数,总占比%
1,深圳路社区,18,30,30,0,8,18,0,6,2,0,1,0.68,1.14,1.14,0.0,0.3,0.68,0.0,0.23,0.08,0.0,0.04,113,4.28
2,西峡社区,15,25,42,0,6,2,0,5,0,0,2,0.57,0.95,1.59,0.0,0.23,0.08,0.0,0.19,0.0,0.0,0.08,97,3.67
3,金安岭社区,19,14,40,0,5,0,0,5,3,0,0,0.72,0.53,1.51,0.0,0.19,0.0,0.0,0.19,0.11,0.0,0.0,86,3.26
3,镇境山社区,21,16,30,0,6,3,0,8,1,0,1,0.79,0.61,1.14,0.0,0.23,0.11,0.0,0.3,0.04,0.0,0.04,86,3.26
5,幸福路社区,5,13,30,0,7,0,0,11,3,0,3,0.19,0.49,1.14,0.0,0.26,0.0,0.0,0.42,0.11,0.0,0.11,72,2.73
6,新隆康路社区,8,11,28,0,6,3,0,3,4,0,5,0.3,0.42,1.06,0.0,0.23,0.11,0.0,0.11,0.15,0.0,0.19,68,2.57
7,果园路社区,9,1,15,0,8,0,0,10,0,0,16,0.34,0.04,0.57,0.0,0.3,0.0,0.0,0.38,0.0,0.0,0.61,59,2.23
8,二马路社区,3,1,21,0,21,0,0,3,0,0,8,0.11,0.04,0.79,0.0,0.79,0.0,0.0,0.11,0.0,0.0,0.3,57,2.16
9,桥北社区,4,6,7,0,11,10,0,6,0,0,3,0.15,0.23,0.26,0.0,0.42,0.38,0.0,0.23,0.0,0.0,0.11,47,1.78
11,营盘路社区,0,0,0,0,13,0,0,23,0,0,10,0.0,0.0,0.0,0.0,0.49,0.0,0.0,0.87,0.0,0.0,0.38,46,1.74
11,香锦社区,3,0,10,0,13,0,0,14,2,0,4,0.11,0.0,0.38,0.0,0.49,0.0,0.0,0.53,0.08,0.0,0.15,46,1.74
11,丫口社区,13,7,7,0,12,2,0,1,0,0,4,0.49,0.26,0.26,0.0,0.45,0.08,0.0,0.04,0.0,0.0,0.15,46,1.74
13,东门外正街社区,0,22,0,0,5,0,0,10,0,0,2,0.0,0.83,0.0,0.0,0.19,0.0,0.0,0.38,0.0,0.0,0.08,39,1.48
13,宝联社区,0,0,3,0,11,0,0,0,0,0,25,0.0,0.0,0.11,0.0,0.42,0.0,0.0,0.0,0.0,0.0,0.95,39,1.48
15,铁路坝社区,0,2,2,0,13,0,0,16,1,0,3,0.0,0.08,0.08,0.0,0.49,0.0,0.0,0.61,0.04,0.0,0.11,37,1.4
15,绿萝路社区,2,13,6,0,7,0,0,8,0,0,1,0.08,0.49,0.23,0.0,0.26,0.0,0.0,0.3,0.0,0.0,0.04,37,1.4
17,镇平路社区,2,3,9,0,10,6,0,5,0,0,1,0.08,0.11,0.34,0.0,0.38,0.23,0.0,0.19,0.0,0.0,0.04,36,1.36
17,沙河社区,0,0,0,0,36,0,0,0,0,0,0,0.0,0.0,0.0,0.0,1.36,0.0,0.0,0.0,0.0,0.0,0.0,36,1.36
19,桃花岭社区,0,1,14,0,5,0,0,8,0,0,7,0.0,0.04,0.53,0.0,0.19,0.0,0.0,0.3,0.0,0.0,0.26,35,1.32
20,桔城路社区,6,12,2,0,8,0,0,0,2,0,4,0.23,0.45,0.08,0.0,0.3,0.0,0.0,0.0,0.08,0.0,0.15,34,1.29
20,环城东路社区,2,0,19,0,6,0,0,3,0,0,4,0.08,0.0,0.72,0.0,0.23,0.0,0.0,0.11,0.0,0.0,0.15,34,1.29
23,杨岔路社区,1,0,2,0,12,1,0,5,0,0,12,0.04,0.0,0.08,0.0,0.45,0.04,0.0,0.19,0.0,0.0,0.45,33,1.25
23,东湖社区,0,6,11,0,9,7,0,0,0,0,0,0.0,0.23,0.42,0.0,0.34,0.26,0.0,0.0,0.0,0.0,0.0,33,1.25
23,常家湾社区,2,0,12,0,6,1,0,10,0,0,2,0.08,0.0,0.45,0.0,0.23,0.04,0.0,0.38,0.0,0.0,0.08,33,1.25
25,王家河社区,0,14,3,0,8,0,0,2,0,0,4,0.0,0.53,0.11,0.0,0.3,0.0,0.0,0.08,0.0,0.0,0.15,31,1.17
25,刘家大堰社区,14,0,6,0,7,0,0,4,0,0,0,0.53,0.0,0.23,0.0,0.26,0.0,0.0,0.15,0.0,0.0,0.0,31,1.17
27,体育场路社区,0,3,1,0,12,0,0,11,0,0,2,0.0,0.11,0.04,0.0,0.45,0.0,0.0,0.42,0.0,0.0,0.08,29,1.1
28,赵家湾社区,2,1,10,0,3,0,0,7,0,0,5,0.08,0.04,0.38,0.0,0.11,0.0,0.0,0.26,0.0,0.0,0.19,28,1.06
29,合益路社区,0,0,18,0,8,0,0,1,0,0,0,0.0,0.0,0.68,0.0,0.3,0.0,0.0,0.04,0.0,0.0,0.0,27,1.02
29,清波路社区,1,4,10,0,10,0,0,1,0,0,1,0.04,0.15,0.38,0.0,0.38,0.0,0.0,0.04,0.0,0.0,0.04,27,1.02
31,樵湖岭社区,9,1,0,0,5,0,0,6,0,0,5,0.34,0.04,0.0,0.0,0.19,0.0,0.0,0.23,0.0,0.0,0.19,26,0.98
31,韩家坝社区,4,4,3,0,9,0,0,3,0,0,3,0.15,0.15,0.11,0.0,0.34,0.0,0.0,0.11,0.0,0.0,0.11,26,0.98
34,枫香树社区,0,0,0,0,25,0,0,0,0,0,0,0.0,0.0,0.0,0.0,0.95,0.0,0.0,0.0,0.0,0.0,0.0,25,0.95
34,胜利二路社区,0,6,0,0,16,0,0,1,0,0,2,0.0,0.23,0.0,0.0,0.61,0.0,0.0,0.04,0.0,0.0,0.08,25,0.95
34,气象台社区,1,0,0,0,15,0,0,3,0,0,6,0.04,0.0,0.0,0.0,0.57,0.0,0.0,0.11,0.0,0.0,0.23,25,0.95
38,肖家岗社区,0,0,14,0,5,0,0,3,1,0,1,0.0,0.0,0.53,0.0,0.19,0.0,0.0,0.11,0.04,0.0,0.04,24,0.91
38,尚书巷社区,0,2,1,0,16,0,0,0,0,0,5,0.0,0.08,0.04,0.0,0.61,0.0,0.0,0.0,0.0,0.0,0.19,24,0.91
38,旭光村,0,0,0,0,24,0,0,0,0,0,0,0.0,0.0,0.0,0.0,0.91,0.0,0.0,0.0,0.0,0.0,0.0,24,0.91
38,城东社区,4,0,4,0,8,0,0,1,0,0,7,0.15,0.0,0.15,0.0,0.3,0.0,0.0,0.04,0.0,0.0,0.26,24,0.91
38,汕头路社区,4,5,5,0,9,0,0,1,0,0,0,0.15,0.19,0.19,0.0,0.34,0.0,0.0,0.04,0.0,0.0,0.0,24,0.91
41,建设社区,0,0,0,0,14,0,0,0,0,0,9,0.0,0.0,0.0,0.0,0.53,0.0,0.0,0.0,0.0,0.0,0.34,23,0.87
42,夷陵路社区,0,0,10,0,5,0,0,2,0,0,5,0.0,0.0,0.38,0.0,0.19,0.0,0.0,0.08,0.0,0.0,0.19,22,0.83
42,花艳社区,0,0,0,0,21,0,0,0,0,0,1,0.0,0.0,0.0,0.0,0.79,0.0,0.0,0.0,0.0,0.0,0.04,22,0.83
44,港务社区,0,0,2,0,4,7,0,1,0,0,7,0.0,0.0,0.08,0.0,0.15,0.26,0.0,0.04,0.0,0.0,0.26,21,0.79
46,甲街社区,0,0,0,0,19,1,0,0,0,0,0,0.0,0.0,0.0,0.0,0.72,0.04,0.0,0.0,0.0,0.0,0.0,20,0.76
46,胜利四路社区,1,0,5,0,5,0,0,4,0,0,5,0.04,0.0,0.19,0.0,0.19,0.0,0.0,0.15,0.0,0.0,0.19,20,0.76
46,长樵溪社区,0,0,1,0,16,0,0,3,0,0,0,0.0,0.0,0.04,0.0,0.61,0.0,0.0,0.11,0.0,0.0,0.0,20,0.76
48,苏家榜社区,4,4,0,0,6,2,0,2,0,0,1,0.15,0.15,0.0,0.0,0.23,0.08,0.0,0.08,0.0,0.0,0.04,19,0.72
48,南苑社区,0,0,0,0,13,0,0,3,0,0,3,0.0,0.0,0.0,0.0,0.49,0.0,0.0,0.11,0.0,0.0,0.11,19,0.72
51,峡州社区,0,0,0,0,11,0,0,5,0,0,1,0.0,0.0,0.0,0.0,0.42,0.0,0.0,0.19,0.0,0.0,0.04,17,0.64
51,解放路社区,0,0,0,0,15,0,0,1,0,0,1,0.0,0.0,0.0,0.0,0.57,0.0,0.0,0.04,0.0,0.0,0.04,17,0.64
51,小林园社区,0,0,3,0,8,0,0,0,0,0,6,0.0,0.0,0.11,0.0,0.3,0.0,0.0,0.0,0.0,0.0,0.23,17,0.64
55,张家坡社区,0,0,1,0,14,0,0,0,0,0,1,0.0,0.0,0.04,0.0,0.53,0.0,0.0,0.0,0.0,0.0,0.04,16,0.61
55,上导堤社区,0,0,0,0,10,1,0,2,1,0,2,0.0,0.0,0.0,0.0,0.38,0.04,0.0,0.08,0.04,0.0,0.08,16,0.61
55,山庄路社区,0,1,0,0,5,3,0,5,1,0,1,0.0,0.04,0.0,0.0,0.19,0.11,0.0,0.19,0.04,0.0,0.04,16,0.61
55,石子岭社区,4,0,2,0,7,1,0,0,0,0,2,0.15,0.0,0.08,0.0,0.26,0.04,0.0,0.0,0.0,0.0,0.08,16,0.61
55,白沙路社区,0,0,0,0,11,0,0,1,0,0,4,0.0,0.0,0.0,0.0,0.42,0.0,0.0,0.04,0.0,0.0,0.15,16,0.61
55,合益村,0,0,0,0,16,0,0,0,0,0,0,0.0,0.0,0.0,0.0,0.61,0.0,0.0,0.0,0.0,0.0,0.0,16,0.61
60,汉宜村,0,0,0,0,15,0,0,0,0,0,0,0.0,0.0,0.0,0.0,0.57,0.0,0.0,0.0,0.0,0.0,0.0,15,0.57
60,黄河路社区,0,0,3,0,7,0,0,1,0,0,4,0.0,0.0,0.11,0.0,0.26,0.0,0.0,0.04,0.0,0.0,0.15,15,0.57
60,金斗山社区,0,0,0,0,15,0,0,0,0,0,0,0.0,0.0,0.0,0.0,0.57,0.0,0.0,0.0,0.0,0.0,0.0,15,0.57
60,土街头社区,0,1,8,0,4,0,0,2,0,0,0,0.0,0.04,0.3,0.0,0.15,0.0,0.0,0.08,0.0,0.0,0.0,15,0.57
66,中书街社区,1,0,4,0,8,0,0,0,0,0,1,0.04,0.0,0.15,0.0,0.3,0.0,0.0,0.0,0.0,0.0,0.04,14,0.53
66,张家店社区,0,0,0,0,2,0,0,0,0,0,12,0.0,0.0,0.0,0.0,0.08,0.0,0.0,0.0,0.0,0.0,0.45,14,0.53
66,青岛路社区,0,0,1,0,10,0,0,3,0,0,0,0.0,0.0,0.04,0.0,0.38,0.0,0.0,0.11,0.0,0.0,0.0,14,0.53
66,共和村,0,0,0,0,14,0,0,0,0,0,0,0.0,0.0,0.0,0.0,0.53,0.0,0.0,0.0,0.0,0.0,0.0,14,0.53
66,珠海路社区,0,1,1,0,10,0,0,2,0,0,0,0.0,0.04,0.04,0.0,0.38,0.0,0.0,0.08,0.0,0.0,0.0,14,0.53
66,船柴社区,0,3,0,0,10,0,0,1,0,0,0,0.0,0.11,0.0,0.0,0.38,0.0,0.0,0.04,0.0,0.0,0.0,14,0.53
66,白龙井社区,0,0,0,0,11,0,0,0,0,0,3,0.0,0.0,0.0,0.0,0.42,0.0,0.0,0.0,0.0,0.0,0.11,14,0.53
71,万达社区,0,0,0,0,8,0,0,0,0,0,5,0.0,0.0,0.0,0.0,0.3,0.0,0.0,0.0,0.0,0.0,0.19,13,0.49
71,朝阳路社区,2,1,4,0,3,0,0,3,0,0,0,0.08,0.04,0.15,0.0,0.11,0.0,0.0,0.11,0.0,0.0,0.0,13,0.49
71,白家冲社区,0,0,0,0,13,0,0,0,0,0,0,0.0,0.0,0.0,0.0,0.49,0.0,0.0,0.0,0.0,0.0,0.0,13,0.49
71,学堂湾社区,1,0,2,0,4,0,0,2,0,0,4,0.04,0.0,0.08,0.0,0.15,0.0,0.0,0.08,0.0,0.0,0.15,13,0.49
75,夜明珠社区,0,0,4,0,6,0,0,0,0,0,2,0.0,0.0,0.15,0.0,0.23,0.0,0.0,0.0,0.0,0.0,0.08,12,0.45
75,北山坡社区,1,2,2,0,2,0,0,4,0,0,1,0.04,0.08,0.08,0.0,0.08,0.0,0.0,0.15,0.0,0.0,0.04,12,0.45
75,王家坝社区,0,0,0,0,12,0,0,0,0,0,0,0.0,0.0,0.0,0.0,0.45,0.0,0.0,0.0,0.0,0.0,0.0,12,0.45
75,茶庵社区,0,0,0,0,12,0,0,0,0,0,0,0.0,0.0,0.0,0.0,0.45,0.0,0.0,0.0,0.0,0.0,0.0,12,0.45
82,伍临路社区,0,0,0,0,4,0,0,3,0,0,4,0.0,0.0,0.0,0.0,0.15,0.0,0.0,0.11,0.0,0.0,0.15,11,0.42
82,四方堰社区,0,0,2,0,2,0,0,2,1,0,4,0.0,0.0,0.08,0.0,0.08,0.0,0.0,0.08,0.04,0.0,0.15,11,0.42
82,翁家堰社区,0,0,1,0,2,0,0,0,0,0,8,0.0,0.0,0.04,0.0,0.08,0.0,0.0,0.0,0.0,0.0,0.3,11,0.42
82,英雄山社区,0,0,2,0,7,2,0,0,0,0,0,0.0,0.0,0.08,0.0,0.26,0.08,0.0,0.0,0.0,0.0,0.0,11,0.42
82,墨池巷社区,2,2,0,0,6,0,0,0,0,0,1,0.08,0.08,0.0,0.0,0.23,0.0,0.0,0.0,0.0,0.0,0.04,11,0.42
82,望洲社区,0,0,0,0,8,0,0,2,1,0,0,0.0,0.0,0.0,0.0,0.3,0.0,0.0,0.08,0.04,0.0,0.0,11,0.42
82,中南路社区,0,0,0,0,11,0,0,0,0,0,0,0.0,0.0,0.0,0.0,0.42,0.0,0.0,0.0,0.0,0.0,0.0,11,0.42
82,古塔社区,0,0,0,0,9,0,0,2,0,0,0,0.0,0.0,0.0,0.0,0.34,0.0,0.0,0.08,0.0,0.0,0.0,11,0.42
82,长江社区,2,0,1,0,5,0,0,1,0,0,2,0.08,0.0,0.04,0.0,0.19,0.0,0.0,0.04,0.0,0.0,0.08,11,0.42
88,张家湾社区,0,0,0,0,10,0,0,0,0,0,0,0.0,0.0,0.0,0.0,0.38,0.0,0.0,0.0,0.0,0.0,0.0,10,0.38
88,东站路社区,0,0,0,0,10,0,0,0,0,0,0,0.0,0.0,0.0,0.0,0.38,0.0,0.0,0.0,0.0,0.0,0.0,10,0.38
88,魏家湾社区,0,0,0,0,10,0,0,0,0,0,0,0.0,0.0,0.0,0.0,0.38,0.0,0.0,0.0,0.0,0.0,0.0,10,0.38
92,白马山社区,0,0,4,0,4,0,0,1,0,0,0,0.0,0.0,0.15,0.0,0.15,0.0,0.0,0.04,0.0,0.0,0.0,9,0.34
92,东山花园社区,0,0,0,0,7,0,0,1,0,0,1,0.0,0.0,0.0,0.0,0.26,0.0,0.0,0.04,0.0,0.0,0.04,9,0.34
92,大学路社区,1,0,0,0,2,0,0,6,0,0,0,0.04,0.0,0.0,0.0,0.08,0.0,0.0,0.23,0.0,0.0,0.0,9,0.34
92,光明路社区,1,1,4,0,2,0,0,1,0,0,0,0.04,0.04,0.15,0.0,0.08,0.0,0.0,0.04,0.0,0.0,0.0,9,0.34
92,大堰湾社区,0,0,0,0,8,0,0,0,0,0,1,0.0,0.0,0.0,0.0,0.3,0.0,0.0,0.0,0.0,0.0,0.04,9,0.34
95,金家台社区,0,1,1,0,4,0,0,0,0,0,2,0.0,0.04,0.04,0.0,0.15,0.0,0.0,0.0,0.0,0.0,0.08,8,0.3
95,火光村,0,0,0,0,8,0,0,0,0,0,0,0.0,0.0,0.0,0.0,0.3,0.0,0.0,0.0,0.0,0.0,0.0,8,0.3
100,临江溪社区,0,0,0,0,7,0,0,0,0,0,0,0.0,0.0,0.0,0.0,0.26,0.0,0.0,0.0,0.0,0.0,0.0,7,0.26
100,八一路社区,0,0,1,0,6,0,0,0,0,0,0,0.0,0.0,0.04,0.0,0.23,0.0,0.0,0.0,0.0,0.0,0.0,7,0.26
100,共强村,0,0,0,0,7,0,0,0,0,0,0,0.0,0.0,0.0,0.0,0.26,0.0,0.0,0.0,0.0,0.0,0.0,7,0.26
100,共谊村,0,0,0,0,7,0,0,0,0,0,0,0.0,0.0,0.0,0.0,0.26,0.0,0.0,0.0,0.0,0.0,0.0,7,0.26
100,胡家冲社区,0,0,0,0,7,0,0,0,0,0,0,0.0,0.0,0.0,0.0,0.26,0.0,0.0,0.0,0.0,0.0,0.0,7,0.26
100,叶家坝社区,0,0,4,0,3,0,0,0,0,0,0,0.0,0.0,0.15,0.0,0.11,0.0,0.0,0.0,0.0,0.0,0.0,7,0.26
100,大树湾社区,0,0,0,0,7,0,0,0,0,0,0,0.0,0.0,0.0,0.0,0.26,0.0,0.0,0.0,0.0,0.0,0.0,7,0.26
100,环城北路社区,0,0,1,0,3,0,0,0,0,0,3,0.0,0.0,0.04,0.0,0.11,0.0,0.0,0.0,0.0,0.0,0.11,7,0.26
111,平湖馨苑社区,0,0,0,0,5,0,0,1,0,0,0,0.0,0.0,0.0,0.0,0.19,0.0,0.0,0.04,0.0,0.0,0.0,6,0.23
111,徐家坝社区,0,0,0,0,5,0,0,0,0,0,1,0.0,0.0,0.0,0.0,0.19,0.0,0.0,0.0,0.0,0.0,0.04,6,0.23
111,艾家嘴社区,0,0,2,0,2,0,0,0,0,0,2,0.0,0.0,0.08,0.0,0.08,0.0,0.0,0.0,0.0,0.0,0.08,6,0.23
111,唐家湾社区,0,0,0,0,6,0,0,0,0,0,0,0.0,0.0,0.0,0.0,0.23,0.0,0.0,0.0,0.0,0.0,0.0,6,0.23
111,土城路社区,0,0,0,0,6,0,0,0,0,0,0,0.0,0.0,0.0,0.0,0.23,0.0,0.0,0.0,0.0,0.0,0.0,6,0.23
111,东山社区,0,0,0,0,6,0,0,0,0,0,0,0.0,0.0,0.0,0.0,0.23,0.0,0.0,0.0,0.0,0.0,0.0,6,0.23
111,李家湖社区,0,0,0,0,6,0,0,0,0,0,0,0.0,0.0,0.0,0.0,0.23,0.0,0.0,0.0,0.0,0.0,0.0,6,0.23
111,江山社区,0,0,0,0,4,0,0,2,0,0,0,0.0,0.0,0.0,0.0,0.15,0.0,0.0,0.08,0.0,0.0,0.0,6,0.23
111,东艳路社区,0,0,4,0,2,0,0,0,0,0,0,0.0,0.0,0.15,0.0,0.08,0.0,0.0,0.0,0.0,0.0,0.0,6,0.23
111,沈家店社区,0,0,0,0,6,0,0,0,0,0,0,0.0,0.0,0.0,0.0,0.23,0.0,0.0,0.0,0.0,0.0,0.0,6,0.23
111,岳湾路社区,0,0,0,0,5,0,0,0,0,0,1,0.0,0.0,0.0,0.0,0.19,0.0,0.0,0.0,0.0,0.0,0.04,6,0.23
111,岳家冲社区,0,0,0,0,6,0,0,0,0,0,0,0.0,0.0,0.0,0.0,0.23,0.0,0.0,0.0,0.0,0.0,0.0,6,0.23
111,锦绣社区,0,0,0,0,6,0,0,0,0,0,0,0.0,0.0,0.0,0.0,0.23,0.0,0.0,0.0,0.0,0.0,0.0,6,0.23
119,石板溪社区,0,0,0,0,2,0,0,0,0,0,3,0.0,0.0,0.0,0.0,0.08,0.0,0.0,0.0,0.0,0.0,0.11,5,0.19
119,常刘路社区,0,0,0,0,3,0,0,0,1,0,1,0.0,0.0,0.0,0.0,0.11,0.0,0.0,0.0,0.04,0.0,0.04,5,0.19
119,竹涛山社区,0,0,0,0,4,0,0,0,0,0,1,0.0,0.0,0.0,0.0,0.15,0.0,0.0,0.0,0.0,0.0,0.04,5,0.19
123,东星社区,0,0,0,0,4,0,0,0,0,0,0,0.0,0.0,0.0,0.0,0.15,0.0,0.0,0.0,0.0,0.0,0.0,4,0.15
123,共升村,0,0,0,0,4,0,0,0,0,0,0,0.0,0.0,0.0,0.0,0.15,0.0,0.0,0.0,0.0,0.0,0.0,4,0.15
123,联丰村,0,0,0,0,4,0,0,0,0,0,0,0.0,0.0,0.0,0.0,0.15,0.0,0.0,0.0,0.0,0.0,0.0,4,0.15
123,山河园路社区,0,0,1,0,1,0,0,1,0,0,1,0.0,0.0,0.04,0.0,0.04,0.0,0.0,0.04,0.0,0.0,0.04,4,0.15
123,后坪社区,0,0,0,0,4,0,0,0,0,0,0,0.0,0.0,0.0,0.0,0.15,0.0,0.0,0.0,0.0,0.0,0.0,4,0.15
127,共勤村,0,0,0,0,3,0,0,0,0,0,0,0.0,0.0,0.0,0.0,0.11,0.0,0.0,0.0,0.0,0.0,0.0,3,0.11
127,柏临河路社区,0,0,0,0,2,0,0,0,0,0,1,0.0,0.0,0.0,0.0,0.08,0.0,0.0,0.0,0.0,0.0,0.04,3,0.11
127,共前村,0,0,0,0,3,0,0,0,0,0,0,0.0,0.0,0.0,0.0,0.11,0.0,0.0,0.0,0.0,0.0,0.0,3,0.11
131,廖家湾社区,0,0,0,0,2,0,0,0,0,0,0,0.0,0.0,0.0,0.0,0.08,0.0,0.0,0.0,0.0,0.0,0.0,2,0.08
131,白沙脑社区,0,0,0,0,2,0,0,0,0,0,0,0.0,0.0,0.0,0.0,0.08,0.0,0.0,0.0,0.0,0.0,0.0,2,0.08
131,东方社区,0,0,0,0,2,0,0,0,0,0,0,0.0,0.0,0.0,0.0,0.08,0.0,0.0,0.0,0.0,0.0,0.0,2,0.08
131,鑫鼎社区,0,0,0,0,2,0,0,0,0,0,0,0.0,0.0,0.0,0.0,0.08,0.0,0.0,0.0,0.0,0.0,0.0,2,0.08
131,三峡物流园社区,0,0,0,0,2,0,0,0,0,0,0,0.0,0.0,0.0,0.0,0.08,0.0,0.0,0.0,0.0,0.0,0.0,2,0.08
135,龙盘湖社区,0,0,0,0,0,0,0,0,0,0,1,0.0,0.0,0.0,0.0,0.0,0.0,0.0,0.0,0.0,0.0,0.04,1,0.04
135,金巴岭社区,0,0,0,0,1,0,0,0,0,0,0,0.0,0.0,0.0,0.0,0.04,0.0,0.0,0.0,0.0,0.0,0.0,1,0.04
135,土门村,0,0,0,0,1,0,0,0,0,0,0,0.0,0.0,0.0,0.0,0.04,0.0,0.0,0.0,0.0,0.0,0.0,1,0.04
135,福久源社区,0,0,0,0,1,0,0,0,0,0,0,0.0,0.0,0.0,0.0,0.04,0.0,0.0,0.0,0.0,0.0,0.0,1,0.04
165,松林路社区,0,0,0,0,0,0,0,0,0,0,0,0.0,0.0,0.0,0.0,0.0,0.0,0.0,0.0,0.0,0.0,0.0,0,0.0
165,花溪路社区,0,0,0,0,0,0,0,0,0,0,0,0.0,0.0,0.0,0.0,0.0,0.0,0.0,0.0,0.0,0.0,0.0,0,0.0
165,车站村,0,0,0,0,0,0,0,0,0,0,0,0.0,0.0,0.0,0.0,0.0,0.0,0.0,0.0,0.0,0.0,0.0,0,0.0
165,前坪村,0,0,0,0,0,0,0,0,0,0,0,0.0,0.0,0.0,0.0,0.0,0.0,0.0,0.0,0.0,0.0,0.0,0,0.0
165,共联村,0,0,0,0,0,0,0,0,0,0,0,0.0,0.0,0.0,0.0,0.0,0.0,0.0,0.0,0.0,0.0,0.0,0,0.0
165,东锦苑社区,0,0,0,0,0,0,0,0,0,0,0,0.0,0.0,0.0,0.0,0.0,0.0,0.0,0.0,0.0,0.0,0.0,0,0.0
165,梅花村,0,0,0,0,0,0,0,0,0,0,0,0.0,0.0,0.0,0.0,0.0,0.0,0.0,0.0,0.0,0.0,0.0,0,0.0
165,灵宝村,0,0,0,0,0,0,0,0,0,0,0,0.0,0.0,0.0,0.0,0.0,0.0,0.0,0.0,0.0,0.0,0.0,0,0.0
165,临江坪社区,0,0,0,0,0,0,0,0,0,0,0,0.0,0.0,0.0,0.0,0.0,0.0,0.0,0.0,0.0,0.0,0.0,0,0.0
165,南湾村,0,0,0,0,0,0,0,0,0,0,0,0.0,0.0,0.0,0.0,0.0,0.0,0.0,0.0,0.0,0.0,0.0,0,0.0
165,共同村,0,0,0,0,0,0,0,0,0,0,0,0.0,0.0,0.0,0.0,0.0,0.0,0.0,0.0,0.0,0.0,0.0,0,0.0
165,石板社区,0,0,0,0,0,0,0,0,0,0,0,0.0,0.0,0.0,0.0,0.0,0.0,0.0,0.0,0.0,0.0,0.0,0,0.0
165,黑虎山社区,0,0,0,0,0,0,0,0,0,0,0,0.0,0.0,0.0,0.0,0.0,0.0,0.0,0.0,0.0,0.0,0.0,0,0.0
165,蔡家畈社区,0,0,0,0,0,0,0,0,0,0,0,0.0,0.0,0.0,0.0,0.0,0.0,0.0,0.0,0.0,0.0,0.0,0,0.0
165,朝阳社区,0,0,0,0,0,0,0,0,0,0,0,0.0,0.0,0.0,0.0,0.0,0.0,0.0,0.0,0.0,0.0,0.0,0,0.0
165,丁家坝社区,0,0,0,0,0,0,0,0,0,0,0,0.0,0.0,0.0,0.0,0.0,0.0,0.0,0.0,0.0,0.0,0.0,0,0.0
165,东城社区,0,0,0,0,0,0,0,0,0,0,0,0.0,0.0,0.0,0.0,0.0,0.0,0.0,0.0,0.0,0.0,0.0,0,0.0
165,冯家湾社区,0,0,0,0,0,0,0,0,0,0,0,0.0,0.0,0.0,0.0,0.0,0.0,0.0,0.0,0.0,0.0,0.0,0,0.0
165,港虹社区,0,0,0,0,0,0,0,0,0,0,0,0.0,0.0,0.0,0.0,0.0,0.0,0.0,0.0,0.0,0.0,0.0,0,0.0
165,古老背社区,0,0,0,0,0,0,0,0,0,0,0,0.0,0.0,0.0,0.0,0.0,0.0,0.0,0.0,0.0,0.0,0.0,0,0.0
165,红光社区,0,0,0,0,0,0,0,0,0,0,0,0.0,0.0,0.0,0.0,0.0,0.0,0.0,0.0,0.0,0.0,0.0,0,0.0
165,虎牙社区,0,0,0,0,0,0,0,0,0,0,0,0.0,0.0,0.0,0.0,0.0,0.0,0.0,0.0,0.0,0.0,0.0,0,0.0
165,黄金卡社区,0,0,0,0,0,0,0,0,0,0,0,0.0,0.0,0.0,0.0,0.0,0.0,0.0,0.0,0.0,0.0,0.0,0,0.0
165,黄龙寺社区,0,0,0,0,0,0,0,0,0,0,0,0.0,0.0,0.0,0.0,0.0,0.0,0.0,0.0,0.0,0.0,0.0,0,0.0
165,鸡山社区,0,0,0,0,0,0,0,0,0,0,0,0.0,0.0,0.0,0.0,0.0,0.0,0.0,0.0,0.0,0.0,0.0,0,0.0
165,锦湖社区,0,0,0,0,0,0,0,0,0,0,0,0.0,0.0,0.0,0.0,0.0,0.0,0.0,0.0,0.0,0.0,0.0,0,0.0
165,锦江社区,0,0,0,0,0,0,0,0,0,0,0,0.0,0.0,0.0,0.0,0.0,0.0,0.0,0.0,0.0,0.0,0.0,0,0.0
165,锦云社区,0,0,0,0,0,0,0,0,0,0,0,0.0,0.0,0.0,0.0,0.0,0.0,0.0,0.0,0.0,0.0,0.0,0,0.0
165,六泉湖社区,0,0,0,0,0,0,0,0,0,0,0,0.0,0.0,0.0,0.0,0.0,0.0,0.0,0.0,0.0,0.0,0.0,0,0.0
165,绿洲社区,0,0,0,0,0,0,0,0,0,0,0,0.0,0.0,0.0,0.0,0.0,0.0,0.0,0.0,0.0,0.0,0.0,0,0.0
165,梅子溪社区,0,0,0,0,0,0,0,0,0,0,0,0.0,0.0,0.0,0.0,0.0,0.0,0.0,0.0,0.0,0.0,0.0,0,0.0
165,磨盘社区,0,0,0,0,0,0,0,0,0,0,0,0.0,0.0,0.0,0.0,0.0,0.0,0.0,0.0,0.0,0.0,0.0,0,0.0
165,南津关社区,0,0,0,0,0,0,0,0,0,0,0,0.0,0.0,0.0,0.0,0.0,0.0,0.0,0.0,0.0,0.0,0.0,0,0.0
165,平湖社区,0,0,0,0,0,0,0,0,0,0,0,0.0,0.0,0.0,0.0,0.0,0.0,0.0,0.0,0.0,0.0,0.0,0,0.0
165,平云社区,0,0,0,0,0,0,0,0,0,0,0,0.0,0.0,0.0,0.0,0.0,0.0,0.0,0.0,0.0,0.0,0.0,0,0.0
165,七里新村社区,0,0,0,0,0,0,0,0,0,0,0,0.0,0.0,0.0,0.0,0.0,0.0,0.0,0.0,0.0,0.0,0.0,0,0.0
165,润城社区,0,0,0,0,0,0,0,0,0,0,0,0.0,0.0,0.0,0.0,0.0,0.0,0.0,0.0,0.0,0.0,0.0,0,0.0
165,石板冲社区,0,0,0,0,0,0,0,0,0,0,0,0.0,0.0,0.0,0.0,0.0,0.0,0.0,0.0,0.0,0.0,0.0,0,0.0
165,双桥社区,0,0,0,0,0,0,0,0,0,0,0,0.0,0.0,0.0,0.0,0.0,0.0,0.0,0.0,0.0,0.0,0.0,0,0.0
165,谭家榜社区,0,0,0,0,0,0,0,0,0,0,0,0.0,0.0,0.0,0.0,0.0,0.0,0.0,0.0,0.0,0.0,0.0,0,0.0
165,谭家河社区,0,0,0,0,0,0,0,0,0,0,0,0.0,0.0,0.0,0.0,0.0,0.0,0.0,0.0,0.0,0.0,0.0,0,0.0
165,桐岭社区,0,0,0,0,0,0,0,0,0,0,0,0.0,0.0,0.0,0.0,0.0,0.0,0.0,0.0,0.0,0.0,0.0,0,0.0
165,桐岭新村社区,0,0,0,0,0,0,0,0,0,0,0,0.0,0.0,0.0,0.0,0.0,0.0,0.0,0.0,0.0,0.0,0.0,0,0.0
165,望江社区,0,0,0,0,0,0,0,0,0,0,0,0.0,0.0,0.0,0.0,0.0,0.0,0.0,0.0,0.0,0.0,0.0,0,0.0
165,五龙社区,0,0,0,0,0,0,0,0,0,0,0,0.0,0.0,0.0,0.0,0.0,0.0,0.0,0.0,0.0,0.0,0.0,0,0.0
165,峡江社区,0,0,0,0,0,0,0,0,0,0,0,0.0,0.0,0.0,0.0,0.0,0.0,0.0,0.0,0.0,0.0,0.0,0,0.0
165,下马槽社区,0,0,0,0,0,0,0,0,0,0,0,0.0,0.0,0.0,0.0,0.0,0.0,0.0,0.0,0.0,0.0,0.0,0,0.0
165,新金岭社区,0,0,0,0,0,0,0,0,0,0,0,0.0,0.0,0.0,0.0,0.0,0.0,0.0,0.0,0.0,0.0,0.0,0,0.0
165,兴安社区,0,0,0,0,0,0,0,0,0,0,0,0.0,0.0,0.0,0.0,0.0,0.0,0.0,0.0,0.0,0.0,0.0,0,0.0
165,营盘社区,0,0,0,0,0,0,0,0,0,0,0,0.0,0.0,0.0,0.0,0.0,0.0,0.0,0.0,0.0,0.0,0.0,0,0.0
165,永兴社区,0,0,0,0,0,0,0,0,0,0,0,0.0,0.0,0.0,0.0,0.0,0.0,0.0,0.0,0.0,0.0,0.0,0,0.0
165,云池社区,0,0,0,0,0,0,0,0,0,0,0,0.0,0.0,0.0,0.0,0.0,0.0,0.0,0.0,0.0,0.0,0.0,0,0.0
165,长江市场社区,0,0,0,0,0,0,0,0,0,0,0,0.0,0.0,0.0,0.0,0.0,0.0,0.0,0.0,0.0,0.0,0.0,0,0.0
165,长江新村社区,0,0,0,0,0,0,0,0,0,0,0,0.0,0.0,0.0,0.0,0.0,0.0,0.0,0.0,0.0,0.0,0.0,0,0.0
165,至喜社区,0,0,0,0,0,0,0,0,0,0,0,0.0,0.0,0.0,0.0,0.0,0.0,0.0,0.0,0.0,0.0,0.0,0,0.0
165,朱市街社区,0,0,0,0,0,0,0,0,0,0,0,0.0,0.0,0.0,0.0,0.0,0.0,0.0,0.0,0.0,0.0,0.0,0,0.0
