board,中类,指标,街办,点数,占比
安全韧性底线,市政管网,存在燃气安全隐患的住宅数量（栋）,西坝街办,2,0.3333
安全韧性底线,市政管网,存在燃气安全隐患的住宅数量（栋）,学院街办,2,0.3333
安全韧性底线,市政管网,存在燃气安全隐患的住宅数量（栋）,大公桥街办,2,0.3333
安全韧性底线,市政管网,存在管线管道破损的住宅数量（栋）,夜明珠街办,44,0.2366
安全韧性底线,市政管网,存在管线管道破损的住宅数量（栋）,西陵街办,29,0.1559
安全韧性底线,市政管网,存在管线管道破损的住宅数量（栋）,东苑管理区,22,0.1183
安全韧性底线,市政管网,存在管线管道破损的住宅数量（栋）,西坝街办,21,0.1129
安全韧性底线,市政管网,存在管线管道破损的住宅数量（栋）,葛洲坝街办,20,0.1075
安全韧性底线,市政管网,存在管线管道破损的住宅数量（栋）,云集街办,14,0.0753
安全韧性底线,市政管网,存在管线管道破损的住宅数量（栋）,大公桥街办,8,0.043
安全韧性底线,市政管网,存在管线管道破损的住宅数量（栋）,南苑管理区,7,0.0376
安全韧性底线,市政管网,存在管线管道破损的住宅数量（栋）,伍家岗街办,6,0.0323
安全韧性底线,市政管网,存在管线管道破损的住宅数量（栋）,宝塔河街办,4,0.0215
安全韧性底线,市政管网,存在管线管道破损的住宅数量（栋）,学院街办,4,0.0215
安全韧性底线,市政管网,存在管线管道破损的住宅数量（栋）,北苑管理区,4,0.0215
安全韧性底线,市政管网,存在管线管道破损的住宅数量（栋）,窑湾街办,2,0.0108
安全韧性底线,市政管网,存在管线管道破损的住宅数量（栋）,万寿桥街办,1,0.0054
安全韧性底线,安全消防,存在楼道安全隐患的住宅数量（栋）,东苑管理区,36,0.15
安全韧性底线,安全消防,存在楼道安全隐患的住宅数量（栋）,葛洲坝街办,35,0.1458
安全韧性底线,安全消防,存在楼道安全隐患的住宅数量（栋）,夜明珠街办,33,0.1375
安全韧性底线,安全消防,存在楼道安全隐患的住宅数量（栋）,西坝街办,27,0.1125
安全韧性底线,安全消防,存在楼道安全隐患的住宅数量（栋）,伍家岗街办,26,0.1083
安全韧性底线,安全消防,存在楼道安全隐患的住宅数量（栋）,学院街办,26,0.1083
安全韧性底线,安全消防,存在楼道安全隐患的住宅数量（栋）,大公桥街办,20,0.0833
安全韧性底线,安全消防,存在楼道安全隐患的住宅数量（栋）,西陵街办,20,0.0833
安全韧性底线,安全消防,存在楼道安全隐患的住宅数量（栋）,云集街办,8,0.0333
安全韧性底线,安全消防,存在楼道安全隐患的住宅数量（栋）,南苑管理区,4,0.0167
安全韧性底线,安全消防,存在楼道安全隐患的住宅数量（栋）,宝塔河街办,4,0.0167
安全韧性底线,安全消防,存在楼道安全隐患的住宅数量（栋）,窑湾街办,1,0.0042
安全韧性底线,住房,存在结构安全隐患的住宅数量（栋）,云集街办,24,0.5714
安全韧性底线,住房,存在结构安全隐患的住宅数量（栋）,大公桥街办,9,0.2143
安全韧性底线,住房,存在结构安全隐患的住宅数量（栋）,学院街办,5,0.119
安全韧性底线,住房,存在结构安全隐患的住宅数量（栋）,宝塔河街办,2,0.0476
安全韧性底线,住房,存在结构安全隐患的住宅数量（栋）,伍家岗街办,1,0.0238
安全韧性底线,住房,存在结构安全隐患的住宅数量（栋）,万寿桥街办,1,0.0238
安全韧性底线,住房,存在围护安全隐患的住宅数量（栋）,夜明珠街办,111,0.2445
安全韧性底线,住房,存在围护安全隐患的住宅数量（栋）,葛洲坝街办,66,0.1454
安全韧性底线,住房,存在围护安全隐患的住宅数量（栋）,云集街办,50,0.1101
安全韧性底线,住房,存在围护安全隐患的住宅数量（栋）,西坝街办,48,0.1057
安全韧性底线,住房,存在围护安全隐患的住宅数量（栋）,东苑管理区,37,0.0815
安全韧性底线,住房,存在围护安全隐患的住宅数量（栋）,西陵街办,32,0.0705
安全韧性底线,住房,存在围护安全隐患的住宅数量（栋）,大公桥街办,27,0.0595
安全韧性底线,住房,存在围护安全隐患的住宅数量（栋）,宝塔河街办,25,0.0551
安全韧性底线,住房,存在围护安全隐患的住宅数量（栋）,学院街办,23,0.0507
安全韧性底线,住房,存在围护安全隐患的住宅数量（栋）,伍家岗街办,13,0.0286
安全韧性底线,住房,存在围护安全隐患的住宅数量（栋）,北苑管理区,8,0.0176
安全韧性底线,住房,存在围护安全隐患的住宅数量（栋）,窑湾街办,7,0.0154
安全韧性底线,住房,存在围护安全隐患的住宅数量（栋）,南苑管理区,4,0.0088
安全韧性底线,住房,存在围护安全隐患的住宅数量（栋）,万寿桥街办,3,0.0066
民生基础需求,公服设施,未达标配建养老服务设施的小区数量（个）,云集街办,2,1.0
民生基础需求,公服设施,未达标配建婴幼儿照护服务设施的小区数量（个）,葛洲坝街办,6,0.1765
民生基础需求,公服设施,未达标配建婴幼儿照护服务设施的小区数量（个）,西坝街办,6,0.1765
民生基础需求,公服设施,未达标配建婴幼儿照护服务设施的小区数量（个）,伍家乡,5,0.1471
民生基础需求,公服设施,未达标配建婴幼儿照护服务设施的小区数量（个）,夜明珠街办,4,0.1176
民生基础需求,公服设施,未达标配建婴幼儿照护服务设施的小区数量（个）,北苑管理区,3,0.0882
民生基础需求,公服设施,未达标配建婴幼儿照护服务设施的小区数量（个）,伍家岗街办,3,0.0882
民生基础需求,公服设施,未达标配建婴幼儿照护服务设施的小区数量（个）,南苑管理区,2,0.0588
民生基础需求,公服设施,未达标配建婴幼儿照护服务设施的小区数量（个）,学院街办,1,0.0294
民生基础需求,公服设施,未达标配建婴幼儿照护服务设施的小区数量（个）,东苑管理区,1,0.0294
民生基础需求,公服设施,未达标配建婴幼儿照护服务设施的小区数量（个）,宝塔河街办,1,0.0294
民生基础需求,公服设施,未达标配建婴幼儿照护服务设施的小区数量（个）,窑湾街办,1,0.0294
民生基础需求,公服设施,未达标配建婴幼儿照护服务设施的小区数量（个）,万寿桥街办,1,0.0294
民生基础需求,公服设施,未达标配建幼儿园的小区数量（个）,伍家岗街办,3,0.2727
民生基础需求,公服设施,未达标配建幼儿园的小区数量（个）,夜明珠街办,3,0.2727
民生基础需求,公服设施,未达标配建幼儿园的小区数量（个）,西陵街办,2,0.1818
民生基础需求,公服设施,未达标配建幼儿园的小区数量（个）,云集街办,1,0.0909
民生基础需求,公服设施,未达标配建幼儿园的小区数量（个）,学院街办,1,0.0909
民生基础需求,公服设施,未达标配建幼儿园的小区数量（个）,东苑管理区,1,0.0909
民生基础需求,公服设施,未达标配建公共活动场地的小区数量（个）,葛洲坝街办,7,0.2593
民生基础需求,公服设施,未达标配建公共活动场地的小区数量（个）,西陵街办,7,0.2593
民生基础需求,公服设施,未达标配建公共活动场地的小区数量（个）,南苑管理区,5,0.1852
民生基础需求,公服设施,未达标配建公共活动场地的小区数量（个）,云集街办,2,0.0741
民生基础需求,公服设施,未达标配建公共活动场地的小区数量（个）,夜明珠街办,2,0.0741
民生基础需求,公服设施,未达标配建公共活动场地的小区数量（个）,学院街办,2,0.0741
民生基础需求,公服设施,未达标配建公共活动场地的小区数量（个）,万寿桥街办,1,0.037
民生基础需求,公服设施,未达标配建公共活动场地的小区数量（个）,宝塔河街办,1,0.037
民生基础需求,公服设施,未达标配建的多功能运动场地数量（个）,学院街办,1,0.1667
民生基础需求,公服设施,未达标配建的多功能运动场地数量（个）,夜明珠街办,1,0.1667
民生基础需求,公服设施,未达标配建的多功能运动场地数量（个）,西陵街办,1,0.1667
民生基础需求,公服设施,未达标配建的多功能运动场地数量（个）,大公桥街办,1,0.1667
民生基础需求,公服设施,未达标配建的多功能运动场地数量（个）,东苑管理区,1,0.1667
民生基础需求,公服设施,未达标配建的多功能运动场地数量（个）,生物产业园,1,0.1667
民生基础需求,公服设施,菜市场（生鲜超市）覆盖率（%）,宝塔河街办,59,0.1398
民生基础需求,公服设施,菜市场（生鲜超市）覆盖率（%）,伍家乡,53,0.1256
民生基础需求,公服设施,菜市场（生鲜超市）覆盖率（%）,西陵街办,35,0.0829
民生基础需求,公服设施,菜市场（生鲜超市）覆盖率（%）,云集街办,35,0.0829
民生基础需求,公服设施,菜市场（生鲜超市）覆盖率（%）,学院街办,35,0.0829
民生基础需求,公服设施,菜市场（生鲜超市）覆盖率（%）,伍家岗街办,31,0.0735
民生基础需求,公服设施,菜市场（生鲜超市）覆盖率（%）,南苑管理区,29,0.0687
民生基础需求,公服设施,菜市场（生鲜超市）覆盖率（%）,西坝街办,26,0.0616
民生基础需求,公服设施,菜市场（生鲜超市）覆盖率（%）,夜明珠街办,25,0.0592
民生基础需求,公服设施,菜市场（生鲜超市）覆盖率（%）,葛洲坝街办,21,0.0498
民生基础需求,公服设施,菜市场（生鲜超市）覆盖率（%）,万寿桥街办,19,0.045
民生基础需求,公服设施,菜市场（生鲜超市）覆盖率（%）,大公桥街办,16,0.0379
民生基础需求,公服设施,菜市场（生鲜超市）覆盖率（%）,窑湾街办,15,0.0355
民生基础需求,公服设施,菜市场（生鲜超市）覆盖率（%）,东苑管理区,15,0.0355
民生基础需求,公服设施,菜市场（生鲜超市）覆盖率（%）,北苑管理区,8,0.019
民生基础需求,公服设施,小学学位缺口数（个）,伍家岗街办,6,0.1935
民生基础需求,公服设施,小学学位缺口数（个）,西陵街办,4,0.129
民生基础需求,公服设施,小学学位缺口数（个）,夜明珠街办,3,0.0968
民生基础需求,公服设施,小学学位缺口数（个）,宝塔河街办,3,0.0968
民生基础需求,公服设施,小学学位缺口数（个）,学院街办,3,0.0968
民生基础需求,公服设施,小学学位缺口数（个）,云集街办,3,0.0968
民生基础需求,公服设施,小学学位缺口数（个）,窑湾街办,2,0.0645
民生基础需求,公服设施,小学学位缺口数（个）,东苑管理区,2,0.0645
民生基础需求,公服设施,小学学位缺口数（个）,北苑管理区,1,0.0323
民生基础需求,公服设施,小学学位缺口数（个）,南苑管理区,1,0.0323
民生基础需求,公服设施,小学学位缺口数（个）,伍家乡,1,0.0323
民生基础需求,公服设施,小学学位缺口数（个）,西坝街办,1,0.0323
民生基础需求,公服设施,小学学位缺口数（个）,葛洲坝街办,1,0.0323
民生基础需求,公服设施,中学服务半径覆盖率（%）,伍家乡,100,0.1869
民生基础需求,公服设施,中学服务半径覆盖率（%）,窑湾街办,97,0.1813
民生基础需求,公服设施,中学服务半径覆盖率（%）,宝塔河街办,54,0.1009
民生基础需求,公服设施,中学服务半径覆盖率（%）,伍家岗街办,45,0.0841
民生基础需求,公服设施,中学服务半径覆盖率（%）,西陵街办,38,0.071
民生基础需求,公服设施,中学服务半径覆盖率（%）,云集街办,35,0.0654
民生基础需求,公服设施,中学服务半径覆盖率（%）,学院街办,35,0.0654
民生基础需求,公服设施,中学服务半径覆盖率（%）,夜明珠街办,28,0.0523
民生基础需求,公服设施,中学服务半径覆盖率（%）,葛洲坝街办,21,0.0393
民生基础需求,公服设施,中学服务半径覆盖率（%）,万寿桥街办,19,0.0355
民生基础需求,公服设施,中学服务半径覆盖率（%）,西坝街办,18,0.0336
民生基础需求,公服设施,中学服务半径覆盖率（%）,东苑管理区,17,0.0318
民生基础需求,公服设施,中学服务半径覆盖率（%）,大公桥街办,16,0.0299
民生基础需求,公服设施,中学服务半径覆盖率（%）,北苑管理区,8,0.015
民生基础需求,公服设施,中学服务半径覆盖率（%）,南苑管理区,4,0.0075
民生基础需求,住房,非成套住宅数量（套）,西坝街办,13,0.4194
民生基础需求,住房,非成套住宅数量（套）,夜明珠街办,10,0.3226
民生基础需求,住房,非成套住宅数量（套）,葛洲坝街办,8,0.2581
民生基础需求,住房,需要进行适老化改造的住宅数量（栋）,东苑管理区,18,0.4615
民生基础需求,住房,需要进行适老化改造的住宅数量（栋）,万寿桥街办,8,0.2051
民生基础需求,住房,需要进行适老化改造的住宅数量（栋）,夜明珠街办,3,0.0769
民生基础需求,住房,需要进行适老化改造的住宅数量（栋）,云集街办,3,0.0769
民生基础需求,住房,需要进行适老化改造的住宅数量（栋）,大公桥街办,3,0.0769
民生基础需求,住房,需要进行适老化改造的住宅数量（栋）,南苑管理区,2,0.0513
民生基础需求,住房,需要进行适老化改造的住宅数量（栋）,葛洲坝街办,2,0.0513
民生基础需求,停车设施,停车泊位缺口数（个）,西陵街办,41,0.2929
民生基础需求,停车设施,停车泊位缺口数（个）,云集街办,21,0.15
民生基础需求,停车设施,停车泊位缺口数（个）,夜明珠街办,16,0.1143
民生基础需求,停车设施,停车泊位缺口数（个）,东苑管理区,11,0.0786
民生基础需求,停车设施,停车泊位缺口数（个）,学院街办,10,0.0714
民生基础需求,停车设施,停车泊位缺口数（个）,西坝街办,9,0.0643
民生基础需求,停车设施,停车泊位缺口数（个）,大公桥街办,7,0.05
民生基础需求,停车设施,停车泊位缺口数（个）,伍家岗街办,5,0.0357
民生基础需求,停车设施,停车泊位缺口数（个）,南苑管理区,5,0.0357
民生基础需求,停车设施,停车泊位缺口数（个）,葛洲坝街办,4,0.0286
民生基础需求,停车设施,停车泊位缺口数（个）,宝塔河街办,4,0.0286
民生基础需求,停车设施,停车泊位缺口数（个）,万寿桥街办,3,0.0214
民生基础需求,停车设施,停车泊位缺口数（个）,窑湾街办,2,0.0143
民生基础需求,停车设施,停车泊位缺口数（个）,北苑管理区,2,0.0143
民生基础需求,停车设施,新能源汽车充电桩缺口数（个）,西陵街办,24,0.2857
民生基础需求,停车设施,新能源汽车充电桩缺口数（个）,云集街办,12,0.1429
民生基础需求,停车设施,新能源汽车充电桩缺口数（个）,夜明珠街办,11,0.131
民生基础需求,停车设施,新能源汽车充电桩缺口数（个）,西坝街办,10,0.119
民生基础需求,停车设施,新能源汽车充电桩缺口数（个）,学院街办,7,0.0833
民生基础需求,停车设施,新能源汽车充电桩缺口数（个）,窑湾街办,5,0.0595
民生基础需求,停车设施,新能源汽车充电桩缺口数（个）,伍家岗街办,3,0.0357
民生基础需求,停车设施,新能源汽车充电桩缺口数（个）,大公桥街办,3,0.0357
民生基础需求,停车设施,新能源汽车充电桩缺口数（个）,葛洲坝街办,3,0.0357
民生基础需求,停车设施,新能源汽车充电桩缺口数（个）,南苑管理区,2,0.0238
民生基础需求,停车设施,新能源汽车充电桩缺口数（个）,宝塔河街办,2,0.0238
民生基础需求,停车设施,新能源汽车充电桩缺口数（个）,万寿桥街办,1,0.0119
民生基础需求,停车设施,新能源汽车充电桩缺口数（个）,东苑管理区,1,0.0119
民生基础需求,停车设施,未配建电动自行车充电设施的小区数量（个）,西陵街办,15,0.3
民生基础需求,停车设施,未配建电动自行车充电设施的小区数量（个）,云集街办,13,0.26
民生基础需求,停车设施,未配建电动自行车充电设施的小区数量（个）,夜明珠街办,7,0.14
民生基础需求,停车设施,未配建电动自行车充电设施的小区数量（个）,窑湾街办,4,0.08
民生基础需求,停车设施,未配建电动自行车充电设施的小区数量（个）,大公桥街办,2,0.04
民生基础需求,停车设施,未配建电动自行车充电设施的小区数量（个）,万寿桥街办,2,0.04
民生基础需求,停车设施,未配建电动自行车充电设施的小区数量（个）,学院街办,2,0.04
民生基础需求,停车设施,未配建电动自行车充电设施的小区数量（个）,葛洲坝街办,2,0.04
民生基础需求,停车设施,未配建电动自行车充电设施的小区数量（个）,南苑管理区,2,0.04
民生基础需求,停车设施,未配建电动自行车充电设施的小区数量（个）,伍家岗街办,1,0.02
民生基础需求,交通设施,不达标的步行道长度（千米）,夜明珠街办,6,0.25
民生基础需求,交通设施,不达标的步行道长度（千米）,大公桥街办,4,0.1667
民生基础需求,交通设施,不达标的步行道长度（千米）,西陵街办,4,0.1667
民生基础需求,交通设施,不达标的步行道长度（千米）,西坝街办,3,0.125
民生基础需求,交通设施,不达标的步行道长度（千米）,东苑管理区,2,0.0833
民生基础需求,交通设施,不达标的步行道长度（千米）,伍家岗街办,2,0.0833
民生基础需求,交通设施,不达标的步行道长度（千米）,学院街办,1,0.0417
民生基础需求,交通设施,不达标的步行道长度（千米）,窑湾街办,1,0.0417
民生基础需求,交通设施,不达标的步行道长度（千米）,云集街办,1,0.0417
民生基础需求,物业街面,未实施物业管理的小区数量（个）,云集街办,52,0.1905
民生基础需求,物业街面,未实施物业管理的小区数量（个）,万寿桥街办,45,0.1648
民生基础需求,物业街面,未实施物业管理的小区数量（个）,学院街办,35,0.1282
民生基础需求,物业街面,未实施物业管理的小区数量（个）,宝塔河街办,33,0.1209
民生基础需求,物业街面,未实施物业管理的小区数量（个）,西陵街办,27,0.0989
民生基础需求,物业街面,未实施物业管理的小区数量（个）,伍家岗街办,17,0.0623
民生基础需求,物业街面,未实施物业管理的小区数量（个）,大公桥街办,15,0.0549
民生基础需求,物业街面,未实施物业管理的小区数量（个）,南苑管理区,11,0.0403
民生基础需求,物业街面,未实施物业管理的小区数量（个）,夜明珠街办,11,0.0403
民生基础需求,物业街面,未实施物业管理的小区数量（个）,西坝街办,10,0.0366
民生基础需求,物业街面,未实施物业管理的小区数量（个）,北苑管理区,8,0.0293
民生基础需求,物业街面,未实施物业管理的小区数量（个）,葛洲坝街办,5,0.0183
民生基础需求,物业街面,未实施物业管理的小区数量（个）,窑湾街办,3,0.011
民生基础需求,物业街面,未实施物业管理的小区数量（个）,东苑管理区,1,0.0037
民生基础需求,物业街面,存在乱停乱放车辆问题的道路数量（条）,伍家乡,1,0.2
民生基础需求,物业街面,存在乱停乱放车辆问题的道路数量（条）,伍家岗街办,1,0.2
民生基础需求,物业街面,存在乱停乱放车辆问题的道路数量（条）,宝塔河街办,1,0.2
民生基础需求,物业街面,存在乱停乱放车辆问题的道路数量（条）,云集街办,1,0.2
民生基础需求,物业街面,存在乱停乱放车辆问题的道路数量（条）,窑湾街办,1,0.2
