社区,排序,安全-市政管网,安全-安全消防,安全-住房,安全-交通,民生-公服设施,民生-住房,民生-环境治理,民生-停车设施,民生-交通设施,民生-城市更新,民生-物业街面,安全-市政管网%,安全-安全消防%,安全-住房%,安全-交通%,民生-公服设施%,民生-住房%,民生-环境治理%,民生-停车设施%,民生-交通设施%,民生-城市更新%,民生-物业街面%,总点数,总占比%
深圳路社区,1,18,30,30,0,8,18,0,6,2,0,1,0.68,1.14,1.14,0.0,0.3,0.68,0.0,0.23,0.08,0.0,0.04,113,4.28
西峡社区,2,15,25,42,0,6,2,0,5,0,0,2,0.57,0.95,1.59,0.0,0.23,0.08,0.0,0.19,0.0,0.0,0.08,97,3.67
镇境山社区,3,21,16,30,0,6,3,0,8,1,0,1,0.79,0.61,1.14,0.0,0.23,0.11,0.0,0.3,0.04,0.0,0.04,86,3.26
金安岭社区,3,19,14,40,0,5,0,0,5,3,0,0,0.72,0.53,1.51,0.0,0.19,0.0,0.0,0.19,0.11,0.0,0.0,86,3.26
幸福路社区,5,5,13,30,0,7,0,0,11,3,0,3,0.19,0.49,1.14,0.0,0.26,0.0,0.0,0.42,0.11,0.0,0.11,72,2.73
新隆康路社区,6,8,11,28,0,6,3,0,3,4,0,5,0.3,0.42,1.06,0.0,0.23,0.11,0.0,0.11,0.15,0.0,0.19,68,2.57
果园路社区,7,9,1,15,0,8,0,0,10,0,0,16,0.34,0.04,0.57,0.0,0.3,0.0,0.0,0.38,0.0,0.0,0.61,59,2.23
二马路社区,8,3,1,21,0,21,0,0,3,0,0,8,0.11,0.04,0.79,0.0,0.79,0.0,0.0,0.11,0.0,0.0,0.3,57,2.16
桥北社区,9,4,6,7,0,11,10,0,6,0,0,3,0.15,0.23,0.26,0.0,0.42,0.38,0.0,0.23,0.0,0.0,0.11,47,1.78
营盘路社区,11,0,0,0,0,13,0,0,23,0,0,10,0.0,0.0,0.0,0.0,0.49,0.0,0.0,0.87,0.0,0.0,0.38,46,1.74
丫口社区,11,13,7,7,0,12,2,0,1,0,0,4,0.49,0.26,0.26,0.0,0.45,0.08,0.0,0.04,0.0,0.0,0.15,46,1.74
香锦社区,11,3,0,10,0,13,0,0,14,2,0,4,0.11,0.0,0.38,0.0,0.49,0.0,0.0,0.53,0.08,0.0,0.15,46,1.74
宝联社区,13,0,0,3,0,11,0,0,0,0,0,25,0.0,0.0,0.11,0.0,0.42,0.0,0.0,0.0,0.0,0.0,0.95,39,1.48
东门外正街社区,13,0,22,0,0,5,0,0,10,0,0,2,0.0,0.83,0.0,0.0,0.19,0.0,0.0,0.38,0.0,0.0,0.08,39,1.48
绿萝路社区,15,2,13,6,0,7,0,0,8,0,0,1,0.08,0.49,0.23,0.0,0.26,0.0,0.0,0.3,0.0,0.0,0.04,37,1.4
铁路坝社区,15,0,2,2,0,13,0,0,16,1,0,3,0.0,0.08,0.08,0.0,0.49,0.0,0.0,0.61,0.04,0.0,0.11,37,1.4
镇平路社区,17,2,3,9,0,10,6,0,5,0,0,1,0.08,0.11,0.34,0.0,0.38,0.23,0.0,0.19,0.0,0.0,0.04,36,1.36
沙河社区,17,0,0,0,0,36,0,0,0,0,0,0,0.0,0.0,0.0,0.0,1.36,0.0,0.0,0.0,0.0,0.0,0.0,36,1.36
桃花岭社区,19,0,1,14,0,5,0,0,8,0,0,7,0.0,0.04,0.53,0.0,0.19,0.0,0.0,0.3,0.0,0.0,0.26,35,1.32
桔城路社区,20,6,12,2,0,8,0,0,0,2,0,4,0.23,0.45,0.08,0.0,0.3,0.0,0.0,0.0,0.08,0.0,0.15,34,1.29
环城东路社区,20,2,0,19,0,6,0,0,3,0,0,4,0.08,0.0,0.72,0.0,0.23,0.0,0.0,0.11,0.0,0.0,0.15,34,1.29
常家湾社区,23,2,0,12,0,6,1,0,10,0,0,2,0.08,0.0,0.45,0.0,0.23,0.04,0.0,0.38,0.0,0.0,0.08,33,1.25
东湖社区,23,0,6,11,0,9,7,0,0,0,0,0,0.0,0.23,0.42,0.0,0.34,0.26,0.0,0.0,0.0,0.0,0.0,33,1.25
杨岔路社区,23,1,0,2,0,12,1,0,5,0,0,12,0.04,0.0,0.08,0.0,0.45,0.04,0.0,0.19,0.0,0.0,0.45,33,1.25
王家河社区,25,0,14,3,0,8,0,0,2,0,0,4,0.0,0.53,0.11,0.0,0.3,0.0,0.0,0.08,0.0,0.0,0.15,31,1.17
刘家大堰社区,25,14,0,6,0,7,0,0,4,0,0,0,0.53,0.0,0.23,0.0,0.26,0.0,0.0,0.15,0.0,0.0,0.0,31,1.17
体育场路社区,27,0,3,1,0,12,0,0,11,0,0,2,0.0,0.11,0.04,0.0,0.45,0.0,0.0,0.42,0.0,0.0,0.08,29,1.1
赵家湾社区,28,2,1,10,0,3,0,0,7,0,0,5,0.08,0.04,0.38,0.0,0.11,0.0,0.0,0.26,0.0,0.0,0.19,28,1.06
清波路社区,29,1,4,10,0,10,0,0,1,0,0,1,0.04,0.15,0.38,0.0,0.38,0.0,0.0,0.04,0.0,0.0,0.04,27,1.02
合益路社区,29,0,0,18,0,8,0,0,1,0,0,0,0.0,0.0,0.68,0.0,0.3,0.0,0.0,0.04,0.0,0.0,0.0,27,1.02
樵湖岭社区,31,9,1,0,0,5,0,0,6,0,0,5,0.34,0.04,0.0,0.0,0.19,0.0,0.0,0.23,0.0,0.0,0.19,26,0.98
韩家坝社区,31,4,4,3,0,9,0,0,3,0,0,3,0.15,0.15,0.11,0.0,0.34,0.0,0.0,0.11,0.0,0.0,0.11,26,0.98
气象台社区,34,1,0,0,0,15,0,0,3,0,0,6,0.04,0.0,0.0,0.0,0.57,0.0,0.0,0.11,0.0,0.0,0.23,25,0.95
胜利二路社区,34,0,6,0,0,16,0,0,1,0,0,2,0.0,0.23,0.0,0.0,0.61,0.0,0.0,0.04,0.0,0.0,0.08,25,0.95
枫香树社区,34,0,0,0,0,25,0,0,0,0,0,0,0.0,0.0,0.0,0.0,0.95,0.0,0.0,0.0,0.0,0.0,0.0,25,0.95
肖家岗社区,38,0,0,14,0,5,0,0,3,1,0,1,0.0,0.0,0.53,0.0,0.19,0.0,0.0,0.11,0.04,0.0,0.04,24,0.91
旭光村,38,0,0,0,0,24,0,0,0,0,0,0,0.0,0.0,0.0,0.0,0.91,0.0,0.0,0.0,0.0,0.0,0.0,24,0.91
汕头路社区,38,4,5,5,0,9,0,0,1,0,0,0,0.15,0.19,0.19,0.0,0.34,0.0,0.0,0.04,0.0,0.0,0.0,24,0.91
尚书巷社区,38,0,2,1,0,16,0,0,0,0,0,5,0.0,0.08,0.04,0.0,0.61,0.0,0.0,0.0,0.0,0.0,0.19,24,0.91
城东社区,38,4,0,4,0,8,0,0,1,0,0,7,0.15,0.0,0.15,0.0,0.3,0.0,0.0,0.04,0.0,0.0,0.26,24,0.91
建设社区,41,0,0,0,0,14,0,0,0,0,0,9,0.0,0.0,0.0,0.0,0.53,0.0,0.0,0.0,0.0,0.0,0.34,23,0.87
花艳社区,42,0,0,0,0,21,0,0,0,0,0,1,0.0,0.0,0.0,0.0,0.79,0.0,0.0,0.0,0.0,0.0,0.04,22,0.83
夷陵路社区,42,0,0,10,0,5,0,0,2,0,0,5,0.0,0.0,0.38,0.0,0.19,0.0,0.0,0.08,0.0,0.0,0.19,22,0.83
港务社区,44,0,0,2,0,4,7,0,1,0,0,7,0.0,0.0,0.08,0.0,0.15,0.26,0.0,0.04,0.0,0.0,0.26,21,0.79
长樵溪社区,46,0,0,1,0,16,0,0,3,0,0,0,0.0,0.0,0.04,0.0,0.61,0.0,0.0,0.11,0.0,0.0,0.0,20,0.76
甲街社区,46,0,0,0,0,19,1,0,0,0,0,0,0.0,0.0,0.0,0.0,0.72,0.04,0.0,0.0,0.0,0.0,0.0,20,0.76
胜利四路社区,46,1,0,5,0,5,0,0,4,0,0,5,0.04,0.0,0.19,0.0,0.19,0.0,0.0,0.15,0.0,0.0,0.19,20,0.76
苏家榜社区,48,4,4,0,0,6,2,0,2,0,0,1,0.15,0.15,0.0,0.0,0.23,0.08,0.0,0.08,0.0,0.0,0.04,19,0.72
南苑社区,48,0,0,0,0,13,0,0,3,0,0,3,0.0,0.0,0.0,0.0,0.49,0.0,0.0,0.11,0.0,0.0,0.11,19,0.72
解放路社区,51,0,0,0,0,15,0,0,1,0,0,1,0.0,0.0,0.0,0.0,0.57,0.0,0.0,0.04,0.0,0.0,0.04,17,0.64
峡州社区,51,0,0,0,0,11,0,0,5,0,0,1,0.0,0.0,0.0,0.0,0.42,0.0,0.0,0.19,0.0,0.0,0.04,17,0.64
小林园社区,51,0,0,3,0,8,0,0,0,0,0,6,0.0,0.0,0.11,0.0,0.3,0.0,0.0,0.0,0.0,0.0,0.23,17,0.64
石子岭社区,55,4,0,2,0,7,1,0,0,0,0,2,0.15,0.0,0.08,0.0,0.26,0.04,0.0,0.0,0.0,0.0,0.08,16,0.61
山庄路社区,55,0,1,0,0,5,3,0,5,1,0,1,0.0,0.04,0.0,0.0,0.19,0.11,0.0,0.19,0.04,0.0,0.04,16,0.61
合益村,55,0,0,0,0,16,0,0,0,0,0,0,0.0,0.0,0.0,0.0,0.61,0.0,0.0,0.0,0.0,0.0,0.0,16,0.61
上导堤社区,55,0,0,0,0,10,1,0,2,1,0,2,0.0,0.0,0.0,0.0,0.38,0.04,0.0,0.08,0.04,0.0,0.08,16,0.61
张家坡社区,55,0,0,1,0,14,0,0,0,0,0,1,0.0,0.0,0.04,0.0,0.53,0.0,0.0,0.0,0.0,0.0,0.04,16,0.61
白沙路社区,55,0,0,0,0,11,0,0,1,0,0,4,0.0,0.0,0.0,0.0,0.42,0.0,0.0,0.04,0.0,0.0,0.15,16,0.61
汉宜村,60,0,0,0,0,15,0,0,0,0,0,0,0.0,0.0,0.0,0.0,0.57,0.0,0.0,0.0,0.0,0.0,0.0,15,0.57
黄河路社区,60,0,0,3,0,7,0,0,1,0,0,4,0.0,0.0,0.11,0.0,0.26,0.0,0.0,0.04,0.0,0.0,0.15,15,0.57
金斗山社区,60,0,0,0,0,15,0,0,0,0,0,0,0.0,0.0,0.0,0.0,0.57,0.0,0.0,0.0,0.0,0.0,0.0,15,0.57
土街头社区,60,0,1,8,0,4,0,0,2,0,0,0,0.0,0.04,0.3,0.0,0.15,0.0,0.0,0.08,0.0,0.0,0.0,15,0.57
船柴社区,66,0,3,0,0,10,0,0,1,0,0,0,0.0,0.11,0.0,0.0,0.38,0.0,0.0,0.04,0.0,0.0,0.0,14,0.53
共和村,66,0,0,0,0,14,0,0,0,0,0,0,0.0,0.0,0.0,0.0,0.53,0.0,0.0,0.0,0.0,0.0,0.0,14,0.53
白龙井社区,66,0,0,0,0,11,0,0,0,0,0,3,0.0,0.0,0.0,0.0,0.42,0.0,0.0,0.0,0.0,0.0,0.11,14,0.53
中书街社区,66,1,0,4,0,8,0,0,0,0,0,1,0.04,0.0,0.15,0.0,0.3,0.0,0.0,0.0,0.0,0.0,0.04,14,0.53
青岛路社区,66,0,0,1,0,10,0,0,3,0,0,0,0.0,0.0,0.04,0.0,0.38,0.0,0.0,0.11,0.0,0.0,0.0,14,0.53
珠海路社区,66,0,1,1,0,10,0,0,2,0,0,0,0.0,0.04,0.04,0.0,0.38,0.0,0.0,0.08,0.0,0.0,0.0,14,0.53
张家店社区,66,0,0,0,0,2,0,0,0,0,0,12,0.0,0.0,0.0,0.0,0.08,0.0,0.0,0.0,0.0,0.0,0.45,14,0.53
万达社区,71,0,0,0,0,8,0,0,0,0,0,5,0.0,0.0,0.0,0.0,0.3,0.0,0.0,0.0,0.0,0.0,0.19,13,0.49
白家冲社区,71,0,0,0,0,13,0,0,0,0,0,0,0.0,0.0,0.0,0.0,0.49,0.0,0.0,0.0,0.0,0.0,0.0,13,0.49
学堂湾社区,71,1,0,2,0,4,0,0,2,0,0,4,0.04,0.0,0.08,0.0,0.15,0.0,0.0,0.08,0.0,0.0,0.15,13,0.49
朝阳路社区,71,2,1,4,0,3,0,0,3,0,0,0,0.08,0.04,0.15,0.0,0.11,0.0,0.0,0.11,0.0,0.0,0.0,13,0.49
王家坝社区,75,0,0,0,0,12,0,0,0,0,0,0,0.0,0.0,0.0,0.0,0.45,0.0,0.0,0.0,0.0,0.0,0.0,12,0.45
夜明珠社区,75,0,0,4,0,6,0,0,0,0,0,2,0.0,0.0,0.15,0.0,0.23,0.0,0.0,0.0,0.0,0.0,0.08,12,0.45
茶庵社区,75,0,0,0,0,12,0,0,0,0,0,0,0.0,0.0,0.0,0.0,0.45,0.0,0.0,0.0,0.0,0.0,0.0,12,0.45
北山坡社区,75,1,2,2,0,2,0,0,4,0,0,1,0.04,0.08,0.08,0.0,0.08,0.0,0.0,0.15,0.0,0.0,0.04,12,0.45
古塔社区,82,0,0,0,0,9,0,0,2,0,0,0,0.0,0.0,0.0,0.0,0.34,0.0,0.0,0.08,0.0,0.0,0.0,11,0.42
中南路社区,82,0,0,0,0,11,0,0,0,0,0,0,0.0,0.0,0.0,0.0,0.42,0.0,0.0,0.0,0.0,0.0,0.0,11,0.42
伍临路社区,82,0,0,0,0,4,0,0,3,0,0,4,0.0,0.0,0.0,0.0,0.15,0.0,0.0,0.11,0.0,0.0,0.15,11,0.42
翁家堰社区,82,0,0,1,0,2,0,0,0,0,0,8,0.0,0.0,0.04,0.0,0.08,0.0,0.0,0.0,0.0,0.0,0.3,11,0.42
长江社区,82,2,0,1,0,5,0,0,1,0,0,2,0.08,0.0,0.04,0.0,0.19,0.0,0.0,0.04,0.0,0.0,0.08,11,0.42
望洲社区,82,0,0,0,0,8,0,0,2,1,0,0,0.0,0.0,0.0,0.0,0.3,0.0,0.0,0.08,0.04,0.0,0.0,11,0.42
英雄山社区,82,0,0,2,0,7,2,0,0,0,0,0,0.0,0.0,0.08,0.0,0.26,0.08,0.0,0.0,0.0,0.0,0.0,11,0.42
墨池巷社区,82,2,2,0,0,6,0,0,0,0,0,1,0.08,0.08,0.0,0.0,0.23,0.0,0.0,0.0,0.0,0.0,0.04,11,0.42
四方堰社区,82,0,0,2,0,2,0,0,2,1,0,4,0.0,0.0,0.08,0.0,0.08,0.0,0.0,0.08,0.04,0.0,0.15,11,0.42
东站路社区,88,0,0,0,0,10,0,0,0,0,0,0,0.0,0.0,0.0,0.0,0.38,0.0,0.0,0.0,0.0,0.0,0.0,10,0.38
张家湾社区,88,0,0,0,0,10,0,0,0,0,0,0,0.0,0.0,0.0,0.0,0.38,0.0,0.0,0.0,0.0,0.0,0.0,10,0.38
魏家湾社区,88,0,0,0,0,10,0,0,0,0,0,0,0.0,0.0,0.0,0.0,0.38,0.0,0.0,0.0,0.0,0.0,0.0,10,0.38
光明路社区,92,1,1,4,0,2,0,0,1,0,0,0,0.04,0.04,0.15,0.0,0.08,0.0,0.0,0.04,0.0,0.0,0.0,9,0.34
东山花园社区,92,0,0,0,0,7,0,0,1,0,0,1,0.0,0.0,0.0,0.0,0.26,0.0,0.0,0.04,0.0,0.0,0.04,9,0.34
大学路社区,92,1,0,0,0,2,0,0,6,0,0,0,0.04,0.0,0.0,0.0,0.08,0.0,0.0,0.23,0.0,0.0,0.0,9,0.34
大堰湾社区,92,0,0,0,0,8,0,0,0,0,0,1,0.0,0.0,0.0,0.0,0.3,0.0,0.0,0.0,0.0,0.0,0.04,9,0.34
白马山社区,92,0,0,4,0,4,0,0,1,0,0,0,0.0,0.0,0.15,0.0,0.15,0.0,0.0,0.04,0.0,0.0,0.0,9,0.34
金家台社区,95,0,1,1,0,4,0,0,0,0,0,2,0.0,0.04,0.04,0.0,0.15,0.0,0.0,0.0,0.0,0.0,0.08,8,0.3
火光村,95,0,0,0,0,8,0,0,0,0,0,0,0.0,0.0,0.0,0.0,0.3,0.0,0.0,0.0,0.0,0.0,0.0,8,0.3
环城北路社区,100,0,0,1,0,3,0,0,0,0,0,3,0.0,0.0,0.04,0.0,0.11,0.0,0.0,0.0,0.0,0.0,0.11,7,0.26
胡家冲社区,100,0,0,0,0,7,0,0,0,0,0,0,0.0,0.0,0.0,0.0,0.26,0.0,0.0,0.0,0.0,0.0,0.0,7,0.26
大树湾社区,100,0,0,0,0,7,0,0,0,0,0,0,0.0,0.0,0.0,0.0,0.26,0.0,0.0,0.0,0.0,0.0,0.0,7,0.26
共谊村,100,0,0,0,0,7,0,0,0,0,0,0,0.0,0.0,0.0,0.0,0.26,0.0,0.0,0.0,0.0,0.0,0.0,7,0.26
叶家坝社区,100,0,0,4,0,3,0,0,0,0,0,0,0.0,0.0,0.15,0.0,0.11,0.0,0.0,0.0,0.0,0.0,0.0,7,0.26
临江溪社区,100,0,0,0,0,7,0,0,0,0,0,0,0.0,0.0,0.0,0.0,0.26,0.0,0.0,0.0,0.0,0.0,0.0,7,0.26
共强村,100,0,0,0,0,7,0,0,0,0,0,0,0.0,0.0,0.0,0.0,0.26,0.0,0.0,0.0,0.0,0.0,0.0,7,0.26
八一路社区,100,0,0,1,0,6,0,0,0,0,0,0,0.0,0.0,0.04,0.0,0.23,0.0,0.0,0.0,0.0,0.0,0.0,7,0.26
东山社区,111,0,0,0,0,6,0,0,0,0,0,0,0.0,0.0,0.0,0.0,0.23,0.0,0.0,0.0,0.0,0.0,0.0,6,0.23
东艳路社区,111,0,0,4,0,2,0,0,0,0,0,0,0.0,0.0,0.15,0.0,0.08,0.0,0.0,0.0,0.0,0.0,0.0,6,0.23
艾家嘴社区,111,0,0,2,0,2,0,0,0,0,0,2,0.0,0.0,0.08,0.0,0.08,0.0,0.0,0.0,0.0,0.0,0.08,6,0.23
锦绣社区,111,0,0,0,0,6,0,0,0,0,0,0,0.0,0.0,0.0,0.0,0.23,0.0,0.0,0.0,0.0,0.0,0.0,6,0.23
李家湖社区,111,0,0,0,0,6,0,0,0,0,0,0,0.0,0.0,0.0,0.0,0.23,0.0,0.0,0.0,0.0,0.0,0.0,6,0.23
徐家坝社区,111,0,0,0,0,5,0,0,0,0,0,1,0.0,0.0,0.0,0.0,0.19,0.0,0.0,0.0,0.0,0.0,0.04,6,0.23
沈家店社区,111,0,0,0,0,6,0,0,0,0,0,0,0.0,0.0,0.0,0.0,0.23,0.0,0.0,0.0,0.0,0.0,0.0,6,0.23
江山社区,111,0,0,0,0,4,0,0,2,0,0,0,0.0,0.0,0.0,0.0,0.15,0.0,0.0,0.08,0.0,0.0,0.0,6,0.23
唐家湾社区,111,0,0,0,0,6,0,0,0,0,0,0,0.0,0.0,0.0,0.0,0.23,0.0,0.0,0.0,0.0,0.0,0.0,6,0.23
岳家冲社区,111,0,0,0,0,6,0,0,0,0,0,0,0.0,0.0,0.0,0.0,0.23,0.0,0.0,0.0,0.0,0.0,0.0,6,0.23
岳湾路社区,111,0,0,0,0,5,0,0,0,0,0,1,0.0,0.0,0.0,0.0,0.19,0.0,0.0,0.0,0.0,0.0,0.04,6,0.23
土城路社区,111,0,0,0,0,6,0,0,0,0,0,0,0.0,0.0,0.0,0.0,0.23,0.0,0.0,0.0,0.0,0.0,0.0,6,0.23
平湖馨苑社区,111,0,0,0,0,5,0,0,1,0,0,0,0.0,0.0,0.0,0.0,0.19,0.0,0.0,0.04,0.0,0.0,0.0,6,0.23
竹涛山社区,119,0,0,0,0,4,0,0,0,0,0,1,0.0,0.0,0.0,0.0,0.15,0.0,0.0,0.0,0.0,0.0,0.04,5,0.19
常刘路社区,119,0,0,0,0,3,0,0,0,1,0,1,0.0,0.0,0.0,0.0,0.11,0.0,0.0,0.0,0.04,0.0,0.04,5,0.19
石板溪社区,119,0,0,0,0,2,0,0,0,0,0,3,0.0,0.0,0.0,0.0,0.08,0.0,0.0,0.0,0.0,0.0,0.11,5,0.19
东星社区,123,0,0,0,0,4,0,0,0,0,0,0,0.0,0.0,0.0,0.0,0.15,0.0,0.0,0.0,0.0,0.0,0.0,4,0.15
共升村,123,0,0,0,0,4,0,0,0,0,0,0,0.0,0.0,0.0,0.0,0.15,0.0,0.0,0.0,0.0,0.0,0.0,4,0.15
联丰村,123,0,0,0,0,4,0,0,0,0,0,0,0.0,0.0,0.0,0.0,0.15,0.0,0.0,0.0,0.0,0.0,0.0,4,0.15
山河园路社区,123,0,0,1,0,1,0,0,1,0,0,1,0.0,0.0,0.04,0.0,0.04,0.0,0.0,0.04,0.0,0.0,0.04,4,0.15
后坪社区,123,0,0,0,0,4,0,0,0,0,0,0,0.0,0.0,0.0,0.0,0.15,0.0,0.0,0.0,0.0,0.0,0.0,4,0.15
共勤村,127,0,0,0,0,3,0,0,0,0,0,0,0.0,0.0,0.0,0.0,0.11,0.0,0.0,0.0,0.0,0.0,0.0,3,0.11
共前村,127,0,0,0,0,3,0,0,0,0,0,0,0.0,0.0,0.0,0.0,0.11,0.0,0.0,0.0,0.0,0.0,0.0,3,0.11
柏临河路社区,127,0,0,0,0,2,0,0,0,0,0,1,0.0,0.0,0.0,0.0,0.08,0.0,0.0,0.0,0.0,0.0,0.04,3,0.11
东方社区,131,0,0,0,0,2,0,0,0,0,0,0,0.0,0.0,0.0,0.0,0.08,0.0,0.0,0.0,0.0,0.0,0.0,2,0.08
三峡物流园社区,131,0,0,0,0,2,0,0,0,0,0,0,0.0,0.0,0.0,0.0,0.08,0.0,0.0,0.0,0.0,0.0,0.0,2,0.08
廖家湾社区,131,0,0,0,0,2,0,0,0,0,0,0,0.0,0.0,0.0,0.0,0.08,0.0,0.0,0.0,0.0,0.0,0.0,2,0.08
鑫鼎社区,131,0,0,0,0,2,0,0,0,0,0,0,0.0,0.0,0.0,0.0,0.08,0.0,0.0,0.0,0.0,0.0,0.0,2,0.08
白沙脑社区,131,0,0,0,0,2,0,0,0,0,0,0,0.0,0.0,0.0,0.0,0.08,0.0,0.0,0.0,0.0,0.0,0.0,2,0.08
金巴岭社区,135,0,0,0,0,1,0,0,0,0,0,0,0.0,0.0,0.0,0.0,0.04,0.0,0.0,0.0,0.0,0.0,0.0,1,0.04
土门村,135,0,0,0,0,1,0,0,0,0,0,0,0.0,0.0,0.0,0.0,0.04,0.0,0.0,0.0,0.0,0.0,0.0,1,0.04
福久源社区,135,0,0,0,0,1,0,0,0,0,0,0,0.0,0.0,0.0,0.0,0.04,0.0,0.0,0.0,0.0,0.0,0.0,1,0.04
龙盘湖社区,135,0,0,0,0,0,0,0,0,0,0,1,0.0,0.0,0.0,0.0,0.0,0.0,0.0,0.0,0.0,0.0,0.04,1,0.04
